# String Art – Pin Coordinates (mm)
# Frame diameter : 600.0 mm
# Pins           : 288
# Strings        : 12627
# Origin         : centre of circle (0, 0)
# Y-axis         : positive = up
#
# ── PIN POSITIONS ──
# pin_index, x_mm, y_mm
0, 300.00, -0.00
1, 299.14, -6.02
2, 299.14, -12.89
3, 299.14, -18.91
4, 298.28, -25.79
5, 297.42, -31.81
6, 297.42, -38.68
7, 295.70, -45.56
8, 294.84, -51.58
9, 293.98, -58.45
10, 292.26, -64.47
11, 290.54, -70.49
12, 289.68, -77.36
13, 287.97, -83.38
14, 285.39, -89.40
15, 283.67, -96.28
16, 281.09, -102.29
17, 279.37, -108.31
18, 276.79, -114.33
19, 274.21, -120.34
20, 271.63, -126.36
21, 269.05, -132.38
22, 265.62, -138.40
23, 262.18, -143.55
24, 259.60, -149.57
25, 256.16, -155.59
26, 252.72, -160.74
27, 249.28, -165.90
28, 244.99, -171.92
29, 241.55, -177.08
30, 237.25, -182.23
31, 233.81, -187.39
32, 229.51, -192.55
33, 225.21, -197.71
34, 220.92, -202.01
35, 216.62, -207.16
36, 211.46, -211.46
37, 207.16, -216.62
38, 202.01, -220.92
39, 197.71, -225.21
40, 192.55, -229.51
41, 187.39, -233.81
42, 182.23, -237.25
43, 177.08, -241.55
44, 171.92, -244.99
45, 165.90, -249.28
46, 160.74, -252.72
47, 155.59, -256.16
48, 149.57, -259.60
49, 143.55, -262.18
50, 138.40, -265.62
51, 132.38, -269.05
52, 126.36, -271.63
53, 120.34, -274.21
54, 114.33, -276.79
55, 108.31, -279.37
56, 102.29, -281.09
57, 96.28, -283.67
58, 89.40, -285.39
59, 83.38, -287.97
60, 77.36, -289.68
61, 70.49, -290.54
62, 64.47, -292.26
63, 58.45, -293.98
64, 51.58, -294.84
65, 45.56, -295.70
66, 38.68, -297.42
67, 31.81, -297.42
68, 25.79, -298.28
69, 18.91, -299.14
70, 12.89, -299.14
71, 6.02, -299.14
72, 0.00, -300.00
73, -6.88, -299.14
74, -13.75, -299.14
75, -19.77, -299.14
76, -26.65, -298.28
77, -32.66, -297.42
78, -39.54, -297.42
79, -46.42, -295.70
80, -52.44, -294.84
81, -59.31, -293.98
82, -65.33, -292.26
83, -71.35, -290.54
84, -78.22, -289.68
85, -84.24, -287.97
86, -90.26, -285.39
87, -97.13, -283.67
88, -103.15, -281.09
89, -109.17, -279.37
90, -115.19, -276.79
91, -121.20, -274.21
92, -127.22, -271.63
93, -133.24, -269.05
94, -139.26, -265.62
95, -144.41, -262.18
96, -150.43, -259.60
97, -156.45, -256.16
98, -161.60, -252.72
99, -166.76, -249.28
100, -172.78, -244.99
101, -177.94, -241.55
102, -183.09, -237.25
103, -188.25, -233.81
104, -193.41, -229.51
105, -198.57, -225.21
106, -202.87, -220.92
107, -208.02, -216.62
108, -212.32, -211.46
109, -217.48, -207.16
110, -221.78, -202.01
111, -226.07, -197.71
112, -230.37, -192.55
113, -234.67, -187.39
114, -238.11, -182.23
115, -242.41, -177.08
116, -245.85, -171.92
117, -250.14, -165.90
118, -253.58, -160.74
119, -257.02, -155.59
120, -260.46, -149.57
121, -263.04, -143.55
122, -266.48, -138.40
123, -269.91, -132.38
124, -272.49, -126.36
125, -275.07, -120.34
126, -277.65, -114.33
127, -280.23, -108.31
128, -281.95, -102.29
129, -284.53, -96.28
130, -286.25, -89.40
131, -288.83, -83.38
132, -290.54, -77.36
133, -291.40, -70.49
134, -293.12, -64.47
135, -294.84, -58.45
136, -295.70, -51.58
137, -296.56, -45.56
138, -298.28, -38.68
139, -298.28, -31.81
140, -299.14, -25.79
141, -300.00, -18.91
142, -300.00, -12.89
143, -300.00, -6.02
144, -300.00, -0.00
145, -300.00, 6.88
146, -300.00, 13.75
147, -300.00, 19.77
148, -299.14, 26.65
149, -298.28, 32.66
150, -298.28, 39.54
151, -296.56, 46.42
152, -295.70, 52.44
153, -294.84, 59.31
154, -293.12, 65.33
155, -291.40, 71.35
156, -290.54, 78.22
157, -288.83, 84.24
158, -286.25, 90.26
159, -284.53, 97.13
160, -281.95, 103.15
161, -280.23, 109.17
162, -277.65, 115.19
163, -275.07, 121.20
164, -272.49, 127.22
165, -269.91, 133.24
166, -266.48, 139.26
167, -263.04, 144.41
168, -260.46, 150.43
169, -257.02, 156.45
170, -253.58, 161.60
171, -250.14, 166.76
172, -245.85, 172.78
173, -242.41, 177.94
174, -238.11, 183.09
175, -234.67, 188.25
176, -230.37, 193.41
177, -226.07, 198.57
178, -221.78, 202.87
179, -217.48, 208.02
180, -212.32, 212.32
181, -208.02, 217.48
182, -202.87, 221.78
183, -198.57, 226.07
184, -193.41, 230.37
185, -188.25, 234.67
186, -183.09, 238.11
187, -177.94, 242.41
188, -172.78, 245.85
189, -166.76, 250.14
190, -161.60, 253.58
191, -156.45, 257.02
192, -150.43, 260.46
193, -144.41, 263.04
194, -139.26, 266.48
195, -133.24, 269.91
196, -127.22, 272.49
197, -121.20, 275.07
198, -115.19, 277.65
199, -109.17, 280.23
200, -103.15, 281.95
201, -97.13, 284.53
202, -90.26, 286.25
203, -84.24, 288.83
204, -78.22, 290.54
205, -71.35, 291.40
206, -65.33, 293.12
207, -59.31, 294.84
208, -52.44, 295.70
209, -46.42, 296.56
210, -39.54, 298.28
211, -32.66, 298.28
212, -26.65, 299.14
213, -19.77, 300.00
214, -13.75, 300.00
215, -6.88, 300.00
216, -0.86, 300.00
217, 6.02, 300.00
218, 12.89, 300.00
219, 18.91, 300.00
220, 25.79, 299.14
221, 31.81, 298.28
222, 38.68, 298.28
223, 45.56, 296.56
224, 51.58, 295.70
225, 58.45, 294.84
226, 64.47, 293.12
227, 70.49, 291.40
228, 77.36, 290.54
229, 83.38, 288.83
230, 89.40, 286.25
231, 96.28, 284.53
232, 102.29, 281.95
233, 108.31, 280.23
234, 114.33, 277.65
235, 120.34, 275.07
236, 126.36, 272.49
237, 132.38, 269.91
238, 138.40, 266.48
239, 143.55, 263.04
240, 149.57, 260.46
241, 155.59, 257.02
242, 160.74, 253.58
243, 165.90, 250.14
244, 171.92, 245.85
245, 177.08, 242.41
246, 182.23, 238.11
247, 187.39, 234.67
248, 192.55, 230.37
249, 197.71, 226.07
250, 202.01, 221.78
251, 207.16, 217.48
252, 211.46, 212.32
253, 216.62, 208.02
254, 220.92, 202.87
255, 225.21, 198.57
256, 229.51, 193.41
257, 233.81, 188.25
258, 237.25, 183.09
259, 241.55, 177.94
260, 244.99, 172.78
261, 249.28, 166.76
262, 252.72, 161.60
263, 256.16, 156.45
264, 259.60, 150.43
265, 262.18, 144.41
266, 265.62, 139.26
267, 269.05, 133.24
268, 271.63, 127.22
269, 274.21, 121.20
270, 276.79, 115.19
271, 279.37, 109.17
272, 281.09, 103.15
273, 283.67, 97.13
274, 285.39, 90.26
275, 287.97, 84.24
276, 289.68, 78.22
277, 290.54, 71.35
278, 292.26, 65.33
279, 293.98, 59.31
280, 294.84, 52.44
281, 295.70, 46.42
282, 297.42, 39.54
283, 297.42, 32.66
284, 298.28, 26.65
285, 299.14, 19.77
286, 299.14, 13.75
287, 299.14, 6.88

# ── STRING SEQUENCE (coordinates) ──
# string_no, from_pin, x_from, y_from, to_pin, x_to, y_to
1, 55, 108.31, -279.37, 207, -59.31, 294.84
2, 207, -59.31, 294.84, 56, 102.29, -281.09
3, 56, 102.29, -281.09, 209, -46.42, 296.56
4, 209, -46.42, 296.56, 57, 96.28, -283.67
5, 57, 96.28, -283.67, 210, -39.54, 298.28
6, 210, -39.54, 298.28, 61, 70.49, -290.54
7, 61, 70.49, -290.54, 216, -0.86, 300.00
8, 216, -0.86, 300.00, 60, 77.36, -289.68
9, 60, 77.36, -289.68, 214, -13.75, 300.00
10, 214, -13.75, 300.00, 59, 83.38, -287.97
11, 59, 83.38, -287.97, 213, -19.77, 300.00
12, 213, -19.77, 300.00, 62, 64.47, -292.26
13, 62, 64.47, -292.26, 208, -52.44, 295.70
14, 208, -52.44, 295.70, 61, 70.49, -290.54
15, 61, 70.49, -290.54, 206, -65.33, 293.12
16, 206, -65.33, 293.12, 55, 108.31, -279.37
17, 55, 108.31, -279.37, 205, -71.35, 291.40
18, 205, -71.35, 291.40, 58, 89.40, -285.39
19, 58, 89.40, -285.39, 215, -6.88, 300.00
20, 215, -6.88, 300.00, 62, 64.47, -292.26
21, 62, 64.47, -292.26, 218, 12.89, 300.00
22, 218, 12.89, 300.00, 60, 77.36, -289.68
23, 60, 77.36, -289.68, 217, 6.02, 300.00
24, 217, 6.02, 300.00, 65, 45.56, -295.70
25, 65, 45.56, -295.70, 221, 31.81, 298.28
26, 221, 31.81, 298.28, 63, 58.45, -293.98
27, 63, 58.45, -293.98, 211, -32.66, 298.28
28, 211, -32.66, 298.28, 58, 89.40, -285.39
29, 58, 89.40, -285.39, 216, -0.86, 300.00
30, 216, -0.86, 300.00, 63, 58.45, -293.98
31, 63, 58.45, -293.98, 218, 12.89, 300.00
32, 218, 12.89, 300.00, 59, 83.38, -287.97
33, 59, 83.38, -287.97, 219, 18.91, 300.00
34, 219, 18.91, 300.00, 62, 64.47, -292.26
35, 62, 64.47, -292.26, 209, -46.42, 296.56
36, 209, -46.42, 296.56, 60, 77.36, -289.68
37, 60, 77.36, -289.68, 211, -32.66, 298.28
38, 211, -32.66, 298.28, 66, 38.68, -297.42
39, 66, 38.68, -297.42, 220, 25.79, 299.14
40, 220, 25.79, 299.14, 64, 51.58, -294.84
41, 64, 51.58, -294.84, 223, 45.56, 296.56
42, 223, 45.56, 296.56, 67, 31.81, -297.42
43, 67, 31.81, -297.42, 213, -19.77, 300.00
44, 213, -19.77, 300.00, 61, 70.49, -290.54
45, 61, 70.49, -290.54, 222, 38.68, 298.28
46, 222, 38.68, 298.28, 64, 51.58, -294.84
47, 64, 51.58, -294.84, 210, -39.54, 298.28
48, 210, -39.54, 298.28, 65, 45.56, -295.70
49, 65, 45.56, -295.70, 16, 281.09, -102.29
50, 16, 281.09, -102.29, 224, 51.58, 295.70
51, 224, 51.58, 295.70, 61, 70.49, -290.54
52, 61, 70.49, -290.54, 212, -26.65, 299.14
53, 212, -26.65, 299.14, 63, 58.45, -293.98
54, 63, 58.45, -293.98, 214, -13.75, 300.00
55, 214, -13.75, 300.00, 64, 51.58, -294.84
56, 64, 51.58, -294.84, 228, 77.36, 290.54
57, 228, 77.36, 290.54, 69, 18.91, -299.14
58, 69, 18.91, -299.14, 220, 25.79, 299.14
59, 220, 25.79, 299.14, 59, 83.38, -287.97
60, 59, 83.38, -287.97, 217, 6.02, 300.00
61, 217, 6.02, 300.00, 51, 132.38, -269.05
62, 51, 132.38, -269.05, 200, -103.15, 281.95
63, 200, -103.15, 281.95, 50, 138.40, -265.62
64, 50, 138.40, -265.62, 199, -109.17, 280.23
65, 199, -109.17, 280.23, 52, 126.36, -271.63
66, 52, 126.36, -271.63, 198, -115.19, 277.65
67, 198, -115.19, 277.65, 54, 114.33, -276.79
68, 54, 114.33, -276.79, 203, -84.24, 288.83
69, 203, -84.24, 288.83, 60, 77.36, -289.68
70, 60, 77.36, -289.68, 207, -59.31, 294.84
71, 207, -59.31, 294.84, 57, 96.28, -283.67
72, 57, 96.28, -283.67, 224, 51.58, 295.70
73, 224, 51.58, 295.70, 71, 6.02, -299.14
74, 71, 6.02, -299.14, 225, 58.45, 294.84
75, 225, 58.45, 294.84, 60, 77.36, -289.68
76, 60, 77.36, -289.68, 215, -6.88, 300.00
77, 215, -6.88, 300.00, 168, -260.46, 150.43
78, 168, -260.46, 150.43, 66, 38.68, -297.42
79, 66, 38.68, -297.42, 212, -26.65, 299.14
80, 212, -26.65, 299.14, 59, 83.38, -287.97
81, 59, 83.38, -287.97, 227, 70.49, 291.40
82, 227, 70.49, 291.40, 66, 38.68, -297.42
83, 66, 38.68, -297.42, 216, -0.86, 300.00
84, 216, -0.86, 300.00, 57, 96.28, -283.67
85, 57, 96.28, -283.67, 213, -19.77, 300.00
86, 213, -19.77, 300.00, 66, 38.68, -297.42
87, 66, 38.68, -297.42, 226, 64.47, 293.12
88, 226, 64.47, 293.12, 68, 25.79, -298.28
89, 68, 25.79, -298.28, 222, 38.68, 298.28
90, 222, 38.68, 298.28, 57, 96.28, -283.67
91, 57, 96.28, -283.67, 196, -127.22, 272.49
92, 196, -127.22, 272.49, 152, -295.70, 52.44
93, 152, -295.70, 52.44, 53, 120.34, -274.21
94, 53, 120.34, -274.21, 202, -90.26, 286.25
95, 202, -90.26, 286.25, 54, 114.33, -276.79
96, 54, 114.33, -276.79, 204, -78.22, 290.54
97, 204, -78.22, 290.54, 60, 77.36, -289.68
98, 60, 77.36, -289.68, 236, 126.36, 272.49
99, 236, 126.36, 272.49, 85, -84.24, -287.97
100, 85, -84.24, -287.97, 234, 114.33, 277.65
101, 234, 114.33, 277.65, 58, 89.40, -285.39
102, 58, 89.40, -285.39, 208, -52.44, 295.70
103, 208, -52.44, 295.70, 56, 102.29, -281.09
104, 56, 102.29, -281.09, 206, -65.33, 293.12
105, 206, -65.33, 293.12, 59, 83.38, -287.97
106, 59, 83.38, -287.97, 201, -97.13, 284.53
107, 201, -97.13, 284.53, 53, 120.34, -274.21
108, 53, 120.34, -274.21, 228, 77.36, 290.54
109, 228, 77.36, 290.54, 65, 45.56, -295.70
110, 65, 45.56, -295.70, 219, 18.91, 300.00
111, 219, 18.91, 300.00, 60, 77.36, -289.68
112, 60, 77.36, -289.68, 221, 31.81, 298.28
113, 221, 31.81, 298.28, 70, 12.89, -299.14
114, 70, 12.89, -299.14, 230, 89.40, 286.25
115, 230, 89.40, 286.25, 55, 108.31, -279.37
116, 55, 108.31, -279.37, 221, 31.81, 298.28
117, 221, 31.81, 298.28, 62, 64.47, -292.26
118, 62, 64.47, -292.26, 217, 6.02, 300.00
119, 217, 6.02, 300.00, 63, 58.45, -293.98
120, 63, 58.45, -293.98, 246, 182.23, 238.11
121, 246, 182.23, 238.11, 62, 64.47, -292.26
122, 62, 64.47, -292.26, 211, -32.66, 298.28
123, 211, -32.66, 298.28, 277, 290.54, 71.35
124, 277, 290.54, 71.35, 65, 45.56, -295.70
125, 65, 45.56, -295.70, 162, -277.65, 115.19
126, 162, -277.65, 115.19, 208, -52.44, 295.70
127, 208, -52.44, 295.70, 59, 83.38, -287.97
128, 59, 83.38, -287.97, 157, -288.83, 84.24
129, 157, -288.83, 84.24, 243, 165.90, 250.14
130, 243, 165.90, 250.14, 25, 256.16, -155.59
131, 25, 256.16, -155.59, 244, 171.92, 245.85
132, 244, 171.92, 245.85, 60, 77.36, -289.68
133, 60, 77.36, -289.68, 226, 64.47, 293.12
134, 226, 64.47, 293.12, 52, 126.36, -271.63
135, 52, 126.36, -271.63, 219, 18.91, 300.00
136, 219, 18.91, 300.00, 61, 70.49, -290.54
137, 61, 70.49, -290.54, 215, -6.88, 300.00
138, 215, -6.88, 300.00, 51, 132.38, -269.05
139, 51, 132.38, -269.05, 131, -288.83, -83.38
140, 131, -288.83, -83.38, 54, 114.33, -276.79
141, 54, 114.33, -276.79, 220, 25.79, 299.14
142, 220, 25.79, 299.14, 57, 96.28, -283.67
143, 57, 96.28, -283.67, 241, 155.59, 257.02
144, 241, 155.59, 257.02, 64, 51.58, -294.84
145, 64, 51.58, -294.84, 205, -71.35, 291.40
146, 205, -71.35, 291.40, 142, -300.00, -12.89
147, 142, -300.00, -12.89, 212, -26.65, 299.14
148, 212, -26.65, 299.14, 58, 89.40, -285.39
149, 58, 89.40, -285.39, 22, 265.62, -138.40
150, 22, 265.62, -138.40, 54, 114.33, -276.79
151, 54, 114.33, -276.79, 199, -109.17, 280.23
152, 199, -109.17, 280.23, 58, 89.40, -285.39
153, 58, 89.40, -285.39, 203, -84.24, 288.83
154, 203, -84.24, 288.83, 55, 108.31, -279.37
155, 55, 108.31, -279.37, 225, 58.45, 294.84
156, 225, 58.45, 294.84, 69, 18.91, -299.14
157, 69, 18.91, -299.14, 218, 12.89, 300.00
158, 218, 12.89, 300.00, 74, -13.75, -299.14
159, 74, -13.75, -299.14, 232, 102.29, 281.95
160, 232, 102.29, 281.95, 81, -59.31, -293.98
161, 81, -59.31, -293.98, 227, 70.49, 291.40
162, 227, 70.49, 291.40, 75, -19.77, -299.14
163, 75, -19.77, -299.14, 3, 299.14, -18.91
164, 3, 299.14, -18.91, 53, 120.34, -274.21
165, 53, 120.34, -274.21, 219, 18.91, 300.00
166, 219, 18.91, 300.00, 64, 51.58, -294.84
167, 64, 51.58, -294.84, 216, -0.86, 300.00
168, 216, -0.86, 300.00, 72, 0.00, -300.00
169, 72, 0.00, -300.00, 222, 38.68, 298.28
170, 222, 38.68, 298.28, 60, 77.36, -289.68
171, 60, 77.36, -289.68, 199, -109.17, 280.23
172, 199, -109.17, 280.23, 53, 120.34, -274.21
173, 53, 120.34, -274.21, 224, 51.58, 295.70
174, 224, 51.58, 295.70, 67, 31.81, -297.42
175, 67, 31.81, -297.42, 219, 18.91, 300.00
176, 219, 18.91, 300.00, 70, 12.89, -299.14
177, 70, 12.89, -299.14, 232, 102.29, 281.95
178, 232, 102.29, 281.95, 19, 274.21, -120.34
179, 19, 274.21, -120.34, 240, 149.57, 260.46
180, 240, 149.57, 260.46, 180, -212.32, 212.32
181, 180, -212.32, 212.32, 20, 271.63, -126.36
182, 20, 271.63, -126.36, 234, 114.33, 277.65
183, 234, 114.33, 277.65, 83, -71.35, -290.54
184, 83, -71.35, -290.54, 200, -103.15, 281.95
185, 200, -103.15, 281.95, 52, 126.36, -271.63
186, 52, 126.36, -271.63, 22, 265.62, -138.40
187, 22, 265.62, -138.40, 266, 265.62, 139.26
188, 266, 265.62, 139.26, 214, -13.75, 300.00
189, 214, -13.75, 300.00, 56, 102.29, -281.09
190, 56, 102.29, -281.09, 197, -121.20, 275.07
191, 197, -121.20, 275.07, 55, 108.31, -279.37
192, 55, 108.31, -279.37, 223, 45.56, 296.56
193, 223, 45.56, 296.56, 60, 77.36, -289.68
194, 60, 77.36, -289.68, 220, 25.79, 299.14
195, 220, 25.79, 299.14, 62, 64.47, -292.26
196, 62, 64.47, -292.26, 239, 143.55, 263.04
197, 239, 143.55, 263.04, 87, -97.13, -283.67
198, 87, -97.13, -283.67, 243, 165.90, 250.14
199, 243, 165.90, 250.14, 24, 259.60, -149.57
200, 24, 259.60, -149.57, 242, 160.74, 253.58
201, 242, 160.74, 253.58, 58, 89.40, -285.39
202, 58, 89.40, -285.39, 206, -65.33, 293.12
203, 206, -65.33, 293.12, 60, 77.36, -289.68
204, 60, 77.36, -289.68, 213, -19.77, 300.00
205, 213, -19.77, 300.00, 51, 132.38, -269.05
206, 51, 132.38, -269.05, 225, 58.45, 294.84
207, 225, 58.45, 294.84, 52, 126.36, -271.63
208, 52, 126.36, -271.63, 209, -46.42, 296.56
209, 209, -46.42, 296.56, 61, 70.49, -290.54
210, 61, 70.49, -290.54, 218, 12.89, 300.00
211, 218, 12.89, 300.00, 161, -280.23, 109.17
212, 161, -280.23, 109.17, 68, 25.79, -298.28
213, 68, 25.79, -298.28, 48, 149.57, -259.60
214, 48, 149.57, -259.60, 181, -208.02, 217.48
215, 181, -208.02, 217.48, 217, 6.02, 300.00
216, 217, 6.02, 300.00, 73, -6.88, -299.14
217, 73, -6.88, -299.14, 227, 70.49, 291.40
218, 227, 70.49, 291.40, 52, 126.36, -271.63
219, 52, 126.36, -271.63, 201, -97.13, 284.53
220, 201, -97.13, 284.53, 56, 102.29, -281.09
221, 56, 102.29, -281.09, 194, -139.26, 266.48
222, 194, -139.26, 266.48, 243, 165.90, 250.14
223, 243, 165.90, 250.14, 285, 299.14, 19.77
224, 285, 299.14, 19.77, 163, -275.07, 121.20
225, 163, -275.07, 121.20, 275, 287.97, 84.24
226, 275, 287.97, 84.24, 159, -284.53, 97.13
227, 159, -284.53, 97.13, 270, 276.79, 115.19
228, 270, 276.79, 115.19, 21, 269.05, -132.38
229, 21, 269.05, -132.38, 244, 171.92, 245.85
230, 244, 171.92, 245.85, 267, 269.05, 133.24
231, 267, 269.05, 133.24, 163, -275.07, 121.20
232, 163, -275.07, 121.20, 277, 290.54, 71.35
233, 277, 290.54, 71.35, 241, 155.59, 257.02
234, 241, 155.59, 257.02, 158, -286.25, 90.26
235, 158, -286.25, 90.26, 271, 279.37, 109.17
236, 271, 279.37, 109.17, 247, 187.39, 234.67
237, 247, 187.39, 234.67, 272, 281.09, 103.15
238, 272, 281.09, 103.15, 176, -230.37, 193.41
239, 176, -230.37, 193.41, 154, -293.12, 65.33
240, 154, -293.12, 65.33, 240, 149.57, 260.46
241, 240, 149.57, 260.46, 268, 271.63, 127.22
242, 268, 271.63, 127.22, 160, -281.95, 103.15
243, 160, -281.95, 103.15, 273, 283.67, 97.13
244, 273, 283.67, 97.13, 239, 143.55, 263.04
245, 239, 143.55, 263.04, 164, -272.49, 127.22
246, 164, -272.49, 127.22, 282, 297.42, 39.54
247, 282, 297.42, 39.54, 162, -277.65, 115.19
248, 162, -277.65, 115.19, 207, -59.31, 294.84
249, 207, -59.31, 294.84, 279, 293.98, 59.31
250, 279, 293.98, 59.31, 192, -150.43, 260.46
251, 192, -150.43, 260.46, 165, -269.91, 133.24
252, 165, -269.91, 133.24, 219, 18.91, 300.00
253, 219, 18.91, 300.00, 5, 297.42, -31.81
254, 5, 297.42, -31.81, 156, -290.54, 78.22
255, 156, -290.54, 78.22, 179, -217.48, 208.02
256, 179, -217.48, 208.02, 153, -294.84, 59.31
257, 153, -294.84, 59.31, 287, 299.14, 6.88
258, 287, 299.14, 6.88, 198, -115.19, 277.65
259, 198, -115.19, 277.65, 152, -295.70, 52.44
260, 152, -295.70, 52.44, 266, 265.62, 139.26
261, 266, 265.62, 139.26, 188, -172.78, 245.85
262, 188, -172.78, 245.85, 159, -284.53, 97.13
263, 159, -284.53, 97.13, 276, 289.68, 78.22
264, 276, 289.68, 78.22, 157, -288.83, 84.24
265, 157, -288.83, 84.24, 264, 259.60, 150.43
266, 264, 259.60, 150.43, 161, -280.23, 109.17
267, 161, -280.23, 109.17, 280, 294.84, 52.44
268, 280, 294.84, 52.44, 166, -266.48, 139.26
269, 166, -266.48, 139.26, 278, 292.26, 65.33
270, 278, 292.26, 65.33, 139, -298.28, -31.81
271, 139, -298.28, -31.81, 164, -272.49, 127.22
272, 164, -272.49, 127.22, 286, 299.14, 13.75
273, 286, 299.14, 13.75, 154, -293.12, 65.33
274, 154, -293.12, 65.33, 236, 126.36, 272.49
275, 236, 126.36, 272.49, 273, 283.67, 97.13
276, 273, 283.67, 97.13, 150, -298.28, 39.54
277, 150, -298.28, 39.54, 272, 281.09, 103.15
278, 272, 281.09, 103.15, 167, -263.04, 144.41
279, 167, -263.04, 144.41, 269, 274.21, 121.20
280, 269, 274.21, 121.20, 169, -257.02, 156.45
281, 169, -257.02, 156.45, 256, 229.51, 193.41
282, 256, 229.51, 193.41, 170, -253.58, 161.60
283, 170, -253.58, 161.60, 251, 207.16, 217.48
284, 251, 207.16, 217.48, 149, -298.28, 32.66
285, 149, -298.28, 32.66, 171, -250.14, 166.76
286, 171, -250.14, 166.76, 79, -46.42, -295.70
287, 79, -46.42, -295.70, 164, -272.49, 127.22
288, 164, -272.49, 127.22, 1, 299.14, -6.02
289, 1, 299.14, -6.02, 37, 207.16, -216.62
290, 37, 207.16, -216.62, 273, 283.67, 97.13
291, 273, 283.67, 97.13, 230, 89.40, 286.25
292, 230, 89.40, 286.25, 156, -290.54, 78.22
293, 156, -290.54, 78.22, 198, -115.19, 277.65
294, 198, -115.19, 277.65, 251, 207.16, 217.48
295, 251, 207.16, 217.48, 155, -291.40, 71.35
296, 155, -291.40, 71.35, 272, 281.09, 103.15
297, 272, 281.09, 103.15, 157, -288.83, 84.24
298, 157, -288.83, 84.24, 262, 252.72, 161.60
299, 262, 252.72, 161.60, 161, -280.23, 109.17
300, 161, -280.23, 109.17, 285, 299.14, 19.77
301, 285, 299.14, 19.77, 150, -298.28, 39.54
302, 150, -298.28, 39.54, 252, 211.46, 212.32
303, 252, 211.46, 212.32, 167, -263.04, 144.41
304, 167, -263.04, 144.41, 200, -103.15, 281.95
305, 200, -103.15, 281.95, 276, 289.68, 78.22
306, 276, 289.68, 78.22, 166, -266.48, 139.26
307, 166, -266.48, 139.26, 283, 297.42, 32.66
308, 283, 297.42, 32.66, 153, -294.84, 59.31
309, 153, -294.84, 59.31, 0, 300.00, -0.00
310, 0, 300.00, -0.00, 155, -291.40, 71.35
311, 155, -291.40, 71.35, 262, 252.72, 161.60
312, 262, 252.72, 161.60, 193, -144.41, 263.04
313, 193, -144.41, 263.04, 139, -298.28, -31.81
314, 139, -298.28, -31.81, 168, -260.46, 150.43
315, 168, -260.46, 150.43, 208, -52.44, 295.70
316, 208, -52.44, 295.70, 265, 262.18, 144.41
317, 265, 262.18, 144.41, 8, 294.84, -51.58
318, 8, 294.84, -51.58, 221, 31.81, 298.28
319, 221, 31.81, 298.28, 193, -144.41, 263.04
320, 193, -144.41, 263.04, 159, -284.53, 97.13
321, 159, -284.53, 97.13, 281, 295.70, 46.42
322, 281, 295.70, 46.42, 165, -269.91, 133.24
323, 165, -269.91, 133.24, 271, 279.37, 109.17
324, 271, 279.37, 109.17, 167, -263.04, 144.41
325, 167, -263.04, 144.41, 284, 298.28, 26.65
326, 284, 298.28, 26.65, 164, -272.49, 127.22
327, 164, -272.49, 127.22, 253, 216.62, 208.02
328, 253, 216.62, 208.02, 275, 287.97, 84.24
329, 275, 287.97, 84.24, 166, -266.48, 139.26
330, 166, -266.48, 139.26, 197, -121.20, 275.07
331, 197, -121.20, 275.07, 220, 25.79, 299.14
332, 220, 25.79, 299.14, 255, 225.21, 198.57
333, 255, 225.21, 198.57, 20, 271.63, -126.36
334, 20, 271.63, -126.36, 277, 290.54, 71.35
335, 277, 290.54, 71.35, 153, -294.84, 59.31
336, 153, -294.84, 59.31, 284, 298.28, 26.65
337, 284, 298.28, 26.65, 264, 259.60, 150.43
338, 264, 259.60, 150.43, 202, -90.26, 286.25
339, 202, -90.26, 286.25, 273, 283.67, 97.13
340, 273, 283.67, 97.13, 149, -298.28, 32.66
341, 149, -298.28, 32.66, 195, -133.24, 269.91
342, 195, -133.24, 269.91, 231, 96.28, 284.53
343, 231, 96.28, 284.53, 12, 289.68, -77.36
344, 12, 289.68, -77.36, 280, 294.84, 52.44
345, 280, 294.84, 52.44, 258, 237.25, 183.09
346, 258, 237.25, 183.09, 146, -300.00, 13.75
347, 146, -300.00, 13.75, 268, 271.63, 127.22
348, 268, 271.63, 127.22, 168, -260.46, 150.43
349, 168, -260.46, 150.43, 245, 177.08, 242.41
350, 245, 177.08, 242.41, 281, 295.70, 46.42
351, 281, 295.70, 46.42, 188, -172.78, 245.85
352, 188, -172.78, 245.85, 148, -299.14, 26.65
353, 148, -299.14, 26.65, 270, 276.79, 115.19
354, 270, 276.79, 115.19, 158, -286.25, 90.26
355, 158, -286.25, 90.26, 211, -32.66, 298.28
356, 211, -32.66, 298.28, 244, 171.92, 245.85
357, 244, 171.92, 245.85, 279, 293.98, 59.31
358, 279, 293.98, 59.31, 163, -275.07, 121.20
359, 163, -275.07, 121.20, 0, 300.00, -0.00
360, 0, 300.00, -0.00, 205, -71.35, 291.40
361, 205, -71.35, 291.40, 152, -295.70, 52.44
362, 152, -295.70, 52.44, 264, 259.60, 150.43
363, 264, 259.60, 150.43, 19, 274.21, -120.34
364, 19, 274.21, -120.34, 285, 299.14, 19.77
365, 285, 299.14, 19.77, 190, -161.60, 253.58
366, 190, -161.60, 253.58, 142, -300.00, -12.89
367, 142, -300.00, -12.89, 243, 165.90, 250.14
368, 243, 165.90, 250.14, 191, -156.45, 257.02
369, 191, -156.45, 257.02, 276, 289.68, 78.22
370, 276, 289.68, 78.22, 161, -280.23, 109.17
371, 161, -280.23, 109.17, 181, -208.02, 217.48
372, 181, -208.02, 217.48, 158, -286.25, 90.26
373, 158, -286.25, 90.26, 138, -298.28, -38.68
374, 138, -298.28, -38.68, 169, -257.02, 156.45
375, 169, -257.02, 156.45, 203, -84.24, 288.83
376, 203, -84.24, 288.83, 141, -300.00, -18.91
377, 141, -300.00, -18.91, 274, 285.39, 90.26
378, 274, 285.39, 90.26, 179, -217.48, 208.02
379, 179, -217.48, 208.02, 241, 155.59, 257.02
380, 241, 155.59, 257.02, 73, -6.88, -299.14
381, 73, -6.88, -299.14, 40, 192.55, -229.51
382, 40, 192.55, -229.51, 154, -293.12, 65.33
383, 154, -293.12, 65.33, 287, 299.14, 6.88
384, 287, 299.14, 6.88, 151, -296.56, 46.42
385, 151, -296.56, 46.42, 286, 299.14, 13.75
386, 286, 299.14, 13.75, 140, -299.14, -25.79
387, 140, -299.14, -25.79, 285, 299.14, 19.77
388, 285, 299.14, 19.77, 208, -52.44, 295.70
389, 208, -52.44, 295.70, 262, 252.72, 161.60
390, 262, 252.72, 161.60, 151, -296.56, 46.42
391, 151, -296.56, 46.42, 214, -13.75, 300.00
392, 214, -13.75, 300.00, 155, -291.40, 71.35
393, 155, -291.40, 71.35, 282, 297.42, 39.54
394, 282, 297.42, 39.54, 34, 220.92, -202.01
395, 34, 220.92, -202.01, 274, 285.39, 90.26
396, 274, 285.39, 90.26, 168, -260.46, 150.43
397, 168, -260.46, 150.43, 279, 293.98, 59.31
398, 279, 293.98, 59.31, 154, -293.12, 65.33
399, 154, -293.12, 65.33, 283, 297.42, 32.66
400, 283, 297.42, 32.66, 165, -269.91, 133.24
401, 165, -269.91, 133.24, 66, 38.68, -297.42
402, 66, 38.68, -297.42, 2, 299.14, -12.89
403, 2, 299.14, -12.89, 255, 225.21, 198.57
404, 255, 225.21, 198.57, 173, -242.41, 177.94
405, 173, -242.41, 177.94, 257, 233.81, 188.25
406, 257, 233.81, 188.25, 142, -300.00, -12.89
407, 142, -300.00, -12.89, 189, -166.76, 250.14
408, 189, -166.76, 250.14, 140, -299.14, -25.79
409, 140, -299.14, -25.79, 162, -277.65, 115.19
410, 162, -277.65, 115.19, 266, 265.62, 139.26
411, 266, 265.62, 139.26, 173, -242.41, 177.94
412, 173, -242.41, 177.94, 285, 299.14, 19.77
413, 285, 299.14, 19.77, 223, 45.56, 296.56
414, 223, 45.56, 296.56, 162, -277.65, 115.19
415, 162, -277.65, 115.19, 252, 211.46, 212.32
416, 252, 211.46, 212.32, 275, 287.97, 84.24
417, 275, 287.97, 84.24, 167, -263.04, 144.41
418, 167, -263.04, 144.41, 196, -127.22, 272.49
419, 196, -127.22, 272.49, 282, 297.42, 39.54
420, 282, 297.42, 39.54, 149, -298.28, 32.66
421, 149, -298.28, 32.66, 287, 299.14, 6.88
422, 287, 299.14, 6.88, 155, -291.40, 71.35
423, 155, -291.40, 71.35, 264, 259.60, 150.43
424, 264, 259.60, 150.43, 239, 143.55, 263.04
425, 239, 143.55, 263.04, 265, 262.18, 144.41
426, 265, 262.18, 144.41, 94, -139.26, -265.62
427, 94, -139.26, -265.62, 258, 237.25, 183.09
428, 258, 237.25, 183.09, 179, -217.48, 208.02
429, 179, -217.48, 208.02, 229, 83.38, 288.83
430, 229, 83.38, 288.83, 276, 289.68, 78.22
431, 276, 289.68, 78.22, 148, -299.14, 26.65
432, 148, -299.14, 26.65, 280, 294.84, 52.44
433, 280, 294.84, 52.44, 156, -290.54, 78.22
434, 156, -290.54, 78.22, 183, -198.57, 226.07
435, 183, -198.57, 226.07, 218, 12.89, 300.00
436, 218, 12.89, 300.00, 148, -299.14, 26.65
437, 148, -299.14, 26.65, 171, -250.14, 166.76
438, 171, -250.14, 166.76, 197, -121.20, 275.07
439, 197, -121.20, 275.07, 251, 207.16, 217.48
440, 251, 207.16, 217.48, 286, 299.14, 13.75
441, 286, 299.14, 13.75, 262, 252.72, 161.60
442, 262, 252.72, 161.60, 59, 83.38, -287.97
443, 59, 83.38, -287.97, 209, -46.42, 296.56
444, 209, -46.42, 296.56, 160, -281.95, 103.15
445, 160, -281.95, 103.15, 279, 293.98, 59.31
446, 279, 293.98, 59.31, 169, -257.02, 156.45
447, 169, -257.02, 156.45, 194, -139.26, 266.48
448, 194, -139.26, 266.48, 273, 283.67, 97.13
449, 273, 283.67, 97.13, 11, 290.54, -70.49
450, 11, 290.54, -70.49, 270, 276.79, 115.19
451, 270, 276.79, 115.19, 225, 58.45, 294.84
452, 225, 58.45, 294.84, 202, -90.26, 286.25
453, 202, -90.26, 286.25, 282, 297.42, 39.54
454, 282, 297.42, 39.54, 233, 108.31, 280.23
455, 233, 108.31, 280.23, 177, -226.07, 198.57
456, 177, -226.07, 198.57, 221, 31.81, 298.28
457, 221, 31.81, 298.28, 257, 233.81, 188.25
458, 257, 233.81, 188.25, 174, -238.11, 183.09
459, 174, -238.11, 183.09, 234, 114.33, 277.65
460, 234, 114.33, 277.65, 151, -296.56, 46.42
461, 151, -296.56, 46.42, 274, 285.39, 90.26
462, 274, 285.39, 90.26, 164, -272.49, 127.22
463, 164, -272.49, 127.22, 281, 295.70, 46.42
464, 281, 295.70, 46.42, 147, -300.00, 19.77
465, 147, -300.00, 19.77, 286, 299.14, 13.75
466, 286, 299.14, 13.75, 252, 211.46, 212.32
467, 252, 211.46, 212.32, 152, -295.70, 52.44
468, 152, -295.70, 52.44, 278, 292.26, 65.33
469, 278, 292.26, 65.33, 200, -103.15, 281.95
470, 200, -103.15, 281.95, 159, -284.53, 97.13
471, 159, -284.53, 97.13, 269, 274.21, 121.20
472, 269, 274.21, 121.20, 189, -166.76, 250.14
473, 189, -166.76, 250.14, 241, 155.59, 257.02
474, 241, 155.59, 257.02, 270, 276.79, 115.19
475, 270, 276.79, 115.19, 153, -294.84, 59.31
476, 153, -294.84, 59.31, 1, 299.14, -6.02
477, 1, 299.14, -6.02, 165, -269.91, 133.24
478, 165, -269.91, 133.24, 277, 290.54, 71.35
479, 277, 290.54, 71.35, 173, -242.41, 177.94
480, 173, -242.41, 177.94, 151, -296.56, 46.42
481, 151, -296.56, 46.42, 193, -144.41, 263.04
482, 193, -144.41, 263.04, 169, -257.02, 156.45
483, 169, -257.02, 156.45, 195, -133.24, 269.91
484, 195, -133.24, 269.91, 2, 299.14, -12.89
485, 2, 299.14, -12.89, 212, -26.65, 299.14
486, 212, -26.65, 299.14, 168, -260.46, 150.43
487, 168, -260.46, 150.43, 219, 18.91, 300.00
488, 219, 18.91, 300.00, 259, 241.55, 177.94
489, 259, 241.55, 177.94, 185, -188.25, 234.67
490, 185, -188.25, 234.67, 231, 96.28, 284.53
491, 231, 96.28, 284.53, 260, 244.99, 172.78
492, 260, 244.99, 172.78, 221, 31.81, 298.28
493, 221, 31.81, 298.28, 190, -161.60, 253.58
494, 190, -161.60, 253.58, 138, -298.28, -38.68
495, 138, -298.28, -38.68, 267, 269.05, 133.24
496, 267, 269.05, 133.24, 194, -139.26, 266.48
497, 194, -139.26, 266.48, 275, 287.97, 84.24
498, 275, 287.97, 84.24, 156, -290.54, 78.22
499, 156, -290.54, 78.22, 284, 298.28, 26.65
500, 284, 298.28, 26.65, 143, -300.00, -6.02
501, 143, -300.00, -6.02, 202, -90.26, 286.25
502, 202, -90.26, 286.25, 283, 297.42, 32.66
503, 283, 297.42, 32.66, 144, -300.00, -0.00
504, 144, -300.00, -0.00, 250, 202.01, 221.78
505, 250, 202.01, 221.78, 29, 241.55, -177.08
506, 29, 241.55, -177.08, 286, 299.14, 13.75
507, 286, 299.14, 13.75, 249, 197.71, 226.07
508, 249, 197.71, 226.07, 140, -299.14, -25.79
509, 140, -299.14, -25.79, 189, -166.76, 250.14
510, 189, -166.76, 250.14, 261, 249.28, 166.76
511, 261, 249.28, 166.76, 287, 299.14, 6.88
512, 287, 299.14, 6.88, 148, -299.14, 26.65
513, 148, -299.14, 26.65, 264, 259.60, 150.43
514, 264, 259.60, 150.43, 166, -266.48, 139.26
515, 166, -266.48, 139.26, 272, 281.09, 103.15
516, 272, 281.09, 103.15, 190, -161.60, 253.58
517, 190, -161.60, 253.58, 273, 283.67, 97.13
518, 273, 283.67, 97.13, 165, -269.91, 133.24
519, 165, -269.91, 133.24, 286, 299.14, 13.75
520, 286, 299.14, 13.75, 170, -253.58, 161.60
521, 170, -253.58, 161.60, 247, 187.39, 234.67
522, 247, 187.39, 234.67, 278, 292.26, 65.33
523, 278, 292.26, 65.33, 155, -291.40, 71.35
524, 155, -291.40, 71.35, 2, 299.14, -12.89
525, 2, 299.14, -12.89, 140, -299.14, -25.79
526, 140, -299.14, -25.79, 280, 294.84, 52.44
527, 280, 294.84, 52.44, 257, 233.81, 188.25
528, 257, 233.81, 188.25, 232, 102.29, 281.95
529, 232, 102.29, 281.95, 172, -245.85, 172.78
530, 172, -245.85, 172.78, 18, 276.79, -114.33
531, 18, 276.79, -114.33, 241, 155.59, 257.02
532, 241, 155.59, 257.02, 187, -177.94, 242.41
533, 187, -177.94, 242.41, 247, 187.39, 234.67
534, 247, 187.39, 234.67, 22, 265.62, -138.40
535, 22, 265.62, -138.40, 168, -260.46, 150.43
536, 168, -260.46, 150.43, 209, -46.42, 296.56
537, 209, -46.42, 296.56, 280, 294.84, 52.44
538, 280, 294.84, 52.44, 147, -300.00, 19.77
539, 147, -300.00, 19.77, 251, 207.16, 217.48
540, 251, 207.16, 217.48, 276, 289.68, 78.22
541, 276, 289.68, 78.22, 206, -65.33, 293.12
542, 206, -65.33, 293.12, 2, 299.14, -12.89
543, 2, 299.14, -12.89, 257, 233.81, 188.25
544, 257, 233.81, 188.25, 180, -212.32, 212.32
545, 180, -212.32, 212.32, 211, -32.66, 298.28
546, 211, -32.66, 298.28, 263, 256.16, 156.45
547, 263, 256.16, 156.45, 222, 38.68, 298.28
548, 222, 38.68, 298.28, 270, 276.79, 115.19
549, 270, 276.79, 115.19, 157, -288.83, 84.24
550, 157, -288.83, 84.24, 282, 297.42, 39.54
551, 282, 297.42, 39.54, 163, -275.07, 121.20
552, 163, -275.07, 121.20, 268, 271.63, 127.22
553, 268, 271.63, 127.22, 219, 18.91, 300.00
554, 219, 18.91, 300.00, 157, -288.83, 84.24
555, 157, -288.83, 84.24, 206, -65.33, 293.12
556, 206, -65.33, 293.12, 12, 289.68, -77.36
557, 12, 289.68, -77.36, 279, 293.98, 59.31
558, 279, 293.98, 59.31, 146, -300.00, 13.75
559, 146, -300.00, 13.75, 18, 276.79, -114.33
560, 18, 276.79, -114.33, 239, 143.55, 263.04
561, 239, 143.55, 263.04, 145, -300.00, 6.88
562, 145, -300.00, 6.88, 54, 114.33, -276.79
563, 54, 114.33, -276.79, 229, 83.38, 288.83
564, 229, 83.38, 288.83, 78, -39.54, -297.42
565, 78, -39.54, -297.42, 224, 51.58, 295.70
566, 224, 51.58, 295.70, 58, 89.40, -285.39
567, 58, 89.40, -285.39, 210, -39.54, 298.28
568, 210, -39.54, 298.28, 66, 38.68, -297.42
569, 66, 38.68, -297.42, 221, 31.81, 298.28
570, 221, 31.81, 298.28, 56, 102.29, -281.09
571, 56, 102.29, -281.09, 217, 6.02, 300.00
572, 217, 6.02, 300.00, 64, 51.58, -294.84
573, 64, 51.58, -294.84, 209, -46.42, 296.56
574, 209, -46.42, 296.56, 54, 114.33, -276.79
575, 54, 114.33, -276.79, 222, 38.68, 298.28
576, 222, 38.68, 298.28, 172, -245.85, 172.78
577, 172, -245.85, 172.78, 147, -300.00, 19.77
578, 147, -300.00, 19.77, 203, -84.24, 288.83
579, 203, -84.24, 288.83, 179, -217.48, 208.02
580, 179, -217.48, 208.02, 228, 77.36, 290.54
581, 228, 77.36, 290.54, 82, -65.33, -292.26
582, 82, -65.33, -292.26, 230, 89.40, 286.25
583, 230, 89.40, 286.25, 69, 18.91, -299.14
584, 69, 18.91, -299.14, 30, 237.25, -182.23
585, 30, 237.25, -182.23, 267, 269.05, 133.24
586, 267, 269.05, 133.24, 213, -19.77, 300.00
587, 213, -19.77, 300.00, 46, 160.74, -252.72
588, 46, 160.74, -252.72, 214, -13.75, 300.00
589, 214, -13.75, 300.00, 58, 89.40, -285.39
590, 58, 89.40, -285.39, 207, -59.31, 294.84
591, 207, -59.31, 294.84, 65, 45.56, -295.70
592, 65, 45.56, -295.70, 220, 25.79, 299.14
593, 220, 25.79, 299.14, 63, 58.45, -293.98
594, 63, 58.45, -293.98, 210, -39.54, 298.28
595, 210, -39.54, 298.28, 44, 171.92, -244.99
596, 44, 171.92, -244.99, 211, -32.66, 298.28
597, 211, -32.66, 298.28, 61, 70.49, -290.54
598, 61, 70.49, -290.54, 254, 220.92, 202.87
599, 254, 220.92, 202.87, 31, 233.81, -187.39
600, 31, 233.81, -187.39, 188, -172.78, 245.85
601, 188, -172.78, 245.85, 255, 225.21, 198.57
602, 255, 225.21, 198.57, 165, -269.91, 133.24
603, 165, -269.91, 133.24, 247, 187.39, 234.67
604, 247, 187.39, 234.67, 278, 292.26, 65.33
605, 278, 292.26, 65.33, 161, -280.23, 109.17
606, 161, -280.23, 109.17, 284, 298.28, 26.65
607, 284, 298.28, 26.65, 168, -260.46, 150.43
608, 168, -260.46, 150.43, 241, 155.59, 257.02
609, 241, 155.59, 257.02, 190, -161.60, 253.58
610, 190, -161.60, 253.58, 153, -294.84, 59.31
611, 153, -294.84, 59.31, 175, -234.67, 188.25
612, 175, -234.67, 188.25, 284, 298.28, 26.65
613, 284, 298.28, 26.65, 198, -115.19, 277.65
614, 198, -115.19, 277.65, 277, 290.54, 71.35
615, 277, 290.54, 71.35, 156, -290.54, 78.22
616, 156, -290.54, 78.22, 0, 300.00, -0.00
617, 0, 300.00, -0.00, 151, -296.56, 46.42
618, 151, -296.56, 46.42, 241, 155.59, 257.02
619, 241, 155.59, 257.02, 210, -39.54, 298.28
620, 210, -39.54, 298.28, 140, -299.14, -25.79
621, 140, -299.14, -25.79, 282, 297.42, 39.54
622, 282, 297.42, 39.54, 152, -295.70, 52.44
623, 152, -295.70, 52.44, 209, -46.42, 296.56
624, 209, -46.42, 296.56, 181, -208.02, 217.48
625, 181, -208.02, 217.48, 240, 149.57, 260.46
626, 240, 149.57, 260.46, 279, 293.98, 59.31
627, 279, 293.98, 59.31, 248, 192.55, 230.37
628, 248, 192.55, 230.37, 199, -109.17, 280.23
629, 199, -109.17, 280.23, 144, -300.00, -0.00
630, 144, -300.00, -0.00, 285, 299.14, 19.77
631, 285, 299.14, 19.77, 265, 262.18, 144.41
632, 265, 262.18, 144.41, 141, -300.00, -18.91
633, 141, -300.00, -18.91, 281, 295.70, 46.42
634, 281, 295.70, 46.42, 239, 143.55, 263.04
635, 239, 143.55, 263.04, 264, 259.60, 150.43
636, 264, 259.60, 150.43, 98, -161.60, -252.72
637, 98, -161.60, -252.72, 261, 249.28, 166.76
638, 261, 249.28, 166.76, 18, 276.79, -114.33
639, 18, 276.79, -114.33, 264, 259.60, 150.43
640, 264, 259.60, 150.43, 169, -257.02, 156.45
641, 169, -257.02, 156.45, 271, 279.37, 109.17
642, 271, 279.37, 109.17, 148, -299.14, 26.65
643, 148, -299.14, 26.65, 282, 297.42, 39.54
644, 282, 297.42, 39.54, 254, 220.92, 202.87
645, 254, 220.92, 202.87, 145, -300.00, 6.88
646, 145, -300.00, 6.88, 280, 294.84, 52.44
647, 280, 294.84, 52.44, 154, -293.12, 65.33
648, 154, -293.12, 65.33, 269, 274.21, 121.20
649, 269, 274.21, 121.20, 12, 289.68, -77.36
650, 12, 289.68, -77.36, 203, -84.24, 288.83
651, 203, -84.24, 288.83, 274, 285.39, 90.26
652, 274, 285.39, 90.26, 157, -288.83, 84.24
653, 157, -288.83, 84.24, 185, -188.25, 234.67
654, 185, -188.25, 234.67, 142, -300.00, -12.89
655, 142, -300.00, -12.89, 258, 237.25, 183.09
656, 258, 237.25, 183.09, 185, -188.25, 234.67
657, 185, -188.25, 234.67, 111, -226.07, -197.71
658, 111, -226.07, -197.71, 257, 233.81, 188.25
659, 257, 233.81, 188.25, 199, -109.17, 280.23
660, 199, -109.17, 280.23, 140, -299.14, -25.79
661, 140, -299.14, -25.79, 197, -121.20, 275.07
662, 197, -121.20, 275.07, 246, 182.23, 238.11
663, 246, 182.23, 238.11, 57, 96.28, -283.67
664, 57, 96.28, -283.67, 233, 108.31, 280.23
665, 233, 108.31, 280.23, 84, -78.22, -289.68
666, 84, -78.22, -289.68, 232, 102.29, 281.95
667, 232, 102.29, 281.95, 198, -115.19, 277.65
668, 198, -115.19, 277.65, 55, 108.31, -279.37
669, 55, 108.31, -279.37, 215, -6.88, 300.00
670, 215, -6.88, 300.00, 0, 300.00, -0.00
671, 0, 300.00, -0.00, 267, 269.05, 133.24
672, 267, 269.05, 133.24, 215, -6.88, 300.00
673, 215, -6.88, 300.00, 163, -275.07, 121.20
674, 163, -275.07, 121.20, 223, 45.56, 296.56
675, 223, 45.56, 296.56, 56, 102.29, -281.09
676, 56, 102.29, -281.09, 249, 197.71, 226.07
677, 249, 197.71, 226.07, 208, -52.44, 295.70
678, 208, -52.44, 295.70, 264, 259.60, 150.43
679, 264, 259.60, 150.43, 164, -272.49, 127.22
680, 164, -272.49, 127.22, 275, 287.97, 84.24
681, 275, 287.97, 84.24, 160, -281.95, 103.15
682, 160, -281.95, 103.15, 265, 262.18, 144.41
683, 265, 262.18, 144.41, 11, 290.54, -70.49
684, 11, 290.54, -70.49, 199, -109.17, 280.23
685, 199, -109.17, 280.23, 259, 241.55, 177.94
686, 259, 241.55, 177.94, 286, 299.14, 13.75
687, 286, 299.14, 13.75, 150, -298.28, 39.54
688, 150, -298.28, 39.54, 283, 297.42, 32.66
689, 283, 297.42, 32.66, 219, 18.91, 300.00
690, 219, 18.91, 300.00, 15, 283.67, -96.28
691, 15, 283.67, -96.28, 142, -300.00, -12.89
692, 142, -300.00, -12.89, 14, 285.39, -89.40
693, 14, 285.39, -89.40, 143, -300.00, -6.02
694, 143, -300.00, -6.02, 0, 300.00, -0.00
695, 0, 300.00, -0.00, 154, -293.12, 65.33
696, 154, -293.12, 65.33, 192, -150.43, 260.46
697, 192, -150.43, 260.46, 140, -299.14, -25.79
698, 140, -299.14, -25.79, 1, 299.14, -6.02
699, 1, 299.14, -6.02, 167, -263.04, 144.41
700, 167, -263.04, 144.41, 267, 269.05, 133.24
701, 267, 269.05, 133.24, 3, 299.14, -18.91
702, 3, 299.14, -18.91, 195, -133.24, 269.91
703, 195, -133.24, 269.91, 264, 259.60, 150.43
704, 264, 259.60, 150.43, 14, 285.39, -89.40
705, 14, 285.39, -89.40, 231, 96.28, 284.53
706, 231, 96.28, 284.53, 276, 289.68, 78.22
707, 276, 289.68, 78.22, 163, -275.07, 121.20
708, 163, -275.07, 121.20, 280, 294.84, 52.44
709, 280, 294.84, 52.44, 159, -284.53, 97.13
710, 159, -284.53, 97.13, 287, 299.14, 6.88
711, 287, 299.14, 6.88, 142, -300.00, -12.89
712, 142, -300.00, -12.89, 15, 283.67, -96.28
713, 15, 283.67, -96.28, 145, -300.00, 6.88
714, 145, -300.00, 6.88, 251, 207.16, 217.48
715, 251, 207.16, 217.48, 182, -202.87, 221.78
716, 182, -202.87, 221.78, 140, -299.14, -25.79
717, 140, -299.14, -25.79, 162, -277.65, 115.19
718, 162, -277.65, 115.19, 254, 220.92, 202.87
719, 254, 220.92, 202.87, 280, 294.84, 52.44
720, 280, 294.84, 52.44, 199, -109.17, 280.23
721, 199, -109.17, 280.23, 172, -245.85, 172.78
722, 172, -245.85, 172.78, 253, 216.62, 208.02
723, 253, 216.62, 208.02, 221, 31.81, 298.28
724, 221, 31.81, 298.28, 260, 244.99, 172.78
725, 260, 244.99, 172.78, 188, -172.78, 245.85
726, 188, -172.78, 245.85, 242, 160.74, 253.58
727, 242, 160.74, 253.58, 177, -226.07, 198.57
728, 177, -226.07, 198.57, 220, 25.79, 299.14
729, 220, 25.79, 299.14, 259, 241.55, 177.94
730, 259, 241.55, 177.94, 186, -183.09, 238.11
731, 186, -183.09, 238.11, 232, 102.29, 281.95
732, 232, 102.29, 281.95, 256, 229.51, 193.41
733, 256, 229.51, 193.41, 171, -250.14, 166.76
734, 171, -250.14, 166.76, 219, 18.91, 300.00
735, 219, 18.91, 300.00, 270, 276.79, 115.19
736, 270, 276.79, 115.19, 164, -272.49, 127.22
737, 164, -272.49, 127.22, 36, 211.46, -211.46
738, 36, 211.46, -211.46, 279, 293.98, 59.31
739, 279, 293.98, 59.31, 155, -291.40, 71.35
740, 155, -291.40, 71.35, 276, 289.68, 78.22
741, 276, 289.68, 78.22, 168, -260.46, 150.43
742, 168, -260.46, 150.43, 287, 299.14, 6.88
743, 287, 299.14, 6.88, 150, -298.28, 39.54
744, 150, -298.28, 39.54, 284, 298.28, 26.65
745, 284, 298.28, 26.65, 145, -300.00, 6.88
746, 145, -300.00, 6.88, 213, -19.77, 300.00
747, 213, -19.77, 300.00, 246, 182.23, 238.11
748, 246, 182.23, 238.11, 278, 292.26, 65.33
749, 278, 292.26, 65.33, 167, -263.04, 144.41
750, 167, -263.04, 144.41, 273, 283.67, 97.13
751, 273, 283.67, 97.13, 157, -288.83, 84.24
752, 157, -288.83, 84.24, 8, 294.84, -51.58
753, 8, 294.84, -51.58, 158, -286.25, 90.26
754, 158, -286.25, 90.26, 269, 274.21, 121.20
755, 269, 274.21, 121.20, 179, -217.48, 208.02
756, 179, -217.48, 208.02, 139, -298.28, -31.81
757, 139, -298.28, -31.81, 260, 244.99, 172.78
758, 260, 244.99, 172.78, 190, -161.60, 253.58
759, 190, -161.60, 253.58, 49, 143.55, -262.18
760, 49, 143.55, -262.18, 222, 38.68, 298.28
761, 222, 38.68, 298.28, 58, 89.40, -285.39
762, 58, 89.40, -285.39, 217, 6.02, 300.00
763, 217, 6.02, 300.00, 66, 38.68, -297.42
764, 66, 38.68, -297.42, 229, 83.38, 288.83
765, 229, 83.38, 288.83, 83, -71.35, -290.54
766, 83, -71.35, -290.54, 228, 77.36, 290.54
767, 228, 77.36, 290.54, 72, 0.00, -300.00
768, 72, 0.00, -300.00, 220, 25.79, 299.14
769, 220, 25.79, 299.14, 75, -19.77, -299.14
770, 75, -19.77, -299.14, 225, 58.45, 294.84
771, 225, 58.45, 294.84, 57, 96.28, -283.67
772, 57, 96.28, -283.67, 11, 290.54, -70.49
773, 11, 290.54, -70.49, 51, 132.38, -269.05
774, 51, 132.38, -269.05, 196, -127.22, 272.49
775, 196, -127.22, 272.49, 254, 220.92, 202.87
776, 254, 220.92, 202.87, 210, -39.54, 298.28
777, 210, -39.54, 298.28, 45, 165.90, -249.28
778, 45, 165.90, -249.28, 212, -26.65, 299.14
779, 212, -26.65, 299.14, 60, 77.36, -289.68
780, 60, 77.36, -289.68, 205, -71.35, 291.40
781, 205, -71.35, 291.40, 54, 114.33, -276.79
782, 54, 114.33, -276.79, 241, 155.59, 257.02
783, 241, 155.59, 257.02, 89, -109.17, -279.37
784, 89, -109.17, -279.37, 245, 177.08, 242.41
785, 245, 177.08, 242.41, 22, 265.62, -138.40
786, 22, 265.62, -138.40, 143, -300.00, -6.02
787, 143, -300.00, -6.02, 16, 281.09, -102.29
788, 16, 281.09, -102.29, 142, -300.00, -12.89
789, 142, -300.00, -12.89, 284, 298.28, 26.65
790, 284, 298.28, 26.65, 31, 233.81, -187.39
791, 31, 233.81, -187.39, 66, 38.68, -297.42
792, 66, 38.68, -297.42, 270, 276.79, 115.19
793, 270, 276.79, 115.19, 5, 297.42, -31.81
794, 5, 297.42, -31.81, 199, -109.17, 280.23
795, 199, -109.17, 280.23, 146, -300.00, 13.75
796, 146, -300.00, 13.75, 245, 177.08, 242.41
797, 245, 177.08, 242.41, 153, -294.84, 59.31
798, 153, -294.84, 59.31, 281, 295.70, 46.42
799, 281, 295.70, 46.42, 241, 155.59, 257.02
800, 241, 155.59, 257.02, 188, -172.78, 245.85
801, 188, -172.78, 245.85, 259, 241.55, 177.94
802, 259, 241.55, 177.94, 155, -291.40, 71.35
803, 155, -291.40, 71.35, 283, 297.42, 32.66
804, 283, 297.42, 32.66, 163, -275.07, 121.20
805, 163, -275.07, 121.20, 274, 285.39, 90.26
806, 274, 285.39, 90.26, 34, 220.92, -202.01
807, 34, 220.92, -202.01, 287, 299.14, 6.88
808, 287, 299.14, 6.88, 170, -253.58, 161.60
809, 170, -253.58, 161.60, 266, 265.62, 139.26
810, 266, 265.62, 139.26, 242, 160.74, 253.58
811, 242, 160.74, 253.58, 178, -221.78, 202.87
812, 178, -221.78, 202.87, 275, 287.97, 84.24
813, 275, 287.97, 84.24, 169, -257.02, 156.45
814, 169, -257.02, 156.45, 281, 295.70, 46.42
815, 281, 295.70, 46.42, 149, -298.28, 32.66
816, 149, -298.28, 32.66, 206, -65.33, 293.12
817, 206, -65.33, 293.12, 0, 300.00, -0.00
818, 0, 300.00, -0.00, 176, -230.37, 193.41
819, 176, -230.37, 193.41, 201, -97.13, 284.53
820, 201, -97.13, 284.53, 269, 274.21, 121.20
821, 269, 274.21, 121.20, 247, 187.39, 234.67
822, 247, 187.39, 234.67, 212, -26.65, 299.14
823, 212, -26.65, 299.14, 11, 290.54, -70.49
824, 11, 290.54, -70.49, 259, 241.55, 177.94
825, 259, 241.55, 177.94, 26, 252.72, -160.74
826, 26, 252.72, -160.74, 147, -300.00, 19.77
827, 147, -300.00, 19.77, 248, 192.55, 230.37
828, 248, 192.55, 230.37, 271, 279.37, 109.17
829, 271, 279.37, 109.17, 28, 244.99, -171.92
830, 28, 244.99, -171.92, 144, -300.00, -0.00
831, 144, -300.00, -0.00, 238, 138.40, 266.48
832, 238, 138.40, 266.48, 17, 279.37, -108.31
833, 17, 279.37, -108.31, 233, 108.31, 280.23
834, 233, 108.31, 280.23, 76, -26.65, -298.28
835, 76, -26.65, -298.28, 222, 38.68, 298.28
836, 222, 38.68, 298.28, 65, 45.56, -295.70
837, 65, 45.56, -295.70, 218, 12.89, 300.00
838, 218, 12.89, 300.00, 51, 132.38, -269.05
839, 51, 132.38, -269.05, 19, 274.21, -120.34
840, 19, 274.21, -120.34, 221, 31.81, 298.28
841, 221, 31.81, 298.28, 59, 83.38, -287.97
842, 59, 83.38, -287.97, 244, 171.92, 245.85
843, 244, 171.92, 245.85, 56, 102.29, -281.09
844, 56, 102.29, -281.09, 30, 237.25, -182.23
845, 30, 237.25, -182.23, 80, -52.44, -294.84
846, 80, -52.44, -294.84, 230, 89.40, 286.25
847, 230, 89.40, 286.25, 17, 279.37, -108.31
848, 17, 279.37, -108.31, 237, 132.38, 269.91
849, 237, 132.38, 269.91, 78, -39.54, -297.42
850, 78, -39.54, -297.42, 256, 229.51, 193.41
851, 256, 229.51, 193.41, 184, -193.41, 230.37
852, 184, -193.41, 230.37, 261, 249.28, 166.76
853, 261, 249.28, 166.76, 234, 114.33, 277.65
854, 234, 114.33, 277.65, 191, -156.45, 257.02
855, 191, -156.45, 257.02, 102, -183.09, -237.25
856, 102, -183.09, -237.25, 191, -156.45, 257.02
857, 191, -156.45, 257.02, 144, -300.00, -0.00
858, 144, -300.00, -0.00, 286, 299.14, 13.75
859, 286, 299.14, 13.75, 253, 216.62, 208.02
860, 253, 216.62, 208.02, 167, -263.04, 144.41
861, 167, -263.04, 144.41, 277, 290.54, 71.35
862, 277, 290.54, 71.35, 162, -277.65, 115.19
863, 162, -277.65, 115.19, 281, 295.70, 46.42
864, 281, 295.70, 46.42, 146, -300.00, 13.75
865, 146, -300.00, 13.75, 265, 262.18, 144.41
866, 265, 262.18, 144.41, 106, -202.87, -220.92
867, 106, -202.87, -220.92, 268, 271.63, 127.22
868, 268, 271.63, 127.22, 155, -291.40, 71.35
869, 155, -291.40, 71.35, 217, 6.02, 300.00
870, 217, 6.02, 300.00, 189, -166.76, 250.14
871, 189, -166.76, 250.14, 148, -299.14, 26.65
872, 148, -299.14, 26.65, 180, -212.32, 212.32
873, 180, -212.32, 212.32, 247, 187.39, 234.67
874, 247, 187.39, 234.67, 52, 126.36, -271.63
875, 52, 126.36, -271.63, 194, -139.26, 266.48
876, 194, -139.26, 266.48, 50, 138.40, -265.62
877, 50, 138.40, -265.62, 198, -115.19, 277.65
878, 198, -115.19, 277.65, 60, 77.36, -289.68
879, 60, 77.36, -289.68, 200, -103.15, 281.95
880, 200, -103.15, 281.95, 54, 114.33, -276.79
881, 54, 114.33, -276.79, 247, 187.39, 234.67
882, 247, 187.39, 234.67, 63, 58.45, -293.98
883, 63, 58.45, -293.98, 215, -6.88, 300.00
884, 215, -6.88, 300.00, 48, 149.57, -259.60
885, 48, 149.57, -259.60, 16, 281.09, -102.29
886, 16, 281.09, -102.29, 176, -230.37, 193.41
887, 176, -230.37, 193.41, 232, 102.29, 281.95
888, 232, 102.29, 281.95, 66, 38.68, -297.42
889, 66, 38.68, -297.42, 282, 297.42, 39.54
890, 282, 297.42, 39.54, 262, 252.72, 161.60
891, 262, 252.72, 161.60, 214, -13.75, 300.00
892, 214, -13.75, 300.00, 53, 120.34, -274.21
893, 53, 120.34, -274.21, 195, -133.24, 269.91
894, 195, -133.24, 269.91, 58, 89.40, -285.39
895, 58, 89.40, -285.39, 229, 83.38, 288.83
896, 229, 83.38, 288.83, 18, 276.79, -114.33
897, 18, 276.79, -114.33, 181, -208.02, 217.48
898, 181, -208.02, 217.48, 231, 96.28, 284.53
899, 231, 96.28, 284.53, 73, -6.88, -299.14
900, 73, -6.88, -299.14, 223, 45.56, 296.56
901, 223, 45.56, 296.56, 80, -52.44, -294.84
902, 80, -52.44, -294.84, 227, 70.49, 291.40
903, 227, 70.49, 291.40, 63, 58.45, -293.98
904, 63, 58.45, -293.98, 223, 45.56, 296.56
905, 223, 45.56, 296.56, 52, 126.36, -271.63
906, 52, 126.36, -271.63, 202, -90.26, 286.25
907, 202, -90.26, 286.25, 55, 108.31, -279.37
908, 55, 108.31, -279.37, 245, 177.08, 242.41
909, 245, 177.08, 242.41, 26, 252.72, -160.74
910, 26, 252.72, -160.74, 149, -298.28, 32.66
911, 149, -298.28, 32.66, 250, 202.01, 221.78
912, 250, 202.01, 221.78, 104, -193.41, -229.51
913, 104, -193.41, -229.51, 19, 274.21, -120.34
914, 19, 274.21, -120.34, 225, 58.45, 294.84
915, 225, 58.45, 294.84, 269, 274.21, 121.20
916, 269, 274.21, 121.20, 22, 265.62, -138.40
917, 22, 265.62, -138.40, 273, 283.67, 97.13
918, 273, 283.67, 97.13, 30, 237.25, -182.23
919, 30, 237.25, -182.23, 268, 271.63, 127.22
920, 268, 271.63, 127.22, 190, -161.60, 253.58
921, 190, -161.60, 253.58, 227, 70.49, 291.40
922, 227, 70.49, 291.40, 165, -269.91, 133.24
923, 165, -269.91, 133.24, 280, 294.84, 52.44
924, 280, 294.84, 52.44, 248, 192.55, 230.37
925, 248, 192.55, 230.37, 150, -298.28, 39.54
926, 150, -298.28, 39.54, 192, -150.43, 260.46
927, 192, -150.43, 260.46, 226, 64.47, 293.12
928, 226, 64.47, 293.12, 264, 259.60, 150.43
929, 264, 259.60, 150.43, 208, -52.44, 295.70
930, 208, -52.44, 295.70, 139, -298.28, -31.81
931, 139, -298.28, -31.81, 244, 171.92, 245.85
932, 244, 171.92, 245.85, 50, 138.40, -265.62
933, 50, 138.40, -265.62, 90, -115.19, -276.79
934, 90, -115.19, -276.79, 240, 149.57, 260.46
935, 240, 149.57, 260.46, 204, -78.22, 290.54
936, 204, -78.22, 290.54, 267, 269.05, 133.24
937, 267, 269.05, 133.24, 4, 298.28, -25.79
938, 4, 298.28, -25.79, 252, 211.46, 212.32
939, 252, 211.46, 212.32, 223, 45.56, 296.56
940, 223, 45.56, 296.56, 5, 297.42, -31.81
941, 5, 297.42, -31.81, 183, -198.57, 226.07
942, 183, -198.57, 226.07, 250, 202.01, 221.78
943, 250, 202.01, 221.78, 25, 256.16, -155.59
944, 25, 256.16, -155.59, 144, -300.00, -0.00
945, 144, -300.00, -0.00, 15, 283.67, -96.28
946, 15, 283.67, -96.28, 141, -300.00, -18.91
947, 141, -300.00, -18.91, 286, 299.14, 13.75
948, 286, 299.14, 13.75, 145, -300.00, 6.88
949, 145, -300.00, 6.88, 64, 51.58, -294.84
950, 64, 51.58, -294.84, 275, 287.97, 84.24
951, 275, 287.97, 84.24, 158, -286.25, 90.26
952, 158, -286.25, 90.26, 285, 299.14, 19.77
953, 285, 299.14, 19.77, 149, -298.28, 32.66
954, 149, -298.28, 32.66, 251, 207.16, 217.48
955, 251, 207.16, 217.48, 281, 295.70, 46.42
956, 281, 295.70, 46.42, 168, -260.46, 150.43
957, 168, -260.46, 150.43, 271, 279.37, 109.17
958, 271, 279.37, 109.17, 160, -281.95, 103.15
959, 160, -281.95, 103.15, 283, 297.42, 32.66
960, 283, 297.42, 32.66, 168, -260.46, 150.43
961, 168, -260.46, 150.43, 275, 287.97, 84.24
962, 275, 287.97, 84.24, 192, -150.43, 260.46
963, 192, -150.43, 260.46, 212, -26.65, 299.14
964, 212, -26.65, 299.14, 148, -299.14, 26.65
965, 148, -299.14, 26.65, 23, 262.18, -143.55
966, 23, 262.18, -143.55, 142, -300.00, -12.89
967, 142, -300.00, -12.89, 13, 287.97, -83.38
968, 13, 287.97, -83.38, 140, -299.14, -25.79
969, 140, -299.14, -25.79, 204, -78.22, 290.54
970, 204, -78.22, 290.54, 265, 262.18, 144.41
971, 265, 262.18, 144.41, 4, 298.28, -25.79
972, 4, 298.28, -25.79, 156, -290.54, 78.22
973, 156, -290.54, 78.22, 203, -84.24, 288.83
974, 203, -84.24, 288.83, 95, -144.41, -262.18
975, 95, -144.41, -262.18, 179, -217.48, 208.02
976, 179, -217.48, 208.02, 204, -78.22, 290.54
977, 204, -78.22, 290.54, 236, 126.36, 272.49
978, 236, 126.36, 272.49, 162, -277.65, 115.19
979, 162, -277.65, 115.19, 261, 249.28, 166.76
980, 261, 249.28, 166.76, 149, -298.28, 32.66
981, 149, -298.28, 32.66, 189, -166.76, 250.14
982, 189, -166.76, 250.14, 255, 225.21, 198.57
983, 255, 225.21, 198.57, 187, -177.94, 242.41
984, 187, -177.94, 242.41, 259, 241.55, 177.94
985, 259, 241.55, 177.94, 33, 225.21, -197.71
986, 33, 225.21, -197.71, 257, 233.81, 188.25
987, 257, 233.81, 188.25, 32, 229.51, -192.55
988, 32, 229.51, -192.55, 260, 244.99, 172.78
989, 260, 244.99, 172.78, 186, -183.09, 238.11
990, 186, -183.09, 238.11, 250, 202.01, 221.78
991, 250, 202.01, 221.78, 144, -300.00, -0.00
992, 144, -300.00, -0.00, 17, 279.37, -108.31
993, 17, 279.37, -108.31, 55, 108.31, -279.37
994, 55, 108.31, -279.37, 192, -150.43, 260.46
995, 192, -150.43, 260.46, 255, 225.21, 198.57
996, 255, 225.21, 198.57, 279, 293.98, 59.31
997, 279, 293.98, 59.31, 166, -266.48, 139.26
998, 166, -266.48, 139.26, 285, 299.14, 19.77
999, 285, 299.14, 19.77, 184, -193.41, 230.37
1000, 184, -193.41, 230.37, 241, 155.59, 257.02
1001, 241, 155.59, 257.02, 157, -288.83, 84.24
1002, 157, -288.83, 84.24, 278, 292.26, 65.33
1003, 278, 292.26, 65.33, 163, -275.07, 121.20
1004, 163, -275.07, 121.20, 254, 220.92, 202.87
1005, 254, 220.92, 202.87, 171, -250.14, 166.76
1006, 171, -250.14, 166.76, 274, 285.39, 90.26
1007, 274, 285.39, 90.26, 159, -284.53, 97.13
1008, 159, -284.53, 97.13, 202, -90.26, 286.25
1009, 202, -90.26, 286.25, 153, -294.84, 59.31
1010, 153, -294.84, 59.31, 231, 96.28, 284.53
1011, 231, 96.28, 284.53, 189, -166.76, 250.14
1012, 189, -166.76, 250.14, 143, -300.00, -6.02
1013, 143, -300.00, -6.02, 195, -133.24, 269.91
1014, 195, -133.24, 269.91, 147, -300.00, 19.77
1015, 147, -300.00, 19.77, 272, 281.09, 103.15
1016, 272, 281.09, 103.15, 169, -257.02, 156.45
1017, 169, -257.02, 156.45, 278, 292.26, 65.33
1018, 278, 292.26, 65.33, 215, -6.88, 300.00
1019, 215, -6.88, 300.00, 157, -288.83, 84.24
1020, 157, -288.83, 84.24, 250, 202.01, 221.78
1021, 250, 202.01, 221.78, 58, 89.40, -285.39
1022, 58, 89.40, -285.39, 237, 132.38, 269.91
1023, 237, 132.38, 269.91, 85, -84.24, -287.97
1024, 85, -84.24, -287.97, 232, 102.29, 281.95
1025, 232, 102.29, 281.95, 57, 96.28, -283.67
1026, 57, 96.28, -283.67, 218, 12.89, 300.00
1027, 218, 12.89, 300.00, 54, 114.33, -276.79
1028, 54, 114.33, -276.79, 201, -97.13, 284.53
1029, 201, -97.13, 284.53, 58, 89.40, -285.39
1030, 58, 89.40, -285.39, 204, -78.22, 290.54
1031, 204, -78.22, 290.54, 56, 102.29, -281.09
1032, 56, 102.29, -281.09, 240, 149.57, 260.46
1033, 240, 149.57, 260.46, 52, 126.36, -271.63
1034, 52, 126.36, -271.63, 242, 160.74, 253.58
1035, 242, 160.74, 253.58, 176, -230.37, 193.41
1036, 176, -230.37, 193.41, 257, 233.81, 188.25
1037, 257, 233.81, 188.25, 170, -253.58, 161.60
1038, 170, -253.58, 161.60, 255, 225.21, 198.57
1039, 255, 225.21, 198.57, 171, -250.14, 166.76
1040, 171, -250.14, 166.76, 18, 276.79, -114.33
1041, 18, 276.79, -114.33, 63, 58.45, -293.98
1042, 63, 58.45, -293.98, 219, 18.91, 300.00
1043, 219, 18.91, 300.00, 47, 155.59, -256.16
1044, 47, 155.59, -256.16, 211, -32.66, 298.28
1045, 211, -32.66, 298.28, 165, -269.91, 133.24
1046, 165, -269.91, 133.24, 57, 96.28, -283.67
1047, 57, 96.28, -283.67, 208, -52.44, 295.70
1048, 208, -52.44, 295.70, 164, -272.49, 127.22
1049, 164, -272.49, 127.22, 215, -6.88, 300.00
1050, 215, -6.88, 300.00, 65, 45.56, -295.70
1051, 65, 45.56, -295.70, 225, 58.45, 294.84
1052, 225, 58.45, 294.84, 79, -46.42, -295.70
1053, 79, -46.42, -295.70, 228, 77.36, 290.54
1054, 228, 77.36, 290.54, 59, 83.38, -287.97
1055, 59, 83.38, -287.97, 210, -39.54, 298.28
1056, 210, -39.54, 298.28, 55, 108.31, -279.37
1057, 55, 108.31, -279.37, 90, -115.19, -276.79
1058, 90, -115.19, -276.79, 238, 138.40, 266.48
1059, 238, 138.40, 266.48, 174, -238.11, 183.09
1060, 174, -238.11, 183.09, 3, 299.14, -18.91
1061, 3, 299.14, -18.91, 172, -245.85, 172.78
1062, 172, -245.85, 172.78, 277, 290.54, 71.35
1063, 277, 290.54, 71.35, 31, 233.81, -187.39
1064, 31, 233.81, -187.39, 59, 83.38, -287.97
1065, 59, 83.38, -287.97, 235, 120.34, 275.07
1066, 235, 120.34, 275.07, 276, 289.68, 78.22
1067, 276, 289.68, 78.22, 209, -46.42, 296.56
1068, 209, -46.42, 296.56, 236, 126.36, 272.49
1069, 236, 126.36, 272.49, 77, -32.66, -297.42
1070, 77, -32.66, -297.42, 228, 77.36, 290.54
1071, 228, 77.36, 290.54, 54, 114.33, -276.79
1072, 54, 114.33, -276.79, 224, 51.58, 295.70
1073, 224, 51.58, 295.70, 81, -59.31, -293.98
1074, 81, -59.31, -293.98, 226, 64.47, 293.12
1075, 226, 64.47, 293.12, 70, 12.89, -299.14
1076, 70, 12.89, -299.14, 233, 108.31, 280.23
1077, 233, 108.31, 280.23, 20, 271.63, -126.36
1078, 20, 271.63, -126.36, 280, 294.84, 52.44
1079, 280, 294.84, 52.44, 247, 187.39, 234.67
1080, 247, 187.39, 234.67, 27, 249.28, -165.90
1081, 27, 249.28, -165.90, 144, -300.00, -0.00
1082, 144, -300.00, -0.00, 10, 292.26, -64.47
1083, 10, 292.26, -64.47, 262, 252.72, 161.60
1084, 262, 252.72, 161.60, 143, -300.00, -6.02
1085, 143, -300.00, -6.02, 286, 299.14, 13.75
1086, 286, 299.14, 13.75, 146, -300.00, 13.75
1087, 146, -300.00, 13.75, 40, 192.55, -229.51
1088, 40, 192.55, -229.51, 276, 289.68, 78.22
1089, 276, 289.68, 78.22, 158, -286.25, 90.26
1090, 158, -286.25, 90.26, 283, 297.42, 32.66
1091, 283, 297.42, 32.66, 161, -280.23, 109.17
1092, 161, -280.23, 109.17, 282, 297.42, 39.54
1093, 282, 297.42, 39.54, 144, -300.00, -0.00
1094, 144, -300.00, -0.00, 14, 285.39, -89.40
1095, 14, 285.39, -89.40, 162, -277.65, 115.19
1096, 162, -277.65, 115.19, 240, 149.57, 260.46
1097, 240, 149.57, 260.46, 182, -202.87, 221.78
1098, 182, -202.87, 221.78, 220, 25.79, 299.14
1099, 220, 25.79, 299.14, 162, -277.65, 115.19
1100, 162, -277.65, 115.19, 251, 207.16, 217.48
1101, 251, 207.16, 217.48, 59, 83.38, -287.97
1102, 59, 83.38, -287.97, 246, 182.23, 238.11
1103, 246, 182.23, 238.11, 53, 120.34, -274.21
1104, 53, 120.34, -274.21, 230, 89.40, 286.25
1105, 230, 89.40, 286.25, 73, -6.88, -299.14
1106, 73, -6.88, -299.14, 21, 269.05, -132.38
1107, 21, 269.05, -132.38, 56, 102.29, -281.09
1108, 56, 102.29, -281.09, 205, -71.35, 291.40
1109, 205, -71.35, 291.40, 57, 96.28, -283.67
1110, 57, 96.28, -283.67, 193, -144.41, 263.04
1111, 193, -144.41, 263.04, 104, -193.41, -229.51
1112, 104, -193.41, -229.51, 192, -150.43, 260.46
1113, 192, -150.43, 260.46, 223, 45.56, 296.56
1114, 223, 45.56, 296.56, 160, -281.95, 103.15
1115, 160, -281.95, 103.15, 221, 31.81, 298.28
1116, 221, 31.81, 298.28, 186, -183.09, 238.11
1117, 186, -183.09, 238.11, 164, -272.49, 127.22
1118, 164, -272.49, 127.22, 277, 290.54, 71.35
1119, 277, 290.54, 71.35, 210, -39.54, 298.28
1120, 210, -39.54, 298.28, 151, -296.56, 46.42
1121, 151, -296.56, 46.42, 192, -150.43, 260.46
1122, 192, -150.43, 260.46, 147, -300.00, 19.77
1123, 147, -300.00, 19.77, 19, 274.21, -120.34
1124, 19, 274.21, -120.34, 61, 70.49, -290.54
1125, 61, 70.49, -290.54, 207, -59.31, 294.84
1126, 207, -59.31, 294.84, 145, -300.00, 6.88
1127, 145, -300.00, 6.88, 59, 83.38, -287.97
1128, 59, 83.38, -287.97, 216, -0.86, 300.00
1129, 216, -0.86, 300.00, 7, 295.70, -45.56
1130, 7, 295.70, -45.56, 51, 132.38, -269.05
1131, 51, 132.38, -269.05, 195, -133.24, 269.91
1132, 195, -133.24, 269.91, 109, -217.48, -207.16
1133, 109, -217.48, -207.16, 196, -127.22, 272.49
1134, 196, -127.22, 272.49, 54, 114.33, -276.79
1135, 54, 114.33, -276.79, 220, 25.79, 299.14
1136, 220, 25.79, 299.14, 78, -39.54, -297.42
1137, 78, -39.54, -297.42, 227, 70.49, 291.40
1138, 227, 70.49, 291.40, 68, 25.79, -298.28
1139, 68, 25.79, -298.28, 216, -0.86, 300.00
1140, 216, -0.86, 300.00, 160, -281.95, 103.15
1141, 160, -281.95, 103.15, 242, 160.74, 253.58
1142, 242, 160.74, 253.58, 287, 299.14, 6.88
1143, 287, 299.14, 6.88, 195, -133.24, 269.91
1144, 195, -133.24, 269.91, 173, -242.41, 177.94
1145, 173, -242.41, 177.94, 233, 108.31, 280.23
1146, 233, 108.31, 280.23, 82, -65.33, -292.26
1147, 82, -65.33, -292.26, 227, 70.49, 291.40
1148, 227, 70.49, 291.40, 65, 45.56, -295.70
1149, 65, 45.56, -295.70, 248, 192.55, 230.37
1150, 248, 192.55, 230.37, 181, -208.02, 217.48
1151, 181, -208.02, 217.48, 246, 182.23, 238.11
1152, 246, 182.23, 238.11, 27, 249.28, -165.90
1153, 27, 249.28, -165.90, 151, -296.56, 46.42
1154, 151, -296.56, 46.42, 282, 297.42, 39.54
1155, 282, 297.42, 39.54, 170, -253.58, 161.60
1156, 170, -253.58, 161.60, 255, 225.21, 198.57
1157, 255, 225.21, 198.57, 190, -161.60, 253.58
1158, 190, -161.60, 253.58, 267, 269.05, 133.24
1159, 267, 269.05, 133.24, 169, -257.02, 156.45
1160, 169, -257.02, 156.45, 252, 211.46, 212.32
1161, 252, 211.46, 212.32, 173, -242.41, 177.94
1162, 173, -242.41, 177.94, 237, 132.38, 269.91
1163, 237, 132.38, 269.91, 210, -39.54, 298.28
1164, 210, -39.54, 298.28, 277, 290.54, 71.35
1165, 277, 290.54, 71.35, 16, 281.09, -102.29
1166, 16, 281.09, -102.29, 145, -300.00, 6.88
1167, 145, -300.00, 6.88, 1, 299.14, -6.02
1168, 1, 299.14, -6.02, 141, -300.00, -18.91
1169, 141, -300.00, -18.91, 287, 299.14, 6.88
1170, 287, 299.14, 6.88, 158, -286.25, 90.26
1171, 158, -286.25, 90.26, 273, 283.67, 97.13
1172, 273, 283.67, 97.13, 37, 207.16, -216.62
1173, 37, 207.16, -216.62, 148, -299.14, 26.65
1174, 148, -299.14, 26.65, 209, -46.42, 296.56
1175, 209, -46.42, 296.56, 150, -298.28, 39.54
1176, 150, -298.28, 39.54, 42, 182.23, -237.25
1177, 42, 182.23, -237.25, 209, -46.42, 296.56
1178, 209, -46.42, 296.56, 61, 70.49, -290.54
1179, 61, 70.49, -290.54, 203, -84.24, 288.83
1180, 203, -84.24, 288.83, 57, 96.28, -283.67
1181, 57, 96.28, -283.67, 197, -121.20, 275.07
1182, 197, -121.20, 275.07, 113, -234.67, -187.39
1183, 113, -234.67, -187.39, 15, 283.67, -96.28
1184, 15, 283.67, -96.28, 229, 83.38, 288.83
1185, 229, 83.38, 288.83, 46, 160.74, -252.72
1186, 46, 160.74, -252.72, 218, 12.89, 300.00
1187, 218, 12.89, 300.00, 64, 51.58, -294.84
1188, 64, 51.58, -294.84, 171, -250.14, 166.76
1189, 171, -250.14, 166.76, 229, 83.38, 288.83
1190, 229, 83.38, 288.83, 72, 0.00, -300.00
1191, 72, 0.00, -300.00, 167, -263.04, 144.41
1192, 167, -263.04, 144.41, 224, 51.58, 295.70
1193, 224, 51.58, 295.70, 75, -19.77, -299.14
1194, 75, -19.77, -299.14, 40, 192.55, -229.51
1195, 40, 192.55, -229.51, 235, 120.34, 275.07
1196, 235, 120.34, 275.07, 84, -78.22, -289.68
1197, 84, -78.22, -289.68, 230, 89.40, 286.25
1198, 230, 89.40, 286.25, 63, 58.45, -293.98
1199, 63, 58.45, -293.98, 218, 12.89, 300.00
1200, 218, 12.89, 300.00, 152, -295.70, 52.44
1201, 152, -295.70, 52.44, 0, 300.00, -0.00
1202, 0, 300.00, -0.00, 240, 149.57, 260.46
1203, 240, 149.57, 260.46, 285, 299.14, 19.77
1204, 285, 299.14, 19.77, 21, 269.05, -132.38
1205, 21, 269.05, -132.38, 247, 187.39, 234.67
1206, 247, 187.39, 234.67, 1, 299.14, -6.02
1207, 1, 299.14, -6.02, 165, -269.91, 133.24
1208, 165, -269.91, 133.24, 211, -32.66, 298.28
1209, 211, -32.66, 298.28, 12, 289.68, -77.36
1210, 12, 289.68, -77.36, 274, 285.39, 90.26
1211, 274, 285.39, 90.26, 193, -144.41, 263.04
1212, 193, -144.41, 263.04, 161, -280.23, 109.17
1213, 161, -280.23, 109.17, 181, -208.02, 217.48
1214, 181, -208.02, 217.48, 229, 83.38, 288.83
1215, 229, 83.38, 288.83, 8, 294.84, -51.58
1216, 8, 294.84, -51.58, 262, 252.72, 161.60
1217, 262, 252.72, 161.60, 150, -298.28, 39.54
1218, 150, -298.28, 39.54, 172, -245.85, 172.78
1219, 172, -245.85, 172.78, 279, 293.98, 59.31
1220, 279, 293.98, 59.31, 14, 285.39, -89.40
1221, 14, 285.39, -89.40, 271, 279.37, 109.17
1222, 271, 279.37, 109.17, 147, -300.00, 19.77
1223, 147, -300.00, 19.77, 192, -150.43, 260.46
1224, 192, -150.43, 260.46, 255, 225.21, 198.57
1225, 255, 225.21, 198.57, 167, -263.04, 144.41
1226, 167, -263.04, 144.41, 268, 271.63, 127.22
1227, 268, 271.63, 127.22, 214, -13.75, 300.00
1228, 214, -13.75, 300.00, 153, -294.84, 59.31
1229, 153, -294.84, 59.31, 286, 299.14, 13.75
1230, 286, 299.14, 13.75, 142, -300.00, -12.89
1231, 142, -300.00, -12.89, 24, 259.60, -149.57
1232, 24, 259.60, -149.57, 143, -300.00, -6.02
1233, 143, -300.00, -6.02, 249, 197.71, 226.07
1234, 249, 197.71, 226.07, 184, -193.41, 230.37
1235, 184, -193.41, 230.37, 255, 225.21, 198.57
1236, 255, 225.21, 198.57, 180, -212.32, 212.32
1237, 180, -212.32, 212.32, 251, 207.16, 217.48
1238, 251, 207.16, 217.48, 30, 237.25, -182.23
1239, 30, 237.25, -182.23, 254, 220.92, 202.87
1240, 254, 220.92, 202.87, 166, -266.48, 139.26
1241, 166, -266.48, 139.26, 208, -52.44, 295.70
1242, 208, -52.44, 295.70, 140, -299.14, -25.79
1243, 140, -299.14, -25.79, 263, 256.16, 156.45
1244, 263, 256.16, 156.45, 26, 252.72, -160.74
1245, 26, 252.72, -160.74, 252, 211.46, 212.32
1246, 252, 211.46, 212.32, 188, -172.78, 245.85
1247, 188, -172.78, 245.85, 249, 197.71, 226.07
1248, 249, 197.71, 226.07, 157, -288.83, 84.24
1249, 157, -288.83, 84.24, 51, 132.38, -269.05
1250, 51, 132.38, -269.05, 211, -32.66, 298.28
1251, 211, -32.66, 298.28, 266, 265.62, 139.26
1252, 266, 265.62, 139.26, 154, -293.12, 65.33
1253, 154, -293.12, 65.33, 275, 287.97, 84.24
1254, 275, 287.97, 84.24, 26, 252.72, -160.74
1255, 26, 252.72, -160.74, 5, 297.42, -31.81
1256, 5, 297.42, -31.81, 204, -78.22, 290.54
1257, 204, -78.22, 290.54, 7, 295.70, -45.56
1258, 7, 295.70, -45.56, 157, -288.83, 84.24
1259, 157, -288.83, 84.24, 185, -188.25, 234.67
1260, 185, -188.25, 234.67, 253, 216.62, 208.02
1261, 253, 216.62, 208.02, 171, -250.14, 166.76
1262, 171, -250.14, 166.76, 268, 271.63, 127.22
1263, 268, 271.63, 127.22, 159, -284.53, 97.13
1264, 159, -284.53, 97.13, 284, 298.28, 26.65
1265, 284, 298.28, 26.65, 200, -103.15, 281.95
1266, 200, -103.15, 281.95, 140, -299.14, -25.79
1267, 140, -299.14, -25.79, 62, 64.47, -292.26
1268, 62, 64.47, -292.26, 42, 182.23, -237.25
1269, 42, 182.23, -237.25, 279, 293.98, 59.31
1270, 279, 293.98, 59.31, 147, -300.00, 19.77
1271, 147, -300.00, 19.77, 23, 262.18, -143.55
1272, 23, 262.18, -143.55, 143, -300.00, -6.02
1273, 143, -300.00, -6.02, 281, 295.70, 46.42
1274, 281, 295.70, 46.42, 145, -300.00, 6.88
1275, 145, -300.00, 6.88, 285, 299.14, 19.77
1276, 285, 299.14, 19.77, 146, -300.00, 13.75
1277, 146, -300.00, 13.75, 280, 294.84, 52.44
1278, 280, 294.84, 52.44, 170, -253.58, 161.60
1279, 170, -253.58, 161.60, 203, -84.24, 288.83
1280, 203, -84.24, 288.83, 134, -293.12, -64.47
1281, 134, -293.12, -64.47, 278, 292.26, 65.33
1282, 278, 292.26, 65.33, 149, -298.28, 32.66
1283, 149, -298.28, 32.66, 205, -71.35, 291.40
1284, 205, -71.35, 291.40, 185, -188.25, 234.67
1285, 185, -188.25, 234.67, 41, 187.39, -233.81
1286, 41, 187.39, -233.81, 151, -296.56, 46.42
1287, 151, -296.56, 46.42, 252, 211.46, 212.32
1288, 252, 211.46, 212.32, 7, 295.70, -45.56
1289, 7, 295.70, -45.56, 176, -230.37, 193.41
1290, 176, -230.37, 193.41, 251, 207.16, 217.48
1291, 251, 207.16, 217.48, 185, -188.25, 234.67
1292, 185, -188.25, 234.67, 238, 138.40, 266.48
1293, 238, 138.40, 266.48, 213, -19.77, 300.00
1294, 213, -19.77, 300.00, 179, -217.48, 208.02
1295, 179, -217.48, 208.02, 246, 182.23, 238.11
1296, 246, 182.23, 238.11, 4, 298.28, -25.79
1297, 4, 298.28, -25.79, 27, 249.28, -165.90
1298, 27, 249.28, -165.90, 284, 298.28, 26.65
1299, 284, 298.28, 26.65, 172, -245.85, 172.78
1300, 172, -245.85, 172.78, 278, 292.26, 65.33
1301, 278, 292.26, 65.33, 158, -286.25, 90.26
1302, 158, -286.25, 90.26, 264, 259.60, 150.43
1303, 264, 259.60, 150.43, 226, 64.47, 293.12
1304, 226, 64.47, 293.12, 139, -298.28, -31.81
1305, 139, -298.28, -31.81, 188, -172.78, 245.85
1306, 188, -172.78, 245.85, 50, 138.40, -265.62
1307, 50, 138.40, -265.62, 21, 269.05, -132.38
1308, 21, 269.05, -132.38, 241, 155.59, 257.02
1309, 241, 155.59, 257.02, 48, 149.57, -259.60
1310, 48, 149.57, -259.60, 217, 6.02, 300.00
1311, 217, 6.02, 300.00, 256, 229.51, 193.41
1312, 256, 229.51, 193.41, 57, 96.28, -283.67
1313, 57, 96.28, -283.67, 251, 207.16, 217.48
1314, 251, 207.16, 217.48, 174, -238.11, 183.09
1315, 174, -238.11, 183.09, 256, 229.51, 193.41
1316, 256, 229.51, 193.41, 235, 120.34, 275.07
1317, 235, 120.34, 275.07, 255, 225.21, 198.57
1318, 255, 225.21, 198.57, 278, 292.26, 65.33
1319, 278, 292.26, 65.33, 168, -260.46, 150.43
1320, 168, -260.46, 150.43, 5, 297.42, -31.81
1321, 5, 297.42, -31.81, 38, 202.01, -220.92
1322, 38, 202.01, -220.92, 3, 299.14, -18.91
1323, 3, 299.14, -18.91, 158, -286.25, 90.26
1324, 158, -286.25, 90.26, 202, -90.26, 286.25
1325, 202, -90.26, 286.25, 3, 299.14, -18.91
1326, 3, 299.14, -18.91, 223, 45.56, 296.56
1327, 223, 45.56, 296.56, 190, -161.60, 253.58
1328, 190, -161.60, 253.58, 263, 256.16, 156.45
1329, 263, 256.16, 156.45, 161, -280.23, 109.17
1330, 161, -280.23, 109.17, 273, 283.67, 97.13
1331, 273, 283.67, 97.13, 163, -275.07, 121.20
1332, 163, -275.07, 121.20, 262, 252.72, 161.60
1333, 262, 252.72, 161.60, 195, -133.24, 269.91
1334, 195, -133.24, 269.91, 108, -212.32, -211.46
1335, 108, -212.32, -211.46, 194, -139.26, 266.48
1336, 194, -139.26, 266.48, 284, 298.28, 26.65
1337, 284, 298.28, 26.65, 22, 265.62, -138.40
1338, 22, 265.62, -138.40, 101, -177.94, -241.55
1339, 101, -177.94, -241.55, 173, -242.41, 177.94
1340, 173, -242.41, 177.94, 272, 281.09, 103.15
1341, 272, 281.09, 103.15, 164, -272.49, 127.22
1342, 164, -272.49, 127.22, 16, 281.09, -102.29
1343, 16, 281.09, -102.29, 57, 96.28, -283.67
1344, 57, 96.28, -283.67, 221, 31.81, 298.28
1345, 221, 31.81, 298.28, 55, 108.31, -279.37
1346, 55, 108.31, -279.37, 212, -26.65, 299.14
1347, 212, -26.65, 299.14, 148, -299.14, 26.65
1348, 148, -299.14, 26.65, 251, 207.16, 217.48
1349, 251, 207.16, 217.48, 185, -188.25, 234.67
1350, 185, -188.25, 234.67, 241, 155.59, 257.02
1351, 241, 155.59, 257.02, 202, -90.26, 286.25
1352, 202, -90.26, 286.25, 58, 89.40, -285.39
1353, 58, 89.40, -285.39, 200, -103.15, 281.95
1354, 200, -103.15, 281.95, 127, -280.23, -108.31
1355, 127, -280.23, -108.31, 39, 197.71, -225.21
1356, 39, 197.71, -225.21, 238, 138.40, 266.48
1357, 238, 138.40, 266.48, 13, 287.97, -83.38
1358, 13, 287.97, -83.38, 54, 114.33, -276.79
1359, 54, 114.33, -276.79, 16, 281.09, -102.29
1360, 16, 281.09, -102.29, 226, 64.47, 293.12
1361, 226, 64.47, 293.12, 76, -26.65, -298.28
1362, 76, -26.65, -298.28, 221, 31.81, 298.28
1363, 221, 31.81, 298.28, 15, 283.67, -96.28
1364, 15, 283.67, -96.28, 143, -300.00, -6.02
1365, 143, -300.00, -6.02, 18, 276.79, -114.33
1366, 18, 276.79, -114.33, 228, 77.36, 290.54
1367, 228, 77.36, 290.54, 45, 165.90, -249.28
1368, 45, 165.90, -249.28, 147, -300.00, 19.77
1369, 147, -300.00, 19.77, 18, 276.79, -114.33
1370, 18, 276.79, -114.33, 60, 77.36, -289.68
1371, 60, 77.36, -289.68, 203, -84.24, 288.83
1372, 203, -84.24, 288.83, 224, 51.58, 295.70
1373, 224, 51.58, 295.70, 202, -90.26, 286.25
1374, 202, -90.26, 286.25, 176, -230.37, 193.41
1375, 176, -230.37, 193.41, 234, 114.33, 277.65
1376, 234, 114.33, 277.65, 171, -250.14, 166.76
1377, 171, -250.14, 166.76, 148, -299.14, 26.65
1378, 148, -299.14, 26.65, 210, -39.54, 298.28
1379, 210, -39.54, 298.28, 272, 281.09, 103.15
1380, 272, 281.09, 103.15, 156, -290.54, 78.22
1381, 156, -290.54, 78.22, 1, 299.14, -6.02
1382, 1, 299.14, -6.02, 150, -298.28, 39.54
1383, 150, -298.28, 39.54, 24, 259.60, -149.57
1384, 24, 259.60, -149.57, 251, 207.16, 217.48
1385, 251, 207.16, 217.48, 147, -300.00, 19.77
1386, 147, -300.00, 19.77, 185, -188.25, 234.67
1387, 185, -188.25, 234.67, 247, 187.39, 234.67
1388, 247, 187.39, 234.67, 182, -202.87, 221.78
1389, 182, -202.87, 221.78, 242, 160.74, 253.58
1390, 242, 160.74, 253.58, 87, -97.13, -283.67
1391, 87, -97.13, -283.67, 237, 132.38, 269.91
1392, 237, 132.38, 269.91, 53, 120.34, -274.21
1393, 53, 120.34, -274.21, 203, -84.24, 288.83
1394, 203, -84.24, 288.83, 79, -46.42, -295.70
1395, 79, -46.42, -295.70, 223, 45.56, 296.56
1396, 223, 45.56, 296.56, 70, 12.89, -299.14
1397, 70, 12.89, -299.14, 215, -6.88, 300.00
1398, 215, -6.88, 300.00, 56, 102.29, -281.09
1399, 56, 102.29, -281.09, 234, 114.33, 277.65
1400, 234, 114.33, 277.65, 78, -39.54, -297.42
1401, 78, -39.54, -297.42, 226, 64.47, 293.12
1402, 226, 64.47, 293.12, 59, 83.38, -287.97
1403, 59, 83.38, -287.97, 209, -46.42, 296.56
1404, 209, -46.42, 296.56, 65, 45.56, -295.70
1405, 65, 45.56, -295.70, 256, 229.51, 193.41
1406, 256, 229.51, 193.41, 30, 237.25, -182.23
1407, 30, 237.25, -182.23, 145, -300.00, 6.88
1408, 145, -300.00, 6.88, 266, 265.62, 139.26
1409, 266, 265.62, 139.26, 35, 216.62, -207.16
1410, 35, 216.62, -207.16, 147, -300.00, 19.77
1411, 147, -300.00, 19.77, 273, 283.67, 97.13
1412, 273, 283.67, 97.13, 35, 216.62, -207.16
1413, 35, 216.62, -207.16, 163, -275.07, 121.20
1414, 163, -275.07, 121.20, 281, 295.70, 46.42
1415, 281, 295.70, 46.42, 167, -263.04, 144.41
1416, 167, -263.04, 144.41, 266, 265.62, 139.26
1417, 266, 265.62, 139.26, 29, 241.55, -177.08
1418, 29, 241.55, -177.08, 145, -300.00, 6.88
1419, 145, -300.00, 6.88, 229, 83.38, 288.83
1420, 229, 83.38, 288.83, 144, -300.00, -0.00
1421, 144, -300.00, -0.00, 22, 265.62, -138.40
1422, 22, 265.62, -138.40, 239, 143.55, 263.04
1423, 239, 143.55, 263.04, 47, 155.59, -256.16
1424, 47, 155.59, -256.16, 213, -19.77, 300.00
1425, 213, -19.77, 300.00, 52, 126.36, -271.63
1426, 52, 126.36, -271.63, 248, 192.55, 230.37
1427, 248, 192.55, 230.37, 144, -300.00, -0.00
1428, 144, -300.00, -0.00, 193, -144.41, 263.04
1429, 193, -144.41, 263.04, 267, 269.05, 133.24
1430, 267, 269.05, 133.24, 178, -221.78, 202.87
1431, 178, -221.78, 202.87, 243, 165.90, 250.14
1432, 243, 165.90, 250.14, 83, -71.35, -290.54
1433, 83, -71.35, -290.54, 46, 160.74, -252.72
1434, 46, 160.74, -252.72, 244, 171.92, 245.85
1435, 244, 171.92, 245.85, 186, -183.09, 238.11
1436, 186, -183.09, 238.11, 149, -298.28, 32.66
1437, 149, -298.28, 32.66, 245, 177.08, 242.41
1438, 245, 177.08, 242.41, 88, -103.15, -281.09
1439, 88, -103.15, -281.09, 240, 149.57, 260.46
1440, 240, 149.57, 260.46, 53, 120.34, -274.21
1441, 53, 120.34, -274.21, 222, 38.68, 298.28
1442, 222, 38.68, 298.28, 80, -52.44, -294.84
1443, 80, -52.44, -294.84, 235, 120.34, 275.07
1444, 235, 120.34, 275.07, 13, 287.97, -83.38
1445, 13, 287.97, -83.38, 233, 108.31, 280.23
1446, 233, 108.31, 280.23, 59, 83.38, -287.97
1447, 59, 83.38, -287.97, 211, -32.66, 298.28
1448, 211, -32.66, 298.28, 285, 299.14, 19.77
1449, 285, 299.14, 19.77, 252, 211.46, 212.32
1450, 252, 211.46, 212.32, 183, -198.57, 226.07
1451, 183, -198.57, 226.07, 257, 233.81, 188.25
1452, 257, 233.81, 188.25, 193, -144.41, 263.04
1453, 193, -144.41, 263.04, 116, -245.85, -171.92
1454, 116, -245.85, -171.92, 49, 143.55, -262.18
1455, 49, 143.55, -262.18, 21, 269.05, -132.38
1456, 21, 269.05, -132.38, 243, 165.90, 250.14
1457, 243, 165.90, 250.14, 212, -26.65, 299.14
1458, 212, -26.65, 299.14, 233, 108.31, 280.23
1459, 233, 108.31, 280.23, 277, 290.54, 71.35
1460, 277, 290.54, 71.35, 159, -284.53, 97.13
1461, 159, -284.53, 97.13, 253, 216.62, 208.02
1462, 253, 216.62, 208.02, 28, 244.99, -171.92
1463, 28, 244.99, -171.92, 146, -300.00, 13.75
1464, 146, -300.00, 13.75, 250, 202.01, 221.78
1465, 250, 202.01, 221.78, 163, -275.07, 121.20
1466, 163, -275.07, 121.20, 286, 299.14, 13.75
1467, 286, 299.14, 13.75, 38, 202.01, -220.92
1468, 38, 202.01, -220.92, 197, -121.20, 275.07
1469, 197, -121.20, 275.07, 217, 6.02, 300.00
1470, 217, 6.02, 300.00, 5, 297.42, -31.81
1471, 5, 297.42, -31.81, 262, 252.72, 161.60
1472, 262, 252.72, 161.60, 2, 299.14, -12.89
1473, 2, 299.14, -12.89, 154, -293.12, 65.33
1474, 154, -293.12, 65.33, 282, 297.42, 39.54
1475, 282, 297.42, 39.54, 207, -59.31, 294.84
1476, 207, -59.31, 294.84, 165, -269.91, 133.24
1477, 165, -269.91, 133.24, 276, 289.68, 78.22
1478, 276, 289.68, 78.22, 33, 225.21, -197.71
1479, 33, 225.21, -197.71, 264, 259.60, 150.43
1480, 264, 259.60, 150.43, 191, -156.45, 257.02
1481, 191, -156.45, 257.02, 153, -294.84, 59.31
1482, 153, -294.84, 59.31, 43, 177.08, -241.55
1483, 43, 177.08, -241.55, 152, -295.70, 52.44
1484, 152, -295.70, 52.44, 283, 297.42, 32.66
1485, 283, 297.42, 32.66, 149, -298.28, 32.66
1486, 149, -298.28, 32.66, 200, -103.15, 281.95
1487, 200, -103.15, 281.95, 143, -300.00, -6.02
1488, 143, -300.00, -6.02, 264, 259.60, 150.43
1489, 264, 259.60, 150.43, 19, 274.21, -120.34
1490, 19, 274.21, -120.34, 148, -299.14, 26.65
1491, 148, -299.14, 26.65, 48, 149.57, -259.60
1492, 48, 149.57, -259.60, 220, 25.79, 299.14
1493, 220, 25.79, 299.14, 61, 70.49, -290.54
1494, 61, 70.49, -290.54, 225, 58.45, 294.84
1495, 225, 58.45, 294.84, 74, -13.75, -299.14
1496, 74, -13.75, -299.14, 229, 83.38, 288.83
1497, 229, 83.38, 288.83, 261, 249.28, 166.76
1498, 261, 249.28, 166.76, 85, -84.24, -287.97
1499, 85, -84.24, -287.97, 243, 165.90, 250.14
1500, 243, 165.90, 250.14, 20, 271.63, -126.36
1501, 20, 271.63, -126.36, 181, -208.02, 217.48
1502, 181, -208.02, 217.48, 272, 281.09, 103.15
1503, 272, 281.09, 103.15, 196, -127.22, 272.49
1504, 196, -127.22, 272.49, 164, -272.49, 127.22
1505, 164, -272.49, 127.22, 190, -161.60, 253.58
1506, 190, -161.60, 253.58, 248, 192.55, 230.37
1507, 248, 192.55, 230.37, 191, -156.45, 257.02
1508, 191, -156.45, 257.02, 254, 220.92, 202.87
1509, 254, 220.92, 202.87, 188, -172.78, 245.85
1510, 188, -172.78, 245.85, 261, 249.28, 166.76
1511, 261, 249.28, 166.76, 152, -295.70, 52.44
1512, 152, -295.70, 52.44, 235, 120.34, 275.07
1513, 235, 120.34, 275.07, 159, -284.53, 97.13
1514, 159, -284.53, 97.13, 279, 293.98, 59.31
1515, 279, 293.98, 59.31, 171, -250.14, 166.76
1516, 171, -250.14, 166.76, 238, 138.40, 266.48
1517, 238, 138.40, 266.48, 262, 252.72, 161.60
1518, 262, 252.72, 161.60, 34, 220.92, -202.01
1519, 34, 220.92, -202.01, 81, -59.31, -293.98
1520, 81, -59.31, -293.98, 271, 279.37, 109.17
1521, 271, 279.37, 109.17, 203, -84.24, 288.83
1522, 203, -84.24, 288.83, 153, -294.84, 59.31
1523, 153, -294.84, 59.31, 276, 289.68, 78.22
1524, 276, 289.68, 78.22, 167, -263.04, 144.41
1525, 167, -263.04, 144.41, 286, 299.14, 13.75
1526, 286, 299.14, 13.75, 149, -298.28, 32.66
1527, 149, -298.28, 32.66, 42, 182.23, -237.25
1528, 42, 182.23, -237.25, 154, -293.12, 65.33
1529, 154, -293.12, 65.33, 274, 285.39, 90.26
1530, 274, 285.39, 90.26, 38, 202.01, -220.92
1531, 38, 202.01, -220.92, 150, -298.28, 39.54
1532, 150, -298.28, 39.54, 213, -19.77, 300.00
1533, 213, -19.77, 300.00, 16, 281.09, -102.29
1534, 16, 281.09, -102.29, 249, 197.71, 226.07
1535, 249, 197.71, 226.07, 55, 108.31, -279.37
1536, 55, 108.31, -279.37, 157, -288.83, 84.24
1537, 157, -288.83, 84.24, 280, 294.84, 52.44
1538, 280, 294.84, 52.44, 160, -281.95, 103.15
1539, 160, -281.95, 103.15, 199, -109.17, 280.23
1540, 199, -109.17, 280.23, 143, -300.00, -6.02
1541, 143, -300.00, -6.02, 192, -150.43, 260.46
1542, 192, -150.43, 260.46, 232, 102.29, 281.95
1543, 232, 102.29, 281.95, 266, 265.62, 139.26
1544, 266, 265.62, 139.26, 216, -0.86, 300.00
1545, 216, -0.86, 300.00, 245, 177.08, 242.41
1546, 245, 177.08, 242.41, 178, -221.78, 202.87
1547, 178, -221.78, 202.87, 203, -84.24, 288.83
1548, 203, -84.24, 288.83, 173, -242.41, 177.94
1549, 173, -242.41, 177.94, 256, 229.51, 193.41
1550, 256, 229.51, 193.41, 188, -172.78, 245.85
1551, 188, -172.78, 245.85, 265, 262.18, 144.41
1552, 265, 262.18, 144.41, 28, 244.99, -171.92
1553, 28, 244.99, -171.92, 249, 197.71, 226.07
1554, 249, 197.71, 226.07, 146, -300.00, 13.75
1555, 146, -300.00, 13.75, 226, 64.47, 293.12
1556, 226, 64.47, 293.12, 168, -260.46, 150.43
1557, 168, -260.46, 150.43, 263, 256.16, 156.45
1558, 263, 256.16, 156.45, 158, -286.25, 90.26
1559, 158, -286.25, 90.26, 194, -139.26, 266.48
1560, 194, -139.26, 266.48, 272, 281.09, 103.15
1561, 272, 281.09, 103.15, 163, -275.07, 121.20
1562, 163, -275.07, 121.20, 252, 211.46, 212.32
1563, 252, 211.46, 212.32, 88, -103.15, -281.09
1564, 88, -103.15, -281.09, 259, 241.55, 177.94
1565, 259, 241.55, 177.94, 177, -226.07, 198.57
1566, 177, -226.07, 198.57, 89, -109.17, -279.37
1567, 89, -109.17, -279.37, 244, 171.92, 245.85
1568, 244, 171.92, 245.85, 14, 285.39, -89.40
1569, 14, 285.39, -89.40, 161, -280.23, 109.17
1570, 161, -280.23, 109.17, 275, 287.97, 84.24
1571, 275, 287.97, 84.24, 238, 138.40, 266.48
1572, 238, 138.40, 266.48, 174, -238.11, 183.09
1573, 174, -238.11, 183.09, 150, -298.28, 39.54
1574, 150, -298.28, 39.54, 41, 187.39, -233.81
1575, 41, 187.39, -233.81, 277, 290.54, 71.35
1576, 277, 290.54, 71.35, 182, -202.87, 221.78
1577, 182, -202.87, 221.78, 224, 51.58, 295.70
1578, 224, 51.58, 295.70, 268, 271.63, 127.22
1579, 268, 271.63, 127.22, 247, 187.39, 234.67
1580, 247, 187.39, 234.67, 192, -150.43, 260.46
1581, 192, -150.43, 260.46, 103, -188.25, -233.81
1582, 103, -188.25, -233.81, 190, -161.60, 253.58
1583, 190, -161.60, 253.58, 251, 207.16, 217.48
1584, 251, 207.16, 217.48, 54, 114.33, -276.79
1585, 54, 114.33, -276.79, 216, -0.86, 300.00
1586, 216, -0.86, 300.00, 62, 64.47, -292.26
1587, 62, 64.47, -292.26, 210, -39.54, 298.28
1588, 210, -39.54, 298.28, 56, 102.29, -281.09
1589, 56, 102.29, -281.09, 201, -97.13, 284.53
1590, 201, -97.13, 284.53, 230, 89.40, 286.25
1591, 230, 89.40, 286.25, 61, 70.49, -290.54
1592, 61, 70.49, -290.54, 214, -13.75, 300.00
1593, 214, -13.75, 300.00, 51, 132.38, -269.05
1594, 51, 132.38, -269.05, 243, 165.90, 250.14
1595, 243, 165.90, 250.14, 187, -177.94, 242.41
1596, 187, -177.94, 242.41, 207, -59.31, 294.84
1597, 207, -59.31, 294.84, 257, 233.81, 188.25
1598, 257, 233.81, 188.25, 79, -46.42, -295.70
1599, 79, -46.42, -295.70, 238, 138.40, 266.48
1600, 238, 138.40, 266.48, 86, -90.26, -285.39
1601, 86, -90.26, -285.39, 150, -298.28, 39.54
1602, 150, -298.28, 39.54, 228, 77.36, 290.54
1603, 228, 77.36, 290.54, 63, 58.45, -293.98
1604, 63, 58.45, -293.98, 213, -19.77, 300.00
1605, 213, -19.77, 300.00, 65, 45.56, -295.70
1606, 65, 45.56, -295.70, 216, -0.86, 300.00
1607, 216, -0.86, 300.00, 55, 108.31, -279.37
1608, 55, 108.31, -279.37, 227, 70.49, 291.40
1609, 227, 70.49, 291.40, 199, -109.17, 280.23
1610, 199, -109.17, 280.23, 118, -253.58, -160.74
1611, 118, -253.58, -160.74, 17, 279.37, -108.31
1612, 17, 279.37, -108.31, 93, -133.24, -269.05
1613, 93, -133.24, -269.05, 242, 160.74, 253.58
1614, 242, 160.74, 253.58, 164, -272.49, 127.22
1615, 164, -272.49, 127.22, 283, 297.42, 32.66
1616, 283, 297.42, 32.66, 250, 202.01, 221.78
1617, 250, 202.01, 221.78, 153, -294.84, 59.31
1618, 153, -294.84, 59.31, 282, 297.42, 39.54
1619, 282, 297.42, 39.54, 146, -300.00, 13.75
1620, 146, -300.00, 13.75, 23, 262.18, -143.55
1621, 23, 262.18, -143.55, 141, -300.00, -18.91
1622, 141, -300.00, -18.91, 9, 293.98, -58.45
1623, 9, 293.98, -58.45, 257, 233.81, 188.25
1624, 257, 233.81, 188.25, 14, 285.39, -89.40
1625, 14, 285.39, -89.40, 227, 70.49, 291.40
1626, 227, 70.49, 291.40, 58, 89.40, -285.39
1627, 58, 89.40, -285.39, 236, 126.36, 272.49
1628, 236, 126.36, 272.49, 18, 276.79, -114.33
1629, 18, 276.79, -114.33, 284, 298.28, 26.65
1630, 284, 298.28, 26.65, 202, -90.26, 286.25
1631, 202, -90.26, 286.25, 247, 187.39, 234.67
1632, 247, 187.39, 234.67, 184, -193.41, 230.37
1633, 184, -193.41, 230.37, 159, -284.53, 97.13
1634, 159, -284.53, 97.13, 267, 269.05, 133.24
1635, 267, 269.05, 133.24, 166, -266.48, 139.26
1636, 166, -266.48, 139.26, 2, 299.14, -12.89
1637, 2, 299.14, -12.89, 157, -288.83, 84.24
1638, 157, -288.83, 84.24, 275, 287.97, 84.24
1639, 275, 287.97, 84.24, 166, -266.48, 139.26
1640, 166, -266.48, 139.26, 282, 297.42, 39.54
1641, 282, 297.42, 39.54, 150, -298.28, 39.54
1642, 150, -298.28, 39.54, 198, -115.19, 277.65
1643, 198, -115.19, 277.65, 4, 298.28, -25.79
1644, 4, 298.28, -25.79, 169, -257.02, 156.45
1645, 169, -257.02, 156.45, 221, 31.81, 298.28
1646, 221, 31.81, 298.28, 244, 171.92, 245.85
1647, 244, 171.92, 245.85, 195, -133.24, 269.91
1648, 195, -133.24, 269.91, 145, -300.00, 6.88
1649, 145, -300.00, 6.88, 274, 285.39, 90.26
1650, 274, 285.39, 90.26, 159, -284.53, 97.13
1651, 159, -284.53, 97.13, 248, 192.55, 230.37
1652, 248, 192.55, 230.37, 9, 293.98, -58.45
1653, 9, 293.98, -58.45, 222, 38.68, 298.28
1654, 222, 38.68, 298.28, 170, -253.58, 161.60
1655, 170, -253.58, 161.60, 233, 108.31, 280.23
1656, 233, 108.31, 280.23, 79, -46.42, -295.70
1657, 79, -46.42, -295.70, 222, 38.68, 298.28
1658, 222, 38.68, 298.28, 70, 12.89, -299.14
1659, 70, 12.89, -299.14, 199, -109.17, 280.23
1660, 199, -109.17, 280.23, 57, 96.28, -283.67
1661, 57, 96.28, -283.67, 206, -65.33, 293.12
1662, 206, -65.33, 293.12, 265, 262.18, 144.41
1663, 265, 262.18, 144.41, 221, 31.81, 298.28
1664, 221, 31.81, 298.28, 54, 114.33, -276.79
1665, 54, 114.33, -276.79, 190, -161.60, 253.58
1666, 190, -161.60, 253.58, 107, -208.02, -216.62
1667, 107, -208.02, -216.62, 189, -166.76, 250.14
1668, 189, -166.76, 250.14, 259, 241.55, 177.94
1669, 259, 241.55, 177.94, 20, 271.63, -126.36
1670, 20, 271.63, -126.36, 239, 143.55, 263.04
1671, 239, 143.55, 263.04, 170, -253.58, 161.60
1672, 170, -253.58, 161.60, 276, 289.68, 78.22
1673, 276, 289.68, 78.22, 146, -300.00, 13.75
1674, 146, -300.00, 13.75, 284, 298.28, 26.65
1675, 284, 298.28, 26.65, 141, -300.00, -18.91
1676, 141, -300.00, -18.91, 6, 297.42, -38.68
1677, 6, 297.42, -38.68, 254, 220.92, 202.87
1678, 254, 220.92, 202.87, 4, 298.28, -25.79
1679, 4, 298.28, -25.79, 191, -156.45, 257.02
1680, 191, -156.45, 257.02, 25, 256.16, -155.59
1681, 25, 256.16, -155.59, 246, 182.23, 238.11
1682, 246, 182.23, 238.11, 153, -294.84, 59.31
1683, 153, -294.84, 59.31, 280, 294.84, 52.44
1684, 280, 294.84, 52.44, 158, -286.25, 90.26
1685, 158, -286.25, 90.26, 233, 108.31, 280.23
1686, 233, 108.31, 280.23, 268, 271.63, 127.22
1687, 268, 271.63, 127.22, 31, 233.81, -187.39
1688, 31, 233.81, -187.39, 146, -300.00, 13.75
1689, 146, -300.00, 13.75, 16, 281.09, -102.29
1690, 16, 281.09, -102.29, 248, 192.55, 230.37
1691, 248, 192.55, 230.37, 137, -296.56, -45.56
1692, 137, -296.56, -45.56, 218, 12.89, 300.00
1693, 218, 12.89, 300.00, 7, 295.70, -45.56
1694, 7, 295.70, -45.56, 261, 249.28, 166.76
1695, 261, 249.28, 166.76, 196, -127.22, 272.49
1696, 196, -127.22, 272.49, 216, -0.86, 300.00
1697, 216, -0.86, 300.00, 67, 31.81, -297.42
1698, 67, 31.81, -297.42, 225, 58.45, 294.84
1699, 225, 58.45, 294.84, 172, -245.85, 172.78
1700, 172, -245.85, 172.78, 63, 58.45, -293.98
1701, 63, 58.45, -293.98, 186, -183.09, 238.11
1702, 186, -183.09, 238.11, 259, 241.55, 177.94
1703, 259, 241.55, 177.94, 206, -65.33, 293.12
1704, 206, -65.33, 293.12, 170, -253.58, 161.60
1705, 170, -253.58, 161.60, 256, 229.51, 193.41
1706, 256, 229.51, 193.41, 194, -139.26, 266.48
1707, 194, -139.26, 266.48, 174, -238.11, 183.09
1708, 174, -238.11, 183.09, 207, -59.31, 294.84
1709, 207, -59.31, 294.84, 176, -230.37, 193.41
1710, 176, -230.37, 193.41, 89, -109.17, -279.37
1711, 89, -109.17, -279.37, 178, -221.78, 202.87
1712, 178, -221.78, 202.87, 227, 70.49, 291.40
1713, 227, 70.49, 291.40, 9, 293.98, -58.45
1714, 9, 293.98, -58.45, 252, 211.46, 212.32
1715, 252, 211.46, 212.32, 52, 126.36, -271.63
1716, 52, 126.36, -271.63, 228, 77.36, 290.54
1717, 228, 77.36, 290.54, 76, -26.65, -298.28
1718, 76, -26.65, -298.28, 223, 45.56, 296.56
1719, 223, 45.56, 296.56, 50, 138.40, -265.62
1720, 50, 138.40, -265.62, 212, -26.65, 299.14
1721, 212, -26.65, 299.14, 234, 114.33, 277.65
1722, 234, 114.33, 277.65, 44, 171.92, -244.99
1723, 44, 171.92, -244.99, 147, -300.00, 19.77
1724, 147, -300.00, 19.77, 25, 256.16, -155.59
1725, 25, 256.16, -155.59, 231, 96.28, 284.53
1726, 231, 96.28, 284.53, 19, 274.21, -120.34
1727, 19, 274.21, -120.34, 44, 171.92, -244.99
1728, 44, 171.92, -244.99, 241, 155.59, 257.02
1729, 241, 155.59, 257.02, 183, -198.57, 226.07
1730, 183, -198.57, 226.07, 244, 171.92, 245.85
1731, 244, 171.92, 245.85, 23, 262.18, -143.55
1732, 23, 262.18, -143.55, 149, -298.28, 32.66
1733, 149, -298.28, 32.66, 40, 192.55, -229.51
1734, 40, 192.55, -229.51, 151, -296.56, 46.42
1735, 151, -296.56, 46.42, 183, -198.57, 226.07
1736, 183, -198.57, 226.07, 285, 299.14, 19.77
1737, 285, 299.14, 19.77, 169, -257.02, 156.45
1738, 169, -257.02, 156.45, 270, 276.79, 115.19
1739, 270, 276.79, 115.19, 218, 12.89, 300.00
1740, 218, 12.89, 300.00, 265, 262.18, 144.41
1741, 265, 262.18, 144.41, 287, 299.14, 6.88
1742, 287, 299.14, 6.88, 159, -284.53, 97.13
1743, 159, -284.53, 97.13, 243, 165.90, 250.14
1744, 243, 165.90, 250.14, 271, 279.37, 109.17
1745, 271, 279.37, 109.17, 155, -291.40, 71.35
1746, 155, -291.40, 71.35, 275, 287.97, 84.24
1747, 275, 287.97, 84.24, 196, -127.22, 272.49
1748, 196, -127.22, 272.49, 253, 216.62, 208.02
1749, 253, 216.62, 208.02, 20, 271.63, -126.36
1750, 20, 271.63, -126.36, 145, -300.00, 6.88
1751, 145, -300.00, 6.88, 32, 229.51, -192.55
1752, 32, 229.51, -192.55, 255, 225.21, 198.57
1753, 255, 225.21, 198.57, 168, -260.46, 150.43
1754, 168, -260.46, 150.43, 253, 216.62, 208.02
1755, 253, 216.62, 208.02, 61, 70.49, -290.54
1756, 61, 70.49, -290.54, 264, 259.60, 150.43
1757, 264, 259.60, 150.43, 226, 64.47, 293.12
1758, 226, 64.47, 293.12, 174, -238.11, 183.09
1759, 174, -238.11, 183.09, 80, -52.44, -294.84
1760, 80, -52.44, -294.84, 205, -71.35, 291.40
1761, 205, -71.35, 291.40, 59, 83.38, -287.97
1762, 59, 83.38, -287.97, 222, 38.68, 298.28
1763, 222, 38.68, 298.28, 77, -32.66, -297.42
1764, 77, -32.66, -297.42, 202, -90.26, 286.25
1765, 202, -90.26, 286.25, 56, 102.29, -281.09
1766, 56, 102.29, -281.09, 212, -26.65, 299.14
1767, 212, -26.65, 299.14, 49, 143.55, -262.18
1768, 49, 143.55, -262.18, 25, 256.16, -155.59
1769, 25, 256.16, -155.59, 235, 120.34, 275.07
1770, 235, 120.34, 275.07, 157, -288.83, 84.24
1771, 157, -288.83, 84.24, 238, 138.40, 266.48
1772, 238, 138.40, 266.48, 281, 295.70, 46.42
1773, 281, 295.70, 46.42, 193, -144.41, 263.04
1774, 193, -144.41, 263.04, 254, 220.92, 202.87
1775, 254, 220.92, 202.87, 160, -281.95, 103.15
1776, 160, -281.95, 103.15, 1, 299.14, -6.02
1777, 1, 299.14, -6.02, 241, 155.59, 257.02
1778, 241, 155.59, 257.02, 148, -299.14, 26.65
1779, 148, -299.14, 26.65, 181, -208.02, 217.48
1780, 181, -208.02, 217.48, 230, 89.40, 286.25
1781, 230, 89.40, 286.25, 54, 114.33, -276.79
1782, 54, 114.33, -276.79, 213, -19.77, 300.00
1783, 213, -19.77, 300.00, 68, 25.79, -298.28
1784, 68, 25.79, -298.28, 221, 31.81, 298.28
1785, 221, 31.81, 298.28, 71, 6.02, -299.14
1786, 71, 6.02, -299.14, 231, 96.28, 284.53
1787, 231, 96.28, 284.53, 15, 283.67, -96.28
1788, 15, 283.67, -96.28, 112, -230.37, -192.55
1789, 112, -230.37, -192.55, 196, -127.22, 272.49
1790, 196, -127.22, 272.49, 4, 298.28, -25.79
1791, 4, 298.28, -25.79, 231, 96.28, 284.53
1792, 231, 96.28, 284.53, 2, 299.14, -12.89
1793, 2, 299.14, -12.89, 41, 187.39, -233.81
1794, 41, 187.39, -233.81, 284, 298.28, 26.65
1795, 284, 298.28, 26.65, 144, -300.00, -0.00
1796, 144, -300.00, -0.00, 26, 252.72, -160.74
1797, 26, 252.72, -160.74, 150, -298.28, 39.54
1798, 150, -298.28, 39.54, 43, 177.08, -241.55
1799, 43, 177.08, -241.55, 281, 295.70, 46.42
1800, 281, 295.70, 46.42, 156, -290.54, 78.22
1801, 156, -290.54, 78.22, 274, 285.39, 90.26
1802, 274, 285.39, 90.26, 167, -263.04, 144.41
1803, 167, -263.04, 144.41, 202, -90.26, 286.25
1804, 202, -90.26, 286.25, 256, 229.51, 193.41
1805, 256, 229.51, 193.41, 187, -177.94, 242.41
1806, 187, -177.94, 242.41, 253, 216.62, 208.02
1807, 253, 216.62, 208.02, 194, -139.26, 266.48
1808, 194, -139.26, 266.48, 109, -217.48, -207.16
1809, 109, -217.48, -207.16, 197, -121.20, 275.07
1810, 197, -121.20, 275.07, 72, 0.00, -300.00
1811, 72, 0.00, -300.00, 226, 64.47, 293.12
1812, 226, 64.47, 293.12, 201, -97.13, 284.53
1813, 201, -97.13, 284.53, 241, 155.59, 257.02
1814, 241, 155.59, 257.02, 272, 281.09, 103.15
1815, 272, 281.09, 103.15, 12, 289.68, -77.36
1816, 12, 289.68, -77.36, 199, -109.17, 280.23
1817, 199, -109.17, 280.23, 2, 299.14, -12.89
1818, 2, 299.14, -12.89, 43, 177.08, -241.55
1819, 43, 177.08, -241.55, 283, 297.42, 32.66
1820, 283, 297.42, 32.66, 190, -161.60, 253.58
1821, 190, -161.60, 253.58, 234, 114.33, 277.65
1822, 234, 114.33, 277.65, 177, -226.07, 198.57
1823, 177, -226.07, 198.57, 279, 293.98, 59.31
1824, 279, 293.98, 59.31, 19, 274.21, -120.34
1825, 19, 274.21, -120.34, 265, 262.18, 144.41
1826, 265, 262.18, 144.41, 241, 155.59, 257.02
1827, 241, 155.59, 257.02, 22, 265.62, -138.40
1828, 22, 265.62, -138.40, 237, 132.38, 269.91
1829, 237, 132.38, 269.91, 178, -221.78, 202.87
1830, 178, -221.78, 202.87, 240, 149.57, 260.46
1831, 240, 149.57, 260.46, 162, -277.65, 115.19
1832, 162, -277.65, 115.19, 193, -144.41, 263.04
1833, 193, -144.41, 263.04, 260, 244.99, 172.78
1834, 260, 244.99, 172.78, 51, 132.38, -269.05
1835, 51, 132.38, -269.05, 164, -272.49, 127.22
1836, 164, -272.49, 127.22, 201, -97.13, 284.53
1837, 201, -97.13, 284.53, 7, 295.70, -45.56
1838, 7, 295.70, -45.56, 67, 31.81, -297.42
1839, 67, 31.81, -297.42, 220, 25.79, 299.14
1840, 220, 25.79, 299.14, 14, 285.39, -89.40
1841, 14, 285.39, -89.40, 238, 138.40, 266.48
1842, 238, 138.40, 266.48, 267, 269.05, 133.24
1843, 267, 269.05, 133.24, 145, -300.00, 6.88
1844, 145, -300.00, 6.88, 187, -177.94, 242.41
1845, 187, -177.94, 242.41, 164, -272.49, 127.22
1846, 164, -272.49, 127.22, 251, 207.16, 217.48
1847, 251, 207.16, 217.48, 0, 300.00, -0.00
1848, 0, 300.00, -0.00, 111, -226.07, -197.71
1849, 111, -226.07, -197.71, 193, -144.41, 263.04
1850, 193, -144.41, 263.04, 52, 126.36, -271.63
1851, 52, 126.36, -271.63, 218, 12.89, 300.00
1852, 218, 12.89, 300.00, 58, 89.40, -285.39
1853, 58, 89.40, -285.39, 209, -46.42, 296.56
1854, 209, -46.42, 296.56, 245, 177.08, 242.41
1855, 245, 177.08, 242.41, 158, -286.25, 90.26
1856, 158, -286.25, 90.26, 63, 58.45, -293.98
1857, 63, 58.45, -293.98, 222, 38.68, 298.28
1858, 222, 38.68, 298.28, 66, 38.68, -297.42
1859, 66, 38.68, -297.42, 258, 237.25, 183.09
1860, 258, 237.25, 183.09, 31, 233.81, -187.39
1861, 31, 233.81, -187.39, 151, -296.56, 46.42
1862, 151, -296.56, 46.42, 173, -242.41, 177.94
1863, 173, -242.41, 177.94, 149, -298.28, 32.66
1864, 149, -298.28, 32.66, 210, -39.54, 298.28
1865, 210, -39.54, 298.28, 166, -266.48, 139.26
1866, 166, -266.48, 139.26, 271, 279.37, 109.17
1867, 271, 279.37, 109.17, 157, -288.83, 84.24
1868, 157, -288.83, 84.24, 177, -226.07, 198.57
1869, 177, -226.07, 198.57, 234, 114.33, 277.65
1870, 234, 114.33, 277.65, 277, 290.54, 71.35
1871, 277, 290.54, 71.35, 154, -293.12, 65.33
1872, 154, -293.12, 65.33, 1, 299.14, -6.02
1873, 1, 299.14, -6.02, 231, 96.28, 284.53
1874, 231, 96.28, 284.53, 142, -300.00, -12.89
1875, 142, -300.00, -12.89, 200, -103.15, 281.95
1876, 200, -103.15, 281.95, 7, 295.70, -45.56
1877, 7, 295.70, -45.56, 51, 132.38, -269.05
1878, 51, 132.38, -269.05, 239, 143.55, 263.04
1879, 239, 143.55, 263.04, 175, -234.67, 188.25
1880, 175, -234.67, 188.25, 87, -97.13, -283.67
1881, 87, -97.13, -283.67, 231, 96.28, 284.53
1882, 231, 96.28, 284.53, 3, 299.14, -18.91
1883, 3, 299.14, -18.91, 208, -52.44, 295.70
1884, 208, -52.44, 295.70, 168, -260.46, 150.43
1885, 168, -260.46, 150.43, 246, 182.23, 238.11
1886, 246, 182.23, 238.11, 223, 45.56, 296.56
1887, 223, 45.56, 296.56, 193, -144.41, 263.04
1888, 193, -144.41, 263.04, 259, 241.55, 177.94
1889, 259, 241.55, 177.94, 20, 271.63, -126.36
1890, 20, 271.63, -126.36, 149, -298.28, 32.66
1891, 149, -298.28, 32.66, 46, 160.74, -252.72
1892, 46, 160.74, -252.72, 256, 229.51, 193.41
1893, 256, 229.51, 193.41, 175, -234.67, 188.25
1894, 175, -234.67, 188.25, 220, 25.79, 299.14
1895, 220, 25.79, 299.14, 166, -266.48, 139.26
1896, 166, -266.48, 139.26, 193, -144.41, 263.04
1897, 193, -144.41, 263.04, 250, 202.01, 221.78
1898, 250, 202.01, 221.78, 181, -208.02, 217.48
1899, 181, -208.02, 217.48, 247, 187.39, 234.67
1900, 247, 187.39, 234.67, 160, -281.95, 103.15
1901, 160, -281.95, 103.15, 266, 265.62, 139.26
1902, 266, 265.62, 139.26, 212, -26.65, 299.14
1903, 212, -26.65, 299.14, 251, 207.16, 217.48
1904, 251, 207.16, 217.48, 29, 241.55, -177.08
1905, 29, 241.55, -177.08, 144, -300.00, -0.00
1906, 144, -300.00, -0.00, 13, 287.97, -83.38
1907, 13, 287.97, -83.38, 225, 58.45, 294.84
1908, 225, 58.45, 294.84, 82, -65.33, -292.26
1909, 82, -65.33, -292.26, 207, -59.31, 294.84
1910, 207, -59.31, 294.84, 152, -295.70, 52.44
1911, 152, -295.70, 52.44, 89, -109.17, -279.37
1912, 89, -109.17, -279.37, 55, 108.31, -279.37
1913, 55, 108.31, -279.37, 204, -78.22, 290.54
1914, 204, -78.22, 290.54, 130, -286.25, -89.40
1915, 130, -286.25, -89.40, 40, 192.55, -229.51
1916, 40, 192.55, -229.51, 129, -284.53, -96.28
1917, 129, -284.53, -96.28, 279, 293.98, 59.31
1918, 279, 293.98, 59.31, 167, -263.04, 144.41
1919, 167, -263.04, 144.41, 230, 89.40, 286.25
1920, 230, 89.40, 286.25, 262, 252.72, 161.60
1921, 262, 252.72, 161.60, 2, 299.14, -12.89
1922, 2, 299.14, -12.89, 37, 207.16, -216.62
1923, 37, 207.16, -216.62, 160, -281.95, 103.15
1924, 160, -281.95, 103.15, 274, 285.39, 90.26
1925, 274, 285.39, 90.26, 201, -97.13, 284.53
1926, 201, -97.13, 284.53, 251, 207.16, 217.48
1927, 251, 207.16, 217.48, 177, -226.07, 198.57
1928, 177, -226.07, 198.57, 242, 160.74, 253.58
1929, 242, 160.74, 253.58, 48, 149.57, -259.60
1930, 48, 149.57, -259.60, 23, 262.18, -143.55
1931, 23, 262.18, -143.55, 2, 299.14, -12.89
1932, 2, 299.14, -12.89, 247, 187.39, 234.67
1933, 247, 187.39, 234.67, 193, -144.41, 263.04
1934, 193, -144.41, 263.04, 278, 292.26, 65.33
1935, 278, 292.26, 65.33, 162, -277.65, 115.19
1936, 162, -277.65, 115.19, 276, 289.68, 78.22
1937, 276, 289.68, 78.22, 156, -290.54, 78.22
1938, 156, -290.54, 78.22, 283, 297.42, 32.66
1939, 283, 297.42, 32.66, 44, 171.92, -244.99
1940, 44, 171.92, -244.99, 76, -26.65, -298.28
1941, 76, -26.65, -298.28, 156, -290.54, 78.22
1942, 156, -290.54, 78.22, 263, 256.16, 156.45
1943, 263, 256.16, 156.45, 33, 225.21, -197.71
1944, 33, 225.21, -197.71, 270, 276.79, 115.19
1945, 270, 276.79, 115.19, 239, 143.55, 263.04
1946, 239, 143.55, 263.04, 151, -296.56, 46.42
1947, 151, -296.56, 46.42, 179, -217.48, 208.02
1948, 179, -217.48, 208.02, 90, -115.19, -276.79
1949, 90, -115.19, -276.79, 178, -221.78, 202.87
1950, 178, -221.78, 202.87, 271, 279.37, 109.17
1951, 271, 279.37, 109.17, 27, 249.28, -165.90
1952, 27, 249.28, -165.90, 246, 182.23, 238.11
1953, 246, 182.23, 238.11, 183, -198.57, 226.07
1954, 183, -198.57, 226.07, 248, 192.55, 230.37
1955, 248, 192.55, 230.37, 54, 114.33, -276.79
1956, 54, 114.33, -276.79, 217, 6.02, 300.00
1957, 217, 6.02, 300.00, 149, -298.28, 32.66
1958, 149, -298.28, 32.66, 72, 0.00, -300.00
1959, 72, 0.00, -300.00, 198, -115.19, 277.65
1960, 198, -115.19, 277.65, 116, -245.85, -171.92
1961, 116, -245.85, -171.92, 37, 207.16, -216.62
1962, 37, 207.16, -216.62, 247, 187.39, 234.67
1963, 247, 187.39, 234.67, 144, -300.00, -0.00
1964, 144, -300.00, -0.00, 228, 77.36, 290.54
1965, 228, 77.36, 290.54, 80, -52.44, -294.84
1966, 80, -52.44, -294.84, 224, 51.58, 295.70
1967, 224, 51.58, 295.70, 62, 64.47, -292.26
1968, 62, 64.47, -292.26, 245, 177.08, 242.41
1969, 245, 177.08, 242.41, 184, -193.41, 230.37
1970, 184, -193.41, 230.37, 145, -300.00, 6.88
1971, 145, -300.00, 6.88, 238, 138.40, 266.48
1972, 238, 138.40, 266.48, 78, -39.54, -297.42
1973, 78, -39.54, -297.42, 229, 83.38, 288.83
1974, 229, 83.38, 288.83, 57, 96.28, -283.67
1975, 57, 96.28, -283.67, 250, 202.01, 221.78
1976, 250, 202.01, 221.78, 191, -156.45, 257.02
1977, 191, -156.45, 257.02, 52, 126.36, -271.63
1978, 52, 126.36, -271.63, 212, -26.65, 299.14
1979, 212, -26.65, 299.14, 44, 171.92, -244.99
1980, 44, 171.92, -244.99, 150, -298.28, 39.54
1981, 150, -298.28, 39.54, 35, 216.62, -207.16
1982, 35, 216.62, -207.16, 272, 281.09, 103.15
1983, 272, 281.09, 103.15, 174, -238.11, 183.09
1984, 174, -238.11, 183.09, 86, -90.26, -285.39
1985, 86, -90.26, -285.39, 173, -242.41, 177.94
1986, 173, -242.41, 177.94, 255, 225.21, 198.57
1987, 255, 225.21, 198.57, 190, -161.60, 253.58
1988, 190, -161.60, 253.58, 101, -177.94, -241.55
1989, 101, -177.94, -241.55, 285, 299.14, 19.77
1990, 285, 299.14, 19.77, 143, -300.00, -6.02
1991, 143, -300.00, -6.02, 237, 132.38, 269.91
1992, 237, 132.38, 269.91, 21, 269.05, -132.38
1993, 21, 269.05, -132.38, 236, 126.36, 272.49
1994, 236, 126.36, 272.49, 174, -238.11, 183.09
1995, 174, -238.11, 183.09, 286, 299.14, 13.75
1996, 286, 299.14, 13.75, 166, -266.48, 139.26
1997, 166, -266.48, 139.26, 260, 244.99, 172.78
1998, 260, 244.99, 172.78, 224, 51.58, 295.70
1999, 224, 51.58, 295.70, 162, -277.65, 115.19
2000, 162, -277.65, 115.19, 251, 207.16, 217.48
2001, 251, 207.16, 217.48, 148, -299.14, 26.65
2002, 148, -299.14, 26.65, 32, 229.51, -192.55
2003, 32, 229.51, -192.55, 269, 274.21, 121.20
2004, 269, 274.21, 121.20, 146, -300.00, 13.75
2005, 146, -300.00, 13.75, 278, 292.26, 65.33
2006, 278, 292.26, 65.33, 235, 120.34, 275.07
2007, 235, 120.34, 275.07, 192, -150.43, 260.46
2008, 192, -150.43, 260.46, 272, 281.09, 103.15
2009, 272, 281.09, 103.15, 29, 241.55, -177.08
2010, 29, 241.55, -177.08, 249, 197.71, 226.07
2011, 249, 197.71, 226.07, 25, 256.16, -155.59
2012, 25, 256.16, -155.59, 262, 252.72, 161.60
2013, 262, 252.72, 161.60, 199, -109.17, 280.23
2014, 199, -109.17, 280.23, 168, -260.46, 150.43
2015, 168, -260.46, 150.43, 229, 83.38, 288.83
2016, 229, 83.38, 288.83, 52, 126.36, -271.63
2017, 52, 126.36, -271.63, 261, 249.28, 166.76
2018, 261, 249.28, 166.76, 141, -300.00, -18.91
2019, 141, -300.00, -18.91, 210, -39.54, 298.28
2020, 210, -39.54, 298.28, 258, 237.25, 183.09
2021, 258, 237.25, 183.09, 229, 83.38, 288.83
2022, 229, 83.38, 288.83, 275, 287.97, 84.24
2023, 275, 287.97, 84.24, 241, 155.59, 257.02
2024, 241, 155.59, 257.02, 88, -103.15, -281.09
2025, 88, -103.15, -281.09, 244, 171.92, 245.85
2026, 244, 171.92, 245.85, 194, -139.26, 266.48
2027, 194, -139.26, 266.48, 106, -202.87, -220.92
2028, 106, -202.87, -220.92, 188, -172.78, 245.85
2029, 188, -172.78, 245.85, 285, 299.14, 19.77
2030, 285, 299.14, 19.77, 176, -230.37, 193.41
2031, 176, -230.37, 193.41, 213, -19.77, 300.00
2032, 213, -19.77, 300.00, 242, 160.74, 253.58
2033, 242, 160.74, 253.58, 271, 279.37, 109.17
2034, 271, 279.37, 109.17, 240, 149.57, 260.46
2035, 240, 149.57, 260.46, 44, 171.92, -244.99
2036, 44, 171.92, -244.99, 155, -291.40, 71.35
2037, 155, -291.40, 71.35, 269, 274.21, 121.20
2038, 269, 274.21, 121.20, 20, 271.63, -126.36
2039, 20, 271.63, -126.36, 54, 114.33, -276.79
2040, 54, 114.33, -276.79, 32, 229.51, -192.55
2041, 32, 229.51, -192.55, 54, 114.33, -276.79
2042, 54, 114.33, -276.79, 237, 132.38, 269.91
2043, 237, 132.38, 269.91, 152, -295.70, 52.44
2044, 152, -295.70, 52.44, 48, 149.57, -259.60
2045, 48, 149.57, -259.60, 214, -13.75, 300.00
2046, 214, -13.75, 300.00, 62, 64.47, -292.26
2047, 62, 64.47, -292.26, 172, -245.85, 172.78
2048, 172, -245.85, 172.78, 212, -26.65, 299.14
2049, 212, -26.65, 299.14, 239, 143.55, 263.04
2050, 239, 143.55, 263.04, 268, 271.63, 127.22
2051, 268, 271.63, 127.22, 149, -298.28, 32.66
2052, 149, -298.28, 32.66, 230, 89.40, 286.25
2053, 230, 89.40, 286.25, 154, -293.12, 65.33
2054, 154, -293.12, 65.33, 41, 187.39, -233.81
2055, 41, 187.39, -233.81, 13, 287.97, -83.38
2056, 13, 287.97, -83.38, 278, 292.26, 65.33
2057, 278, 292.26, 65.33, 160, -281.95, 103.15
2058, 160, -281.95, 103.15, 253, 216.62, 208.02
2059, 253, 216.62, 208.02, 154, -293.12, 65.33
2060, 154, -293.12, 65.33, 281, 295.70, 46.42
2061, 281, 295.70, 46.42, 36, 211.46, -211.46
2062, 36, 211.46, -211.46, 157, -288.83, 84.24
2063, 157, -288.83, 84.24, 241, 155.59, 257.02
2064, 241, 155.59, 257.02, 266, 265.62, 139.26
2065, 266, 265.62, 139.26, 206, -65.33, 293.12
2066, 206, -65.33, 293.12, 272, 281.09, 103.15
2067, 272, 281.09, 103.15, 34, 220.92, -202.01
2068, 34, 220.92, -202.01, 145, -300.00, 6.88
2069, 145, -300.00, 6.88, 262, 252.72, 161.60
2070, 262, 252.72, 161.60, 24, 259.60, -149.57
2071, 24, 259.60, -149.57, 148, -299.14, 26.65
2072, 148, -299.14, 26.65, 249, 197.71, 226.07
2073, 249, 197.71, 226.07, 206, -65.33, 293.12
2074, 206, -65.33, 293.12, 4, 298.28, -25.79
2075, 4, 298.28, -25.79, 142, -300.00, -12.89
2076, 142, -300.00, -12.89, 12, 289.68, -77.36
2077, 12, 289.68, -77.36, 231, 96.28, 284.53
2078, 231, 96.28, 284.53, 206, -65.33, 293.12
2079, 206, -65.33, 293.12, 54, 114.33, -276.79
2080, 54, 114.33, -276.79, 206, -65.33, 293.12
2081, 206, -65.33, 293.12, 139, -298.28, -31.81
2082, 139, -298.28, -31.81, 204, -78.22, 290.54
2083, 204, -78.22, 290.54, 84, -78.22, -289.68
2084, 84, -78.22, -289.68, 170, -253.58, 161.60
2085, 170, -253.58, 161.60, 283, 297.42, 32.66
2086, 283, 297.42, 32.66, 216, -0.86, 300.00
2087, 216, -0.86, 300.00, 16, 281.09, -102.29
2088, 16, 281.09, -102.29, 115, -242.41, -177.08
2089, 115, -242.41, -177.08, 37, 207.16, -216.62
2090, 37, 207.16, -216.62, 9, 293.98, -58.45
2091, 9, 293.98, -58.45, 230, 89.40, 286.25
2092, 230, 89.40, 286.25, 79, -46.42, -295.70
2093, 79, -46.42, -295.70, 39, 197.71, -225.21
2094, 39, 197.71, -225.21, 13, 287.97, -83.38
2095, 13, 287.97, -83.38, 221, 31.81, 298.28
2096, 221, 31.81, 298.28, 148, -299.14, 26.65
2097, 148, -299.14, 26.65, 74, -13.75, -299.14
2098, 74, -13.75, -299.14, 198, -115.19, 277.65
2099, 198, -115.19, 277.65, 263, 256.16, 156.45
2100, 263, 256.16, 156.45, 206, -65.33, 293.12
2101, 206, -65.33, 293.12, 279, 293.98, 59.31
2102, 279, 293.98, 59.31, 165, -269.91, 133.24
2103, 165, -269.91, 133.24, 246, 182.23, 238.11
2104, 246, 182.23, 238.11, 180, -212.32, 212.32
2105, 180, -212.32, 212.32, 242, 160.74, 253.58
2106, 242, 160.74, 253.58, 15, 283.67, -96.28
2107, 15, 283.67, -96.28, 161, -280.23, 109.17
2108, 161, -280.23, 109.17, 0, 300.00, -0.00
2109, 0, 300.00, -0.00, 195, -133.24, 269.91
2110, 195, -133.24, 269.91, 260, 244.99, 172.78
2111, 260, 244.99, 172.78, 212, -26.65, 299.14
2112, 212, -26.65, 299.14, 167, -263.04, 144.41
2113, 167, -263.04, 144.41, 280, 294.84, 52.44
2114, 280, 294.84, 52.44, 149, -298.28, 32.66
2115, 149, -298.28, 32.66, 274, 285.39, 90.26
2116, 274, 285.39, 90.26, 139, -298.28, -31.81
2117, 139, -298.28, -31.81, 162, -277.65, 115.19
2118, 162, -277.65, 115.19, 244, 171.92, 245.85
2119, 244, 171.92, 245.85, 269, 274.21, 121.20
2120, 269, 274.21, 121.20, 18, 276.79, -114.33
2121, 18, 276.79, -114.33, 180, -212.32, 212.32
2122, 180, -212.32, 212.32, 250, 202.01, 221.78
2123, 250, 202.01, 221.78, 287, 299.14, 6.88
2124, 287, 299.14, 6.88, 189, -166.76, 250.14
2125, 189, -166.76, 250.14, 145, -300.00, 6.88
2126, 145, -300.00, 6.88, 263, 256.16, 156.45
2127, 263, 256.16, 156.45, 55, 108.31, -279.37
2128, 55, 108.31, -279.37, 222, 38.68, 298.28
2129, 222, 38.68, 298.28, 16, 281.09, -102.29
2130, 16, 281.09, -102.29, 114, -238.11, -182.23
2131, 114, -238.11, -182.23, 36, 211.46, -211.46
2132, 36, 211.46, -211.46, 231, 96.28, 284.53
2133, 231, 96.28, 284.53, 168, -260.46, 150.43
2134, 168, -260.46, 150.43, 145, -300.00, 6.88
2135, 145, -300.00, 6.88, 67, 31.81, -297.42
2136, 67, 31.81, -297.42, 215, -6.88, 300.00
2137, 215, -6.88, 300.00, 57, 96.28, -283.67
2138, 57, 96.28, -283.67, 209, -46.42, 296.56
2139, 209, -46.42, 296.56, 8, 294.84, -51.58
2140, 8, 294.84, -51.58, 97, -156.45, -256.16
2141, 97, -156.45, -256.16, 185, -188.25, 234.67
2142, 185, -188.25, 234.67, 237, 132.38, 269.91
2143, 237, 132.38, 269.91, 20, 271.63, -126.36
2144, 20, 271.63, -126.36, 146, -300.00, 13.75
2145, 146, -300.00, 13.75, 39, 197.71, -225.21
2146, 39, 197.71, -225.21, 275, 287.97, 84.24
2147, 275, 287.97, 84.24, 239, 143.55, 263.04
2148, 239, 143.55, 263.04, 11, 290.54, -70.49
2149, 11, 290.54, -70.49, 251, 207.16, 217.48
2150, 251, 207.16, 217.48, 9, 293.98, -58.45
2151, 9, 293.98, -58.45, 273, 283.67, 97.13
2152, 273, 283.67, 97.13, 171, -250.14, 166.76
2153, 171, -250.14, 166.76, 255, 225.21, 198.57
2154, 255, 225.21, 198.57, 12, 289.68, -77.36
2155, 12, 289.68, -77.36, 238, 138.40, 266.48
2156, 238, 138.40, 266.48, 215, -6.88, 300.00
2157, 215, -6.88, 300.00, 181, -208.02, 217.48
2158, 181, -208.02, 217.48, 160, -281.95, 103.15
2159, 160, -281.95, 103.15, 241, 155.59, 257.02
2160, 241, 155.59, 257.02, 61, 70.49, -290.54
2161, 61, 70.49, -290.54, 247, 187.39, 234.67
2162, 247, 187.39, 234.67, 171, -250.14, 166.76
2163, 171, -250.14, 166.76, 85, -84.24, -287.97
2164, 85, -84.24, -287.97, 228, 77.36, 290.54
2165, 228, 77.36, 290.54, 160, -281.95, 103.15
2166, 160, -281.95, 103.15, 71, 6.02, -299.14
2167, 71, 6.02, -299.14, 194, -139.26, 266.48
2168, 194, -139.26, 266.48, 135, -294.84, -58.45
2169, 135, -294.84, -58.45, 206, -65.33, 293.12
2170, 206, -65.33, 293.12, 134, -293.12, -64.47
2171, 134, -293.12, -64.47, 11, 290.54, -70.49
2172, 11, 290.54, -70.49, 234, 114.33, 277.65
2173, 234, 114.33, 277.65, 76, -26.65, -298.28
2174, 76, -26.65, -298.28, 225, 58.45, 294.84
2175, 225, 58.45, 294.84, 58, 89.40, -285.39
2176, 58, 89.40, -285.39, 215, -6.88, 300.00
2177, 215, -6.88, 300.00, 56, 102.29, -281.09
2178, 56, 102.29, -281.09, 252, 211.46, 212.32
2179, 252, 211.46, 212.32, 161, -280.23, 109.17
2180, 161, -280.23, 109.17, 187, -177.94, 242.41
2181, 187, -177.94, 242.41, 257, 233.81, 188.25
2182, 257, 233.81, 188.25, 205, -71.35, 291.40
2183, 205, -71.35, 291.40, 145, -300.00, 6.88
2184, 145, -300.00, 6.88, 27, 249.28, -165.90
2185, 27, 249.28, -165.90, 264, 259.60, 150.43
2186, 264, 259.60, 150.43, 287, 299.14, 6.88
2187, 287, 299.14, 6.88, 46, 160.74, -252.72
2188, 46, 160.74, -252.72, 161, -280.23, 109.17
2189, 161, -280.23, 109.17, 201, -97.13, 284.53
2190, 201, -97.13, 284.53, 166, -266.48, 139.26
2191, 166, -266.48, 139.26, 216, -0.86, 300.00
2192, 216, -0.86, 300.00, 13, 287.97, -83.38
2193, 13, 287.97, -83.38, 229, 83.38, 288.83
2194, 229, 83.38, 288.83, 254, 220.92, 202.87
2195, 254, 220.92, 202.87, 67, 31.81, -297.42
2196, 67, 31.81, -297.42, 259, 241.55, 177.94
2197, 259, 241.55, 177.94, 150, -298.28, 39.54
2198, 150, -298.28, 39.54, 271, 279.37, 109.17
2199, 271, 279.37, 109.17, 162, -277.65, 115.19
2200, 162, -277.65, 115.19, 51, 132.38, -269.05
2201, 51, 132.38, -269.05, 244, 171.92, 245.85
2202, 244, 171.92, 245.85, 191, -156.45, 257.02
2203, 191, -156.45, 257.02, 222, 38.68, 298.28
2204, 222, 38.68, 298.28, 249, 197.71, 226.07
2205, 249, 197.71, 226.07, 48, 149.57, -259.60
2206, 48, 149.57, -259.60, 151, -296.56, 46.42
2207, 151, -296.56, 46.42, 267, 269.05, 133.24
2208, 267, 269.05, 133.24, 30, 237.25, -182.23
2209, 30, 237.25, -182.23, 253, 216.62, 208.02
2210, 253, 216.62, 208.02, 158, -286.25, 90.26
2211, 158, -286.25, 90.26, 261, 249.28, 166.76
2212, 261, 249.28, 166.76, 23, 262.18, -143.55
2213, 23, 262.18, -143.55, 241, 155.59, 257.02
2214, 241, 155.59, 257.02, 176, -230.37, 193.41
2215, 176, -230.37, 193.41, 88, -103.15, -281.09
2216, 88, -103.15, -281.09, 177, -226.07, 198.57
2217, 177, -226.07, 198.57, 240, 149.57, 260.46
2218, 240, 149.57, 260.46, 19, 274.21, -120.34
2219, 19, 274.21, -120.34, 264, 259.60, 150.43
2220, 264, 259.60, 150.43, 59, 83.38, -287.97
2221, 59, 83.38, -287.97, 204, -78.22, 290.54
2222, 204, -78.22, 290.54, 128, -281.95, -102.29
2223, 128, -281.95, -102.29, 203, -84.24, 288.83
2224, 203, -84.24, 288.83, 230, 89.40, 286.25
2225, 230, 89.40, 286.25, 56, 102.29, -281.09
2226, 56, 102.29, -281.09, 226, 64.47, 293.12
2227, 226, 64.47, 293.12, 9, 293.98, -58.45
2228, 9, 293.98, -58.45, 51, 132.38, -269.05
2229, 51, 132.38, -269.05, 219, 18.91, 300.00
2230, 219, 18.91, 300.00, 159, -284.53, 97.13
2231, 159, -284.53, 97.13, 266, 265.62, 139.26
2232, 266, 265.62, 139.26, 214, -13.75, 300.00
2233, 214, -13.75, 300.00, 45, 165.90, -249.28
2234, 45, 165.90, -249.28, 285, 299.14, 19.77
2235, 285, 299.14, 19.77, 36, 211.46, -211.46
2236, 36, 211.46, -211.46, 148, -299.14, 26.65
2237, 148, -299.14, 26.65, 219, 18.91, 300.00
2238, 219, 18.91, 300.00, 156, -290.54, 78.22
2239, 156, -290.54, 78.22, 43, 177.08, -241.55
2240, 43, 177.08, -241.55, 183, -198.57, 226.07
2241, 183, -198.57, 226.07, 278, 292.26, 65.33
2242, 278, 292.26, 65.33, 39, 197.71, -225.21
2243, 39, 197.71, -225.21, 131, -288.83, -83.38
2244, 131, -288.83, -83.38, 40, 192.55, -229.51
2245, 40, 192.55, -229.51, 251, 207.16, 217.48
2246, 251, 207.16, 217.48, 187, -177.94, 242.41
2247, 187, -177.94, 242.41, 244, 171.92, 245.85
2248, 244, 171.92, 245.85, 179, -217.48, 208.02
2249, 179, -217.48, 208.02, 91, -121.20, -274.21
2250, 91, -121.20, -274.21, 181, -208.02, 217.48
2251, 181, -208.02, 217.48, 258, 237.25, 183.09
2252, 258, 237.25, 183.09, 140, -299.14, -25.79
2253, 140, -299.14, -25.79, 244, 171.92, 245.85
2254, 244, 171.92, 245.85, 164, -272.49, 127.22
2255, 164, -272.49, 127.22, 253, 216.62, 208.02
2256, 253, 216.62, 208.02, 43, 177.08, -241.55
2257, 43, 177.08, -241.55, 147, -300.00, 19.77
2258, 147, -300.00, 19.77, 16, 281.09, -102.29
2259, 16, 281.09, -102.29, 227, 70.49, 291.40
2260, 227, 70.49, 291.40, 167, -263.04, 144.41
2261, 167, -263.04, 144.41, 219, 18.91, 300.00
2262, 219, 18.91, 300.00, 57, 96.28, -283.67
2263, 57, 96.28, -283.67, 201, -97.13, 284.53
2264, 201, -97.13, 284.53, 123, -269.91, -132.38
2265, 123, -269.91, -132.38, 37, 207.16, -216.62
2266, 37, 207.16, -216.62, 118, -253.58, -160.74
2267, 118, -253.58, -160.74, 34, 220.92, -202.01
2268, 34, 220.92, -202.01, 261, 249.28, 166.76
2269, 261, 249.28, 166.76, 192, -150.43, 260.46
2270, 192, -150.43, 260.46, 110, -221.78, -202.01
2271, 110, -221.78, -202.01, 14, 285.39, -89.40
2272, 14, 285.39, -89.40, 263, 256.16, 156.45
2273, 263, 256.16, 156.45, 232, 102.29, 281.95
2274, 232, 102.29, 281.95, 204, -78.22, 290.54
2275, 204, -78.22, 290.54, 281, 295.70, 46.42
2276, 281, 295.70, 46.42, 204, -78.22, 290.54
2277, 204, -78.22, 290.54, 249, 197.71, 226.07
2278, 249, 197.71, 226.07, 140, -299.14, -25.79
2279, 140, -299.14, -25.79, 235, 120.34, 275.07
2280, 235, 120.34, 275.07, 194, -139.26, 266.48
2281, 194, -139.26, 266.48, 257, 233.81, 188.25
2282, 257, 233.81, 188.25, 66, 38.68, -297.42
2283, 66, 38.68, -297.42, 218, 12.89, 300.00
2284, 218, 12.89, 300.00, 73, -6.88, -299.14
2285, 73, -6.88, -299.14, 229, 83.38, 288.83
2286, 229, 83.38, 288.83, 257, 233.81, 188.25
2287, 257, 233.81, 188.25, 19, 274.21, -120.34
2288, 19, 274.21, -120.34, 144, -300.00, -0.00
2289, 144, -300.00, -0.00, 260, 244.99, 172.78
2290, 260, 244.99, 172.78, 287, 299.14, 6.88
2291, 287, 299.14, 6.88, 201, -97.13, 284.53
2292, 201, -97.13, 284.53, 252, 211.46, 212.32
2293, 252, 211.46, 212.32, 8, 294.84, -51.58
2294, 8, 294.84, -51.58, 221, 31.81, 298.28
2295, 221, 31.81, 298.28, 170, -253.58, 161.60
2296, 170, -253.58, 161.60, 2, 299.14, -12.89
2297, 2, 299.14, -12.89, 153, -294.84, 59.31
2298, 153, -294.84, 59.31, 181, -208.02, 217.48
2299, 181, -208.02, 217.48, 211, -32.66, 298.28
2300, 211, -32.66, 298.28, 232, 102.29, 281.95
2301, 232, 102.29, 281.95, 92, -127.22, -271.63
2302, 92, -127.22, -271.63, 39, 197.71, -225.21
2303, 39, 197.71, -225.21, 279, 293.98, 59.31
2304, 279, 293.98, 59.31, 178, -221.78, 202.87
2305, 178, -221.78, 202.87, 233, 108.31, 280.23
2306, 233, 108.31, 280.23, 148, -299.14, 26.65
2307, 148, -299.14, 26.65, 207, -59.31, 294.84
2308, 207, -59.31, 294.84, 258, 237.25, 183.09
2309, 258, 237.25, 183.09, 176, -230.37, 193.41
2310, 176, -230.37, 193.41, 255, 225.21, 198.57
2311, 255, 225.21, 198.57, 4, 298.28, -25.79
2312, 4, 298.28, -25.79, 29, 241.55, -177.08
2313, 29, 241.55, -177.08, 49, 143.55, -262.18
2314, 49, 143.55, -262.18, 189, -166.76, 250.14
2315, 189, -166.76, 250.14, 147, -300.00, 19.77
2316, 147, -300.00, 19.77, 242, 160.74, 253.58
2317, 242, 160.74, 253.58, 195, -133.24, 269.91
2318, 195, -133.24, 269.91, 255, 225.21, 198.57
2319, 255, 225.21, 198.57, 183, -198.57, 226.07
2320, 183, -198.57, 226.07, 239, 143.55, 263.04
2321, 239, 143.55, 263.04, 55, 108.31, -279.37
2322, 55, 108.31, -279.37, 217, 6.02, 300.00
2323, 217, 6.02, 300.00, 47, 155.59, -256.16
2324, 47, 155.59, -256.16, 195, -133.24, 269.91
2325, 195, -133.24, 269.91, 247, 187.39, 234.67
2326, 247, 187.39, 234.67, 155, -291.40, 71.35
2327, 155, -291.40, 71.35, 196, -127.22, 272.49
2328, 196, -127.22, 272.49, 110, -221.78, -202.01
2329, 110, -221.78, -202.01, 188, -172.78, 245.85
2330, 188, -172.78, 245.85, 259, 241.55, 177.94
2331, 259, 241.55, 177.94, 66, 38.68, -297.42
2332, 66, 38.68, -297.42, 43, 177.08, -241.55
2333, 43, 177.08, -241.55, 15, 283.67, -96.28
2334, 15, 283.67, -96.28, 52, 126.36, -271.63
2335, 52, 126.36, -271.63, 218, 12.89, 300.00
2336, 218, 12.89, 300.00, 8, 294.84, -51.58
2337, 8, 294.84, -51.58, 223, 45.56, 296.56
2338, 223, 45.56, 296.56, 65, 45.56, -295.70
2339, 65, 45.56, -295.70, 252, 211.46, 212.32
2340, 252, 211.46, 212.32, 226, 64.47, 293.12
2341, 226, 64.47, 293.12, 82, -65.33, -292.26
2342, 82, -65.33, -292.26, 210, -39.54, 298.28
2343, 210, -39.54, 298.28, 54, 114.33, -276.79
2344, 54, 114.33, -276.79, 245, 177.08, 242.41
2345, 245, 177.08, 242.41, 277, 290.54, 71.35
2346, 277, 290.54, 71.35, 166, -266.48, 139.26
2347, 166, -266.48, 139.26, 228, 77.36, 290.54
2348, 228, 77.36, 290.54, 15, 283.67, -96.28
2349, 15, 283.67, -96.28, 254, 220.92, 202.87
2350, 254, 220.92, 202.87, 185, -188.25, 234.67
2351, 185, -188.25, 234.67, 235, 120.34, 275.07
2352, 235, 120.34, 275.07, 56, 102.29, -281.09
2353, 56, 102.29, -281.09, 220, 25.79, 299.14
2354, 220, 25.79, 299.14, 5, 297.42, -31.81
2355, 5, 297.42, -31.81, 250, 202.01, 221.78
2356, 250, 202.01, 221.78, 179, -217.48, 208.02
2357, 179, -217.48, 208.02, 144, -300.00, -0.00
2358, 144, -300.00, -0.00, 248, 192.55, 230.37
2359, 248, 192.55, 230.37, 152, -295.70, 52.44
2360, 152, -295.70, 52.44, 280, 294.84, 52.44
2361, 280, 294.84, 52.44, 197, -121.20, 275.07
2362, 197, -121.20, 275.07, 162, -277.65, 115.19
2363, 162, -277.65, 115.19, 272, 281.09, 103.15
2364, 272, 281.09, 103.15, 219, 18.91, 300.00
2365, 219, 18.91, 300.00, 52, 126.36, -271.63
2366, 52, 126.36, -271.63, 149, -298.28, 32.66
2367, 149, -298.28, 32.66, 22, 265.62, -138.40
2368, 22, 265.62, -138.40, 141, -300.00, -18.91
2369, 141, -300.00, -18.91, 7, 295.70, -45.56
2370, 7, 295.70, -45.56, 197, -121.20, 275.07
2371, 197, -121.20, 275.07, 173, -242.41, 177.94
2372, 173, -242.41, 177.94, 140, -299.14, -25.79
2373, 140, -299.14, -25.79, 180, -212.32, 212.32
2374, 180, -212.32, 212.32, 226, 64.47, 293.12
2375, 226, 64.47, 293.12, 246, 182.23, 238.11
2376, 246, 182.23, 238.11, 18, 276.79, -114.33
2377, 18, 276.79, -114.33, 145, -300.00, 6.88
2378, 145, -300.00, 6.88, 33, 225.21, -197.71
2379, 33, 225.21, -197.71, 287, 299.14, 6.88
2380, 287, 299.14, 6.88, 153, -294.84, 59.31
2381, 153, -294.84, 59.31, 267, 269.05, 133.24
2382, 267, 269.05, 133.24, 14, 285.39, -89.40
2383, 14, 285.39, -89.40, 220, 25.79, 299.14
2384, 220, 25.79, 299.14, 165, -269.91, 133.24
2385, 165, -269.91, 133.24, 285, 299.14, 19.77
2386, 285, 299.14, 19.77, 19, 274.21, -120.34
2387, 19, 274.21, -120.34, 258, 237.25, 183.09
2388, 258, 237.25, 183.09, 154, -293.12, 65.33
2389, 154, -293.12, 65.33, 30, 237.25, -182.23
2390, 30, 237.25, -182.23, 283, 297.42, 32.66
2391, 283, 297.42, 32.66, 249, 197.71, 226.07
2392, 249, 197.71, 226.07, 225, 58.45, 294.84
2393, 225, 58.45, 294.84, 152, -295.70, 52.44
2394, 152, -295.70, 52.44, 47, 155.59, -256.16
2395, 47, 155.59, -256.16, 150, -298.28, 39.54
2396, 150, -298.28, 39.54, 18, 276.79, -114.33
2397, 18, 276.79, -114.33, 142, -300.00, -12.89
2398, 142, -300.00, -12.89, 281, 295.70, 46.42
2399, 281, 295.70, 46.42, 161, -280.23, 109.17
2400, 161, -280.23, 109.17, 212, -26.65, 299.14
2401, 212, -26.65, 299.14, 157, -288.83, 84.24
2402, 157, -288.83, 84.24, 250, 202.01, 221.78
2403, 250, 202.01, 221.78, 159, -284.53, 97.13
2404, 159, -284.53, 97.13, 9, 293.98, -58.45
2405, 9, 293.98, -58.45, 53, 120.34, -274.21
2406, 53, 120.34, -274.21, 247, 187.39, 234.67
2407, 247, 187.39, 234.67, 89, -109.17, -279.37
2408, 89, -109.17, -279.37, 180, -212.32, 212.32
2409, 180, -212.32, 212.32, 236, 126.36, 272.49
2410, 236, 126.36, 272.49, 173, -242.41, 177.94
2411, 173, -242.41, 177.94, 287, 299.14, 6.88
2412, 287, 299.14, 6.88, 147, -300.00, 19.77
2413, 147, -300.00, 19.77, 36, 211.46, -211.46
2414, 36, 211.46, -211.46, 273, 283.67, 97.13
2415, 273, 283.67, 97.13, 13, 287.97, -83.38
2416, 13, 287.97, -83.38, 279, 293.98, 59.31
2417, 279, 293.98, 59.31, 40, 192.55, -229.51
2418, 40, 192.55, -229.51, 285, 299.14, 19.77
2419, 285, 299.14, 19.77, 102, -183.09, -237.25
2420, 102, -183.09, -237.25, 184, -193.41, 230.37
2421, 184, -193.41, 230.37, 41, 187.39, -233.81
2422, 41, 187.39, -233.81, 243, 165.90, 250.14
2423, 243, 165.90, 250.14, 282, 297.42, 39.54
2424, 282, 297.42, 39.54, 204, -78.22, 290.54
2425, 204, -78.22, 290.54, 179, -217.48, 208.02
2426, 179, -217.48, 208.02, 137, -296.56, -45.56
2427, 137, -296.56, -45.56, 259, 241.55, 177.94
2428, 259, 241.55, 177.94, 49, 143.55, -262.18
2429, 49, 143.55, -262.18, 151, -296.56, 46.42
2430, 151, -296.56, 46.42, 202, -90.26, 286.25
2431, 202, -90.26, 286.25, 282, 297.42, 39.54
2432, 282, 297.42, 39.54, 43, 177.08, -241.55
2433, 43, 177.08, -241.55, 210, -39.54, 298.28
2434, 210, -39.54, 298.28, 57, 96.28, -283.67
2435, 57, 96.28, -283.67, 214, -13.75, 300.00
2436, 214, -13.75, 300.00, 52, 126.36, -271.63
2437, 52, 126.36, -271.63, 250, 202.01, 221.78
2438, 250, 202.01, 221.78, 193, -144.41, 263.04
2439, 193, -144.41, 263.04, 148, -299.14, 26.65
2440, 148, -299.14, 26.65, 266, 265.62, 139.26
2441, 266, 265.62, 139.26, 158, -286.25, 90.26
2442, 158, -286.25, 90.26, 252, 211.46, 212.32
2443, 252, 211.46, 212.32, 210, -39.54, 298.28
2444, 210, -39.54, 298.28, 282, 297.42, 39.54
2445, 282, 297.42, 39.54, 171, -250.14, 166.76
2446, 171, -250.14, 166.76, 285, 299.14, 19.77
2447, 285, 299.14, 19.77, 194, -139.26, 266.48
2448, 194, -139.26, 266.48, 245, 177.08, 242.41
2449, 245, 177.08, 242.41, 61, 70.49, -290.54
2450, 61, 70.49, -290.54, 223, 45.56, 296.56
2451, 223, 45.56, 296.56, 78, -39.54, -297.42
2452, 78, -39.54, -297.42, 232, 102.29, 281.95
2453, 232, 102.29, 281.95, 56, 102.29, -281.09
2454, 56, 102.29, -281.09, 216, -0.86, 300.00
2455, 216, -0.86, 300.00, 173, -242.41, 177.94
2456, 173, -242.41, 177.94, 67, 31.81, -297.42
2457, 67, 31.81, -297.42, 194, -139.26, 266.48
2458, 194, -139.26, 266.48, 258, 237.25, 183.09
2459, 258, 237.25, 183.09, 183, -198.57, 226.07
2460, 183, -198.57, 226.07, 235, 120.34, 275.07
2461, 235, 120.34, 275.07, 20, 271.63, -126.36
2462, 20, 271.63, -126.36, 249, 197.71, 226.07
2463, 249, 197.71, 226.07, 141, -300.00, -18.91
2464, 141, -300.00, -18.91, 13, 287.97, -83.38
2465, 13, 287.97, -83.38, 236, 126.36, 272.49
2466, 236, 126.36, 272.49, 173, -242.41, 177.94
2467, 173, -242.41, 177.94, 82, -65.33, -292.26
2468, 82, -65.33, -292.26, 166, -266.48, 139.26
2469, 166, -266.48, 139.26, 229, 83.38, 288.83
2470, 229, 83.38, 288.83, 86, -90.26, -285.39
2471, 86, -90.26, -285.39, 208, -52.44, 295.70
2472, 208, -52.44, 295.70, 60, 77.36, -289.68
2473, 60, 77.36, -289.68, 243, 165.90, 250.14
2474, 243, 165.90, 250.14, 90, -115.19, -276.79
2475, 90, -115.19, -276.79, 207, -59.31, 294.84
2476, 207, -59.31, 294.84, 136, -295.70, -51.58
2477, 136, -295.70, -51.58, 12, 289.68, -77.36
2478, 12, 289.68, -77.36, 252, 211.46, 212.32
2479, 252, 211.46, 212.32, 155, -291.40, 71.35
2480, 155, -291.40, 71.35, 261, 249.28, 166.76
2481, 261, 249.28, 166.76, 174, -238.11, 183.09
2482, 174, -238.11, 183.09, 278, 292.26, 65.33
2483, 278, 292.26, 65.33, 177, -226.07, 198.57
2484, 177, -226.07, 198.57, 239, 143.55, 263.04
2485, 239, 143.55, 263.04, 191, -156.45, 257.02
2486, 191, -156.45, 257.02, 7, 295.70, -45.56
2487, 7, 295.70, -45.56, 269, 274.21, 121.20
2488, 269, 274.21, 121.20, 29, 241.55, -177.08
2489, 29, 241.55, -177.08, 283, 297.42, 32.66
2490, 283, 297.42, 32.66, 128, -281.95, -102.29
2491, 128, -281.95, -102.29, 39, 197.71, -225.21
2492, 39, 197.71, -225.21, 121, -263.04, -143.55
2493, 121, -263.04, -143.55, 36, 211.46, -211.46
2494, 36, 211.46, -211.46, 112, -230.37, -192.55
2495, 112, -230.37, -192.55, 191, -156.45, 257.02
2496, 191, -156.45, 257.02, 274, 285.39, 90.26
2497, 274, 285.39, 90.26, 170, -253.58, 161.60
2498, 170, -253.58, 161.60, 87, -97.13, -283.67
2499, 87, -97.13, -283.67, 173, -242.41, 177.94
2500, 173, -242.41, 177.94, 279, 293.98, 59.31
2501, 279, 293.98, 59.31, 38, 202.01, -220.92
2502, 38, 202.01, -220.92, 147, -300.00, 19.77
2503, 147, -300.00, 19.77, 14, 285.39, -89.40
2504, 14, 285.39, -89.40, 276, 289.68, 78.22
2505, 276, 289.68, 78.22, 160, -281.95, 103.15
2506, 160, -281.95, 103.15, 243, 165.90, 250.14
2507, 243, 165.90, 250.14, 276, 289.68, 78.22
2508, 276, 289.68, 78.22, 176, -230.37, 193.41
2509, 176, -230.37, 193.41, 201, -97.13, 284.53
2510, 201, -97.13, 284.53, 257, 233.81, 188.25
2511, 257, 233.81, 188.25, 29, 241.55, -177.08
2512, 29, 241.55, -177.08, 254, 220.92, 202.87
2513, 254, 220.92, 202.87, 159, -284.53, 97.13
2514, 159, -284.53, 97.13, 209, -46.42, 296.56
2515, 209, -46.42, 296.56, 1, 299.14, -6.02
2516, 1, 299.14, -6.02, 114, -238.11, -182.23
2517, 114, -238.11, -182.23, 37, 207.16, -216.62
2518, 37, 207.16, -216.62, 151, -296.56, 46.42
2519, 151, -296.56, 46.42, 211, -32.66, 298.28
2520, 211, -32.66, 298.28, 186, -183.09, 238.11
2521, 186, -183.09, 238.11, 144, -300.00, -0.00
2522, 144, -300.00, -0.00, 46, 160.74, -252.72
2523, 46, 160.74, -252.72, 211, -32.66, 298.28
2524, 211, -32.66, 298.28, 63, 58.45, -293.98
2525, 63, 58.45, -293.98, 224, 51.58, 295.70
2526, 224, 51.58, 295.70, 66, 38.68, -297.42
2527, 66, 38.68, -297.42, 256, 229.51, 193.41
2528, 256, 229.51, 193.41, 17, 279.37, -108.31
2529, 17, 279.37, -108.31, 117, -250.14, -165.90
2530, 117, -250.14, -165.90, 35, 216.62, -207.16
2531, 35, 216.62, -207.16, 245, 177.08, 242.41
2532, 245, 177.08, 242.41, 181, -208.02, 217.48
2533, 181, -208.02, 217.48, 139, -298.28, -31.81
2534, 139, -298.28, -31.81, 282, 297.42, 39.54
2535, 282, 297.42, 39.54, 15, 283.67, -96.28
2536, 15, 283.67, -96.28, 146, -300.00, 13.75
2537, 146, -300.00, 13.75, 26, 252.72, -160.74
2538, 26, 252.72, -160.74, 148, -299.14, 26.65
2539, 148, -299.14, 26.65, 247, 187.39, 234.67
2540, 247, 187.39, 234.67, 274, 285.39, 90.26
2541, 274, 285.39, 90.26, 242, 160.74, 253.58
2542, 242, 160.74, 253.58, 185, -188.25, 234.67
2543, 185, -188.25, 234.67, 234, 114.33, 277.65
2544, 234, 114.33, 277.65, 186, -183.09, 238.11
2545, 186, -183.09, 238.11, 241, 155.59, 257.02
2546, 241, 155.59, 257.02, 280, 294.84, 52.44
2547, 280, 294.84, 52.44, 168, -260.46, 150.43
2548, 168, -260.46, 150.43, 196, -127.22, 272.49
2549, 196, -127.22, 272.49, 230, 89.40, 286.25
2550, 230, 89.40, 286.25, 254, 220.92, 202.87
2551, 254, 220.92, 202.87, 114, -238.11, -182.23
2552, 114, -238.11, -182.23, 45, 165.90, -249.28
2553, 45, 165.90, -249.28, 159, -284.53, 97.13
2554, 159, -284.53, 97.13, 184, -193.41, 230.37
2555, 184, -193.41, 230.37, 252, 211.46, 212.32
2556, 252, 211.46, 212.32, 53, 120.34, -274.21
2557, 53, 120.34, -274.21, 25, 256.16, -155.59
2558, 25, 256.16, -155.59, 151, -296.56, 46.42
2559, 151, -296.56, 46.42, 270, 276.79, 115.19
2560, 270, 276.79, 115.19, 236, 126.36, 272.49
2561, 236, 126.36, 272.49, 156, -290.54, 78.22
2562, 156, -290.54, 78.22, 251, 207.16, 217.48
2563, 251, 207.16, 217.48, 2, 299.14, -12.89
2564, 2, 299.14, -12.89, 205, -71.35, 291.40
2565, 205, -71.35, 291.40, 156, -290.54, 78.22
2566, 156, -290.54, 78.22, 272, 281.09, 103.15
2567, 272, 281.09, 103.15, 238, 138.40, 266.48
2568, 238, 138.40, 266.48, 76, -26.65, -298.28
2569, 76, -26.65, -298.28, 150, -298.28, 39.54
2570, 150, -298.28, 39.54, 200, -103.15, 281.95
2571, 200, -103.15, 281.95, 120, -260.46, -149.57
2572, 120, -260.46, -149.57, 35, 216.62, -207.16
2573, 35, 216.62, -207.16, 145, -300.00, 6.88
2574, 145, -300.00, 6.88, 31, 233.81, -187.39
2575, 31, 233.81, -187.39, 267, 269.05, 133.24
2576, 267, 269.05, 133.24, 165, -269.91, 133.24
2577, 165, -269.91, 133.24, 211, -32.66, 298.28
2578, 211, -32.66, 298.28, 264, 259.60, 150.43
2579, 264, 259.60, 150.43, 201, -97.13, 284.53
2580, 201, -97.13, 284.53, 127, -280.23, -108.31
2581, 127, -280.23, -108.31, 56, 102.29, -281.09
2582, 56, 102.29, -281.09, 29, 241.55, -177.08
2583, 29, 241.55, -177.08, 53, 120.34, -274.21
2584, 53, 120.34, -274.21, 164, -272.49, 127.22
2585, 164, -272.49, 127.22, 249, 197.71, 226.07
2586, 249, 197.71, 226.07, 270, 276.79, 115.19
2587, 270, 276.79, 115.19, 24, 259.60, -149.57
2588, 24, 259.60, -149.57, 277, 290.54, 71.35
2589, 277, 290.54, 71.35, 249, 197.71, 226.07
2590, 249, 197.71, 226.07, 155, -291.40, 71.35
2591, 155, -291.40, 71.35, 175, -234.67, 188.25
2592, 175, -234.67, 188.25, 257, 233.81, 188.25
2593, 257, 233.81, 188.25, 47, 155.59, -256.16
2594, 47, 155.59, -256.16, 68, 25.79, -298.28
2595, 68, 25.79, -298.28, 156, -290.54, 78.22
2596, 156, -290.54, 78.22, 245, 177.08, 242.41
2597, 245, 177.08, 242.41, 57, 96.28, -283.67
2598, 57, 96.28, -283.67, 204, -78.22, 290.54
2599, 204, -78.22, 290.54, 78, -39.54, -297.42
2600, 78, -39.54, -297.42, 156, -290.54, 78.22
2601, 156, -290.54, 78.22, 201, -97.13, 284.53
2602, 201, -97.13, 284.53, 84, -78.22, -289.68
2603, 84, -78.22, -289.68, 172, -245.85, 172.78
2604, 172, -245.85, 172.78, 280, 294.84, 52.44
2605, 280, 294.84, 52.44, 164, -272.49, 127.22
2606, 164, -272.49, 127.22, 276, 289.68, 78.22
2607, 276, 289.68, 78.22, 144, -300.00, -0.00
2608, 144, -300.00, -0.00, 20, 271.63, -126.36
2609, 20, 271.63, -126.36, 243, 165.90, 250.14
2610, 243, 165.90, 250.14, 148, -299.14, 26.65
2611, 148, -299.14, 26.65, 179, -217.48, 208.02
2612, 179, -217.48, 208.02, 281, 295.70, 46.42
2613, 281, 295.70, 46.42, 234, 114.33, 277.65
2614, 234, 114.33, 277.65, 257, 233.81, 188.25
2615, 257, 233.81, 188.25, 209, -46.42, 296.56
2616, 209, -46.42, 296.56, 263, 256.16, 156.45
2617, 263, 256.16, 156.45, 285, 299.14, 19.77
2618, 285, 299.14, 19.77, 246, 182.23, 238.11
2619, 246, 182.23, 238.11, 56, 102.29, -281.09
2620, 56, 102.29, -281.09, 222, 38.68, 298.28
2621, 222, 38.68, 298.28, 69, 18.91, -299.14
2622, 69, 18.91, -299.14, 195, -133.24, 269.91
2623, 195, -133.24, 269.91, 142, -300.00, -12.89
2624, 142, -300.00, -12.89, 191, -156.45, 257.02
2625, 191, -156.45, 257.02, 108, -212.32, -211.46
2626, 108, -212.32, -211.46, 192, -150.43, 260.46
2627, 192, -150.43, 260.46, 259, 241.55, 177.94
2628, 259, 241.55, 177.94, 238, 138.40, 266.48
2629, 238, 138.40, 266.48, 72, 0.00, -300.00
2630, 72, 0.00, -300.00, 223, 45.56, 296.56
2631, 223, 45.56, 296.56, 68, 25.79, -298.28
2632, 68, 25.79, -298.28, 214, -13.75, 300.00
2633, 214, -13.75, 300.00, 12, 289.68, -77.36
2634, 12, 289.68, -77.36, 230, 89.40, 286.25
2635, 230, 89.40, 286.25, 85, -84.24, -287.97
2636, 85, -84.24, -287.97, 173, -242.41, 177.94
2637, 173, -242.41, 177.94, 79, -46.42, -295.70
2638, 79, -46.42, -295.70, 267, 269.05, 133.24
2639, 267, 269.05, 133.24, 152, -295.70, 52.44
2640, 152, -295.70, 52.44, 194, -139.26, 266.48
2641, 194, -139.26, 266.48, 277, 290.54, 71.35
2642, 277, 290.54, 71.35, 40, 192.55, -229.51
2643, 40, 192.55, -229.51, 282, 297.42, 39.54
2644, 282, 297.42, 39.54, 141, -300.00, -18.91
2645, 141, -300.00, -18.91, 271, 279.37, 109.17
2646, 271, 279.37, 109.17, 156, -290.54, 78.22
2647, 156, -290.54, 78.22, 42, 182.23, -237.25
2648, 42, 182.23, -237.25, 132, -290.54, -77.36
2649, 132, -290.54, -77.36, 205, -71.35, 291.40
2650, 205, -71.35, 291.40, 265, 262.18, 144.41
2651, 265, 262.18, 144.41, 81, -59.31, -293.98
2652, 81, -59.31, -293.98, 225, 58.45, 294.84
2653, 225, 58.45, 294.84, 163, -275.07, 121.20
2654, 163, -275.07, 121.20, 251, 207.16, 217.48
2655, 251, 207.16, 217.48, 151, -296.56, 46.42
2656, 151, -296.56, 46.42, 42, 182.23, -237.25
2657, 42, 182.23, -237.25, 283, 297.42, 32.66
2658, 283, 297.42, 32.66, 202, -90.26, 286.25
2659, 202, -90.26, 286.25, 78, -39.54, -297.42
2660, 78, -39.54, -297.42, 172, -245.85, 172.78
2661, 172, -245.85, 172.78, 285, 299.14, 19.77
2662, 285, 299.14, 19.77, 142, -300.00, -12.89
2663, 142, -300.00, -12.89, 210, -39.54, 298.28
2664, 210, -39.54, 298.28, 83, -71.35, -290.54
2665, 83, -71.35, -290.54, 168, -260.46, 150.43
2666, 168, -260.46, 150.43, 143, -300.00, -6.02
2667, 143, -300.00, -6.02, 229, 83.38, 288.83
2668, 229, 83.38, 288.83, 61, 70.49, -290.54
2669, 61, 70.49, -290.54, 255, 225.21, 198.57
2670, 255, 225.21, 198.57, 226, 64.47, 293.12
2671, 226, 64.47, 293.12, 143, -300.00, -6.02
2672, 143, -300.00, -6.02, 239, 143.55, 263.04
2673, 239, 143.55, 263.04, 197, -121.20, 275.07
2674, 197, -121.20, 275.07, 0, 300.00, -0.00
2675, 0, 300.00, -0.00, 110, -221.78, -202.01
2676, 110, -221.78, -202.01, 190, -161.60, 253.58
2677, 190, -161.60, 253.58, 240, 149.57, 260.46
2678, 240, 149.57, 260.46, 176, -230.37, 193.41
2679, 176, -230.37, 193.41, 199, -109.17, 280.23
2680, 199, -109.17, 280.23, 174, -238.11, 183.09
2681, 174, -238.11, 183.09, 152, -295.70, 52.44
2682, 152, -295.70, 52.44, 244, 171.92, 245.85
2683, 244, 171.92, 245.85, 182, -202.87, 221.78
2684, 182, -202.87, 221.78, 149, -298.28, 32.66
2685, 149, -298.28, 32.66, 244, 171.92, 245.85
2686, 244, 171.92, 245.85, 55, 108.31, -279.37
2687, 55, 108.31, -279.37, 20, 271.63, -126.36
2688, 20, 271.63, -126.36, 245, 177.08, 242.41
2689, 245, 177.08, 242.41, 156, -290.54, 78.22
2690, 156, -290.54, 78.22, 259, 241.55, 177.94
2691, 259, 241.55, 177.94, 159, -284.53, 97.13
2692, 159, -284.53, 97.13, 251, 207.16, 217.48
2693, 251, 207.16, 217.48, 21, 269.05, -132.38
2694, 21, 269.05, -132.38, 74, -13.75, -299.14
2695, 74, -13.75, -299.14, 37, 207.16, -216.62
2696, 37, 207.16, -216.62, 14, 285.39, -89.40
2697, 14, 285.39, -89.40, 244, 171.92, 245.85
2698, 244, 171.92, 245.85, 224, 51.58, 295.70
2699, 224, 51.58, 295.70, 74, -13.75, -299.14
2700, 74, -13.75, -299.14, 219, 18.91, 300.00
2701, 219, 18.91, 300.00, 14, 285.39, -89.40
2702, 14, 285.39, -89.40, 111, -226.07, -197.71
2703, 111, -226.07, -197.71, 199, -109.17, 280.23
2704, 199, -109.17, 280.23, 128, -281.95, -102.29
2705, 128, -281.95, -102.29, 197, -121.20, 275.07
2706, 197, -121.20, 275.07, 233, 108.31, 280.23
2707, 233, 108.31, 280.23, 260, 244.99, 172.78
2708, 260, 244.99, 172.78, 8, 294.84, -51.58
2709, 8, 294.84, -51.58, 52, 126.36, -271.63
2710, 52, 126.36, -271.63, 207, -59.31, 294.84
2711, 207, -59.31, 294.84, 56, 102.29, -281.09
2712, 56, 102.29, -281.09, 227, 70.49, 291.40
2713, 227, 70.49, 291.40, 17, 279.37, -108.31
2714, 17, 279.37, -108.31, 146, -300.00, 13.75
2715, 146, -300.00, 13.75, 27, 249.28, -165.90
2716, 27, 249.28, -165.90, 251, 207.16, 217.48
2717, 251, 207.16, 217.48, 231, 96.28, 284.53
2718, 231, 96.28, 284.53, 146, -300.00, 13.75
2719, 146, -300.00, 13.75, 32, 229.51, -192.55
2720, 32, 229.51, -192.55, 154, -293.12, 65.33
2721, 154, -293.12, 65.33, 263, 256.16, 156.45
2722, 263, 256.16, 156.45, 216, -0.86, 300.00
2723, 216, -0.86, 300.00, 171, -250.14, 166.76
2724, 171, -250.14, 166.76, 82, -65.33, -292.26
2725, 82, -65.33, -292.26, 240, 149.57, 260.46
2726, 240, 149.57, 260.46, 176, -230.37, 193.41
2727, 176, -230.37, 193.41, 197, -121.20, 275.07
2728, 197, -121.20, 275.07, 219, 18.91, 300.00
2729, 219, 18.91, 300.00, 253, 216.62, 208.02
2730, 253, 216.62, 208.02, 189, -166.76, 250.14
2731, 189, -166.76, 250.14, 154, -293.12, 65.33
2732, 154, -293.12, 65.33, 50, 138.40, -265.62
2733, 50, 138.40, -265.62, 193, -144.41, 263.04
2734, 193, -144.41, 263.04, 105, -198.57, -225.21
2735, 105, -198.57, -225.21, 194, -139.26, 266.48
2736, 194, -139.26, 266.48, 147, -300.00, 19.77
2737, 147, -300.00, 19.77, 237, 132.38, 269.91
2738, 237, 132.38, 269.91, 275, 287.97, 84.24
2739, 275, 287.97, 84.24, 8, 294.84, -51.58
2740, 8, 294.84, -51.58, 29, 241.55, -177.08
2741, 29, 241.55, -177.08, 180, -212.32, 212.32
2742, 180, -212.32, 212.32, 92, -127.22, -271.63
2743, 92, -127.22, -271.63, 33, 225.21, -197.71
2744, 33, 225.21, -197.71, 229, 83.38, 288.83
2745, 229, 83.38, 288.83, 81, -59.31, -293.98
2746, 81, -59.31, -293.98, 203, -84.24, 288.83
2747, 203, -84.24, 288.83, 2, 299.14, -12.89
2748, 2, 299.14, -12.89, 208, -52.44, 295.70
2749, 208, -52.44, 295.70, 1, 299.14, -6.02
2750, 1, 299.14, -6.02, 225, 58.45, 294.84
2751, 225, 58.45, 294.84, 264, 259.60, 150.43
2752, 264, 259.60, 150.43, 231, 96.28, 284.53
2753, 231, 96.28, 284.53, 144, -300.00, -0.00
2754, 144, -300.00, -0.00, 216, -0.86, 300.00
2755, 216, -0.86, 300.00, 278, 292.26, 65.33
2756, 278, 292.26, 65.33, 198, -115.19, 277.65
2757, 198, -115.19, 277.65, 169, -257.02, 156.45
2758, 169, -257.02, 156.45, 280, 294.84, 52.44
2759, 280, 294.84, 52.44, 37, 207.16, -216.62
2760, 37, 207.16, -216.62, 117, -250.14, -165.90
2761, 117, -250.14, -165.90, 38, 202.01, -220.92
2762, 38, 202.01, -220.92, 248, 192.55, 230.37
2763, 248, 192.55, 230.37, 185, -188.25, 234.67
2764, 185, -188.25, 234.67, 245, 177.08, 242.41
2765, 245, 177.08, 242.41, 63, 58.45, -293.98
2766, 63, 58.45, -293.98, 239, 143.55, 263.04
2767, 239, 143.55, 263.04, 180, -212.32, 212.32
2768, 180, -212.32, 212.32, 141, -300.00, -18.91
2769, 141, -300.00, -18.91, 258, 237.25, 183.09
2770, 258, 237.25, 183.09, 7, 295.70, -45.56
2771, 7, 295.70, -45.56, 28, 244.99, -171.92
2772, 28, 244.99, -171.92, 285, 299.14, 19.77
2773, 285, 299.14, 19.77, 209, -46.42, 296.56
2774, 209, -46.42, 296.56, 269, 274.21, 121.20
2775, 269, 274.21, 121.20, 219, 18.91, 300.00
2776, 219, 18.91, 300.00, 245, 177.08, 242.41
2777, 245, 177.08, 242.41, 218, 12.89, 300.00
2778, 218, 12.89, 300.00, 198, -115.19, 277.65
2779, 198, -115.19, 277.65, 57, 96.28, -283.67
2780, 57, 96.28, -283.67, 214, -13.75, 300.00
2781, 214, -13.75, 300.00, 66, 38.68, -297.42
2782, 66, 38.68, -297.42, 7, 295.70, -45.56
2783, 7, 295.70, -45.56, 202, -90.26, 286.25
2784, 202, -90.26, 286.25, 125, -275.07, -120.34
2785, 125, -275.07, -120.34, 194, -139.26, 266.48
2786, 194, -139.26, 266.48, 247, 187.39, 234.67
2787, 247, 187.39, 234.67, 50, 138.40, -265.62
2788, 50, 138.40, -265.62, 17, 279.37, -108.31
2789, 17, 279.37, -108.31, 116, -245.85, -171.92
2790, 116, -245.85, -171.92, 36, 211.46, -211.46
2791, 36, 211.46, -211.46, 276, 289.68, 78.22
2792, 276, 289.68, 78.22, 40, 192.55, -229.51
2793, 40, 192.55, -229.51, 278, 292.26, 65.33
2794, 278, 292.26, 65.33, 168, -260.46, 150.43
2795, 168, -260.46, 150.43, 251, 207.16, 217.48
2796, 251, 207.16, 217.48, 87, -97.13, -283.67
2797, 87, -97.13, -283.67, 241, 155.59, 257.02
2798, 241, 155.59, 257.02, 287, 299.14, 6.88
2799, 287, 299.14, 6.88, 265, 262.18, 144.41
2800, 265, 262.18, 144.41, 34, 220.92, -202.01
2801, 34, 220.92, -202.01, 154, -293.12, 65.33
2802, 154, -293.12, 65.33, 278, 292.26, 65.33
2803, 278, 292.26, 65.33, 16, 281.09, -102.29
2804, 16, 281.09, -102.29, 242, 160.74, 253.58
2805, 242, 160.74, 253.58, 150, -298.28, 39.54
2806, 150, -298.28, 39.54, 30, 237.25, -182.23
2807, 30, 237.25, -182.23, 271, 279.37, 109.17
2808, 271, 279.37, 109.17, 161, -280.23, 109.17
2809, 161, -280.23, 109.17, 215, -6.88, 300.00
2810, 215, -6.88, 300.00, 269, 274.21, 121.20
2811, 269, 274.21, 121.20, 150, -298.28, 39.54
2812, 150, -298.28, 39.54, 39, 197.71, -225.21
2813, 39, 197.71, -225.21, 236, 126.36, 272.49
2814, 236, 126.36, 272.49, 71, 6.02, -299.14
2815, 71, 6.02, -299.14, 222, 38.68, 298.28
2816, 222, 38.68, 298.28, 160, -281.95, 103.15
2817, 160, -281.95, 103.15, 285, 299.14, 19.77
2818, 285, 299.14, 19.77, 168, -260.46, 150.43
2819, 168, -260.46, 150.43, 286, 299.14, 13.75
2820, 286, 299.14, 13.75, 247, 187.39, 234.67
2821, 247, 187.39, 234.67, 179, -217.48, 208.02
2822, 179, -217.48, 208.02, 243, 165.90, 250.14
2823, 243, 165.90, 250.14, 188, -172.78, 245.85
2824, 188, -172.78, 245.85, 260, 244.99, 172.78
2825, 260, 244.99, 172.78, 203, -84.24, 288.83
2826, 203, -84.24, 288.83, 255, 225.21, 198.57
2827, 255, 225.21, 198.57, 76, -26.65, -298.28
2828, 76, -26.65, -298.28, 218, 12.89, 300.00
2829, 218, 12.89, 300.00, 18, 276.79, -114.33
2830, 18, 276.79, -114.33, 56, 102.29, -281.09
2831, 56, 102.29, -281.09, 213, -19.77, 300.00
2832, 213, -19.77, 300.00, 192, -150.43, 260.46
2833, 192, -150.43, 260.46, 142, -300.00, -12.89
2834, 142, -300.00, -12.89, 171, -250.14, 166.76
2835, 171, -250.14, 166.76, 211, -32.66, 298.28
2836, 211, -32.66, 298.28, 45, 165.90, -249.28
2837, 45, 165.90, -249.28, 286, 299.14, 13.75
2838, 286, 299.14, 13.75, 104, -193.41, -229.51
2839, 104, -193.41, -229.51, 187, -177.94, 242.41
2840, 187, -177.94, 242.41, 99, -166.76, -249.28
2841, 99, -166.76, -249.28, 284, 298.28, 26.65
2842, 284, 298.28, 26.65, 184, -193.41, 230.37
2843, 184, -193.41, 230.37, 161, -280.23, 109.17
2844, 161, -280.23, 109.17, 140, -299.14, -25.79
2845, 140, -299.14, -25.79, 197, -121.20, 275.07
2846, 197, -121.20, 275.07, 219, 18.91, 300.00
2847, 219, 18.91, 300.00, 183, -198.57, 226.07
2848, 183, -198.57, 226.07, 159, -284.53, 97.13
2849, 159, -284.53, 97.13, 251, 207.16, 217.48
2850, 251, 207.16, 217.48, 157, -288.83, 84.24
2851, 157, -288.83, 84.24, 44, 171.92, -244.99
2852, 44, 171.92, -244.99, 284, 298.28, 26.65
2853, 284, 298.28, 26.65, 170, -253.58, 161.60
2854, 170, -253.58, 161.60, 86, -90.26, -285.39
2855, 86, -90.26, -285.39, 172, -245.85, 172.78
2856, 172, -245.85, 172.78, 216, -0.86, 300.00
2857, 216, -0.86, 300.00, 268, 271.63, 127.22
2858, 268, 271.63, 127.22, 192, -150.43, 260.46
2859, 192, -150.43, 260.46, 253, 216.62, 208.02
2860, 253, 216.62, 208.02, 13, 287.97, -83.38
2861, 13, 287.97, -83.38, 143, -300.00, -6.02
2862, 143, -300.00, -6.02, 46, 160.74, -252.72
2863, 46, 160.74, -252.72, 148, -299.14, 26.65
2864, 148, -299.14, 26.65, 29, 241.55, -177.08
2865, 29, 241.55, -177.08, 0, 300.00, -0.00
2866, 0, 300.00, -0.00, 201, -97.13, 284.53
2867, 201, -97.13, 284.53, 80, -52.44, -294.84
2868, 80, -52.44, -294.84, 160, -281.95, 103.15
2869, 160, -281.95, 103.15, 15, 283.67, -96.28
2870, 15, 283.67, -96.28, 248, 192.55, 230.37
2871, 248, 192.55, 230.37, 224, 51.58, 295.70
2872, 224, 51.58, 295.70, 2, 299.14, -12.89
2873, 2, 299.14, -12.89, 141, -300.00, -18.91
2874, 141, -300.00, -18.91, 243, 165.90, 250.14
2875, 243, 165.90, 250.14, 58, 89.40, -285.39
2876, 58, 89.40, -285.39, 245, 177.08, 242.41
2877, 245, 177.08, 242.41, 280, 294.84, 52.44
2878, 280, 294.84, 52.44, 195, -133.24, 269.91
2879, 195, -133.24, 269.91, 281, 295.70, 46.42
2880, 281, 295.70, 46.42, 239, 143.55, 263.04
2881, 239, 143.55, 263.04, 152, -295.70, 52.44
2882, 152, -295.70, 52.44, 24, 259.60, -149.57
2883, 24, 259.60, -149.57, 149, -298.28, 32.66
2884, 149, -298.28, 32.66, 48, 149.57, -259.60
2885, 48, 149.57, -259.60, 3, 299.14, -18.91
2886, 3, 299.14, -18.91, 270, 276.79, 115.19
2887, 270, 276.79, 115.19, 113, -234.67, -187.39
2888, 113, -234.67, -187.39, 35, 216.62, -207.16
2889, 35, 216.62, -207.16, 265, 262.18, 144.41
2890, 265, 262.18, 144.41, 237, 132.38, 269.91
2891, 237, 132.38, 269.91, 182, -202.87, 221.78
2892, 182, -202.87, 221.78, 235, 120.34, 275.07
2893, 235, 120.34, 275.07, 149, -298.28, 32.66
2894, 149, -298.28, 32.66, 269, 274.21, 121.20
2895, 269, 274.21, 121.20, 170, -253.58, 161.60
2896, 170, -253.58, 161.60, 81, -59.31, -293.98
2897, 81, -59.31, -293.98, 235, 120.34, 275.07
2898, 235, 120.34, 275.07, 77, -32.66, -297.42
2899, 77, -32.66, -297.42, 225, 58.45, 294.84
2900, 225, 58.45, 294.84, 11, 290.54, -70.49
2901, 11, 290.54, -70.49, 238, 138.40, 266.48
2902, 238, 138.40, 266.48, 177, -226.07, 198.57
2903, 177, -226.07, 198.57, 256, 229.51, 193.41
2904, 256, 229.51, 193.41, 27, 249.28, -165.90
2905, 27, 249.28, -165.90, 267, 269.05, 133.24
2906, 267, 269.05, 133.24, 237, 132.38, 269.91
2907, 237, 132.38, 269.91, 140, -299.14, -25.79
2908, 140, -299.14, -25.79, 164, -272.49, 127.22
2909, 164, -272.49, 127.22, 247, 187.39, 234.67
2910, 247, 187.39, 234.67, 197, -121.20, 275.07
2911, 197, -121.20, 275.07, 51, 132.38, -269.05
2912, 51, 132.38, -269.05, 189, -166.76, 250.14
2913, 189, -166.76, 250.14, 109, -217.48, -207.16
2914, 109, -217.48, -207.16, 186, -183.09, 238.11
2915, 186, -183.09, 238.11, 260, 244.99, 172.78
2916, 260, 244.99, 172.78, 233, 108.31, 280.23
2917, 233, 108.31, 280.23, 88, -103.15, -281.09
2918, 88, -103.15, -281.09, 205, -71.35, 291.40
2919, 205, -71.35, 291.40, 133, -291.40, -70.49
2920, 133, -291.40, -70.49, 41, 187.39, -233.81
2921, 41, 187.39, -233.81, 134, -293.12, -64.47
2922, 134, -293.12, -64.47, 203, -84.24, 288.83
2923, 203, -84.24, 288.83, 82, -65.33, -292.26
2924, 82, -65.33, -292.26, 231, 96.28, 284.53
2925, 231, 96.28, 284.53, 267, 269.05, 133.24
2926, 267, 269.05, 133.24, 224, 51.58, 295.70
2927, 224, 51.58, 295.70, 51, 132.38, -269.05
2928, 51, 132.38, -269.05, 214, -13.75, 300.00
2929, 214, -13.75, 300.00, 13, 287.97, -83.38
2930, 13, 287.97, -83.38, 252, 211.46, 212.32
2931, 252, 211.46, 212.32, 30, 237.25, -182.23
2932, 30, 237.25, -182.23, 147, -300.00, 19.77
2933, 147, -300.00, 19.77, 231, 96.28, 284.53
2934, 231, 96.28, 284.53, 271, 279.37, 109.17
2935, 271, 279.37, 109.17, 215, -6.88, 300.00
2936, 215, -6.88, 300.00, 262, 252.72, 161.60
2937, 262, 252.72, 161.60, 153, -294.84, 59.31
2938, 153, -294.84, 59.31, 45, 165.90, -249.28
2939, 45, 165.90, -249.28, 150, -298.28, 39.54
2940, 150, -298.28, 39.54, 207, -59.31, 294.84
2941, 207, -59.31, 294.84, 247, 187.39, 234.67
2942, 247, 187.39, 234.67, 155, -291.40, 71.35
2943, 155, -291.40, 71.35, 1, 299.14, -6.02
2944, 1, 299.14, -6.02, 198, -115.19, 277.65
2945, 198, -115.19, 277.65, 161, -280.23, 109.17
2946, 161, -280.23, 109.17, 74, -13.75, -299.14
2947, 74, -13.75, -299.14, 248, 192.55, 230.37
2948, 248, 192.55, 230.37, 193, -144.41, 263.04
2949, 193, -144.41, 263.04, 268, 271.63, 127.22
2950, 268, 271.63, 127.22, 237, 132.38, 269.91
2951, 237, 132.38, 269.91, 80, -52.44, -294.84
2952, 80, -52.44, -294.84, 169, -257.02, 156.45
2953, 169, -257.02, 156.45, 283, 297.42, 32.66
2954, 283, 297.42, 32.66, 39, 197.71, -225.21
2955, 39, 197.71, -225.21, 280, 294.84, 52.44
2956, 280, 294.84, 52.44, 124, -272.49, -126.36
2957, 124, -272.49, -126.36, 37, 207.16, -216.62
2958, 37, 207.16, -216.62, 274, 285.39, 90.26
2959, 274, 285.39, 90.26, 150, -298.28, 39.54
2960, 150, -298.28, 39.54, 206, -65.33, 293.12
2961, 206, -65.33, 293.12, 260, 244.99, 172.78
2962, 260, 244.99, 172.78, 7, 295.70, -45.56
2963, 7, 295.70, -45.56, 233, 108.31, 280.23
2964, 233, 108.31, 280.23, 173, -242.41, 177.94
2965, 173, -242.41, 177.94, 149, -298.28, 32.66
2966, 149, -298.28, 32.66, 211, -32.66, 298.28
2967, 211, -32.66, 298.28, 64, 51.58, -294.84
2968, 64, 51.58, -294.84, 279, 293.98, 59.31
2969, 279, 293.98, 59.31, 84, -78.22, -289.68
2970, 84, -78.22, -289.68, 231, 96.28, 284.53
2971, 231, 96.28, 284.53, 169, -257.02, 156.45
2972, 169, -257.02, 156.45, 60, 77.36, -289.68
2973, 60, 77.36, -289.68, 171, -250.14, 166.76
2974, 171, -250.14, 166.76, 228, 77.36, 290.54
2975, 228, 77.36, 290.54, 66, 38.68, -297.42
2976, 66, 38.68, -297.42, 36, 211.46, -211.46
2977, 36, 211.46, -211.46, 10, 292.26, -64.47
2978, 10, 292.26, -64.47, 197, -121.20, 275.07
2979, 197, -121.20, 275.07, 162, -277.65, 115.19
2980, 162, -277.65, 115.19, 285, 299.14, 19.77
2981, 285, 299.14, 19.77, 259, 241.55, 177.94
2982, 259, 241.55, 177.94, 83, -71.35, -290.54
2983, 83, -71.35, -290.54, 254, 220.92, 202.87
2984, 254, 220.92, 202.87, 175, -234.67, 188.25
2985, 175, -234.67, 188.25, 244, 171.92, 245.85
2986, 244, 171.92, 245.85, 199, -109.17, 280.23
2987, 199, -109.17, 280.23, 259, 241.55, 177.94
2988, 259, 241.55, 177.94, 31, 233.81, -187.39
2989, 31, 233.81, -187.39, 281, 295.70, 46.42
2990, 281, 295.70, 46.42, 148, -299.14, 26.65
2991, 148, -299.14, 26.65, 43, 177.08, -241.55
2992, 43, 177.08, -241.55, 214, -13.75, 300.00
2993, 214, -13.75, 300.00, 54, 114.33, -276.79
2994, 54, 114.33, -276.79, 204, -78.22, 290.54
2995, 204, -78.22, 290.54, 61, 70.49, -290.54
2996, 61, 70.49, -290.54, 251, 207.16, 217.48
2997, 251, 207.16, 217.48, 55, 108.31, -279.37
2998, 55, 108.31, -279.37, 201, -97.13, 284.53
2999, 201, -97.13, 284.53, 249, 197.71, 226.07
3000, 249, 197.71, 226.07, 160, -281.95, 103.15
3001, 160, -281.95, 103.15, 272, 281.09, 103.15
3002, 272, 281.09, 103.15, 8, 294.84, -51.58
3003, 8, 294.84, -51.58, 239, 143.55, 263.04
3004, 239, 143.55, 263.04, 13, 287.97, -83.38
3005, 13, 287.97, -83.38, 253, 216.62, 208.02
3006, 253, 216.62, 208.02, 162, -277.65, 115.19
3007, 162, -277.65, 115.19, 245, 177.08, 242.41
3008, 245, 177.08, 242.41, 90, -115.19, -276.79
3009, 90, -115.19, -276.79, 246, 182.23, 238.11
3010, 246, 182.23, 238.11, 170, -253.58, 161.60
3011, 170, -253.58, 161.60, 229, 83.38, 288.83
3012, 229, 83.38, 288.83, 10, 292.26, -64.47
3013, 10, 292.26, -64.47, 250, 202.01, 221.78
3014, 250, 202.01, 221.78, 190, -161.60, 253.58
3015, 190, -161.60, 253.58, 225, 58.45, 294.84
3016, 225, 58.45, 294.84, 182, -202.87, 221.78
3017, 182, -202.87, 221.78, 94, -139.26, -265.62
3018, 94, -139.26, -265.62, 181, -208.02, 217.48
3019, 181, -208.02, 217.48, 251, 207.16, 217.48
3020, 251, 207.16, 217.48, 152, -295.70, 52.44
3021, 152, -295.70, 52.44, 268, 271.63, 127.22
3022, 268, 271.63, 127.22, 189, -166.76, 250.14
3023, 189, -166.76, 250.14, 232, 102.29, 281.95
3024, 232, 102.29, 281.95, 75, -19.77, -299.14
3025, 75, -19.77, -299.14, 253, 216.62, 208.02
3026, 253, 216.62, 208.02, 29, 241.55, -177.08
3027, 29, 241.55, -177.08, 151, -296.56, 46.42
3028, 151, -296.56, 46.42, 275, 287.97, 84.24
3029, 275, 287.97, 84.24, 21, 269.05, -132.38
3030, 21, 269.05, -132.38, 41, 187.39, -233.81
3031, 41, 187.39, -233.81, 146, -300.00, 13.75
3032, 146, -300.00, 13.75, 33, 225.21, -197.71
3033, 33, 225.21, -197.71, 7, 295.70, -45.56
3034, 7, 295.70, -45.56, 275, 287.97, 84.24
3035, 275, 287.97, 84.24, 117, -250.14, -165.90
3036, 117, -250.14, -165.90, 199, -109.17, 280.23
3037, 199, -109.17, 280.23, 285, 299.14, 19.77
3038, 285, 299.14, 19.77, 241, 155.59, 257.02
3039, 241, 155.59, 257.02, 186, -183.09, 238.11
3040, 186, -183.09, 238.11, 240, 149.57, 260.46
3041, 240, 149.57, 260.46, 151, -296.56, 46.42
3042, 151, -296.56, 46.42, 182, -202.87, 221.78
3043, 182, -202.87, 221.78, 22, 265.62, -138.40
3044, 22, 265.62, -138.40, 142, -300.00, -12.89
3045, 142, -300.00, -12.89, 167, -263.04, 144.41
3046, 167, -263.04, 144.41, 196, -127.22, 272.49
3047, 196, -127.22, 272.49, 68, 25.79, -298.28
3048, 68, 25.79, -298.28, 258, 237.25, 183.09
3049, 258, 237.25, 183.09, 48, 149.57, -259.60
3050, 48, 149.57, -259.60, 212, -26.65, 299.14
3051, 212, -26.65, 299.14, 242, 160.74, 253.58
3052, 242, 160.74, 253.58, 272, 281.09, 103.15
3053, 272, 281.09, 103.15, 57, 96.28, -283.67
3054, 57, 96.28, -283.67, 248, 192.55, 230.37
3055, 248, 192.55, 230.37, 218, 12.89, 300.00
3056, 218, 12.89, 300.00, 189, -166.76, 250.14
3057, 189, -166.76, 250.14, 264, 259.60, 150.43
3058, 264, 259.60, 150.43, 56, 102.29, -281.09
3059, 56, 102.29, -281.09, 200, -103.15, 281.95
3060, 200, -103.15, 281.95, 121, -263.04, -143.55
3061, 121, -263.04, -143.55, 35, 216.62, -207.16
3062, 35, 216.62, -207.16, 276, 289.68, 78.22
3063, 276, 289.68, 78.22, 225, 58.45, 294.84
3064, 225, 58.45, 294.84, 144, -300.00, -0.00
3065, 144, -300.00, -0.00, 178, -221.78, 202.87
3066, 178, -221.78, 202.87, 200, -103.15, 281.95
3067, 200, -103.15, 281.95, 53, 120.34, -274.21
3068, 53, 120.34, -274.21, 249, 197.71, 226.07
3069, 249, 197.71, 226.07, 168, -260.46, 150.43
3070, 168, -260.46, 150.43, 282, 297.42, 39.54
3071, 282, 297.42, 39.54, 160, -281.95, 103.15
3072, 160, -281.95, 103.15, 253, 216.62, 208.02
3073, 253, 216.62, 208.02, 53, 120.34, -274.21
3074, 53, 120.34, -274.21, 217, 6.02, 300.00
3075, 217, 6.02, 300.00, 44, 171.92, -244.99
3076, 44, 171.92, -244.99, 13, 287.97, -83.38
3077, 13, 287.97, -83.38, 265, 262.18, 144.41
3078, 265, 262.18, 144.41, 109, -217.48, -207.16
3079, 109, -217.48, -207.16, 2, 299.14, -12.89
3080, 2, 299.14, -12.89, 171, -250.14, 166.76
3081, 171, -250.14, 166.76, 252, 211.46, 212.32
3082, 252, 211.46, 212.32, 6, 297.42, -38.68
3083, 6, 297.42, -38.68, 50, 138.40, -265.62
3084, 50, 138.40, -265.62, 156, -290.54, 78.22
3085, 156, -290.54, 78.22, 190, -161.60, 253.58
3086, 190, -161.60, 253.58, 247, 187.39, 234.67
3087, 247, 187.39, 234.67, 64, 51.58, -294.84
3088, 64, 51.58, -294.84, 219, 18.91, 300.00
3089, 219, 18.91, 300.00, 170, -253.58, 161.60
3090, 170, -253.58, 161.60, 66, 38.68, -297.42
3091, 66, 38.68, -297.42, 243, 165.90, 250.14
3092, 243, 165.90, 250.14, 54, 114.33, -276.79
3093, 54, 114.33, -276.79, 203, -84.24, 288.83
3094, 203, -84.24, 288.83, 165, -269.91, 133.24
3095, 165, -269.91, 133.24, 84, -78.22, -289.68
3096, 84, -78.22, -289.68, 209, -46.42, 296.56
3097, 209, -46.42, 296.56, 62, 64.47, -292.26
3098, 62, 64.47, -292.26, 160, -281.95, 103.15
3099, 160, -281.95, 103.15, 205, -71.35, 291.40
3100, 205, -71.35, 291.40, 231, 96.28, 284.53
3101, 231, 96.28, 284.53, 256, 229.51, 193.41
3102, 256, 229.51, 193.41, 221, 31.81, 298.28
3103, 221, 31.81, 298.28, 73, -6.88, -299.14
3104, 73, -6.88, -299.14, 226, 64.47, 293.12
3105, 226, 64.47, 293.12, 139, -298.28, -31.81
3106, 139, -298.28, -31.81, 165, -269.91, 133.24
3107, 165, -269.91, 133.24, 241, 155.59, 257.02
3108, 241, 155.59, 257.02, 18, 276.79, -114.33
3109, 18, 276.79, -114.33, 257, 233.81, 188.25
3110, 257, 233.81, 188.25, 200, -103.15, 281.95
3111, 200, -103.15, 281.95, 129, -284.53, -96.28
3112, 129, -284.53, -96.28, 196, -127.22, 272.49
3113, 196, -127.22, 272.49, 244, 171.92, 245.85
3114, 244, 171.92, 245.85, 163, -275.07, 121.20
3115, 163, -275.07, 121.20, 281, 295.70, 46.42
3116, 281, 295.70, 46.42, 36, 211.46, -211.46
3117, 36, 211.46, -211.46, 111, -226.07, -197.71
3118, 111, -226.07, -197.71, 189, -166.76, 250.14
3119, 189, -166.76, 250.14, 125, -275.07, -120.34
3120, 125, -275.07, -120.34, 192, -150.43, 260.46
3121, 192, -150.43, 260.46, 264, 259.60, 150.43
3122, 264, 259.60, 150.43, 146, -300.00, 13.75
3123, 146, -300.00, 13.75, 273, 283.67, 97.13
3124, 273, 283.67, 97.13, 153, -294.84, 59.31
3125, 153, -294.84, 59.31, 48, 149.57, -259.60
3126, 48, 149.57, -259.60, 150, -298.28, 39.54
3127, 150, -298.28, 39.54, 31, 233.81, -187.39
3128, 31, 233.81, -187.39, 270, 276.79, 115.19
3129, 270, 276.79, 115.19, 221, 31.81, 298.28
3130, 221, 31.81, 298.28, 186, -183.09, 238.11
3131, 186, -183.09, 238.11, 165, -269.91, 133.24
3132, 165, -269.91, 133.24, 284, 298.28, 26.65
3133, 284, 298.28, 26.65, 157, -288.83, 84.24
3134, 157, -288.83, 84.24, 42, 182.23, -237.25
3135, 42, 182.23, -237.25, 285, 299.14, 19.77
3136, 285, 299.14, 19.77, 139, -298.28, -31.81
3137, 139, -298.28, -31.81, 208, -52.44, 295.70
3138, 208, -52.44, 295.70, 138, -298.28, -38.68
3139, 138, -298.28, -38.68, 282, 297.42, 39.54
3140, 282, 297.42, 39.54, 143, -300.00, -6.02
3141, 143, -300.00, -6.02, 45, 165.90, -249.28
3142, 45, 165.90, -249.28, 255, 225.21, 198.57
3143, 255, 225.21, 198.57, 15, 283.67, -96.28
3144, 15, 283.67, -96.28, 234, 114.33, 277.65
3145, 234, 114.33, 277.65, 136, -295.70, -51.58
3146, 136, -295.70, -51.58, 184, -193.41, 230.37
3147, 184, -193.41, 230.37, 236, 126.36, 272.49
3148, 236, 126.36, 272.49, 52, 126.36, -271.63
3149, 52, 126.36, -271.63, 216, -0.86, 300.00
3150, 216, -0.86, 300.00, 47, 155.59, -256.16
3151, 47, 155.59, -256.16, 1, 299.14, -6.02
3152, 1, 299.14, -6.02, 228, 77.36, 290.54
3153, 228, 77.36, 290.54, 190, -161.60, 253.58
3154, 190, -161.60, 253.58, 260, 244.99, 172.78
3155, 260, 244.99, 172.78, 24, 259.60, -149.57
3156, 24, 259.60, -149.57, 144, -300.00, -0.00
3157, 144, -300.00, -0.00, 259, 241.55, 177.94
3158, 259, 241.55, 177.94, 6, 297.42, -38.68
3159, 6, 297.42, -38.68, 223, 45.56, 296.56
3160, 223, 45.56, 296.56, 66, 38.68, -297.42
3161, 66, 38.68, -297.42, 258, 237.25, 183.09
3162, 258, 237.25, 183.09, 230, 89.40, 286.25
3163, 230, 89.40, 286.25, 1, 299.14, -6.02
3164, 1, 299.14, -6.02, 169, -257.02, 156.45
3165, 169, -257.02, 156.45, 255, 225.21, 198.57
3166, 255, 225.21, 198.57, 10, 292.26, -64.47
3167, 10, 292.26, -64.47, 222, 38.68, 298.28
3168, 222, 38.68, 298.28, 56, 102.29, -281.09
3169, 56, 102.29, -281.09, 200, -103.15, 281.95
3170, 200, -103.15, 281.95, 176, -230.37, 193.41
3171, 176, -230.37, 193.41, 234, 114.33, 277.65
3172, 234, 114.33, 277.65, 19, 274.21, -120.34
3173, 19, 274.21, -120.34, 173, -242.41, 177.94
3174, 173, -242.41, 177.94, 222, 38.68, 298.28
3175, 222, 38.68, 298.28, 7, 295.70, -45.56
3176, 7, 295.70, -45.56, 199, -109.17, 280.23
3177, 199, -109.17, 280.23, 171, -250.14, 166.76
3178, 171, -250.14, 166.76, 87, -97.13, -283.67
3179, 87, -97.13, -283.67, 240, 149.57, 260.46
3180, 240, 149.57, 260.46, 179, -217.48, 208.02
3181, 179, -217.48, 208.02, 242, 160.74, 253.58
3182, 242, 160.74, 253.58, 12, 289.68, -77.36
3183, 12, 289.68, -77.36, 40, 192.55, -229.51
3184, 40, 192.55, -229.51, 282, 297.42, 39.54
3185, 282, 297.42, 39.54, 158, -286.25, 90.26
3186, 158, -286.25, 90.26, 194, -139.26, 266.48
3187, 194, -139.26, 266.48, 246, 182.23, 238.11
3188, 246, 182.23, 238.11, 161, -280.23, 109.17
3189, 161, -280.23, 109.17, 222, 38.68, 298.28
3190, 222, 38.68, 298.28, 252, 211.46, 212.32
3191, 252, 211.46, 212.32, 13, 287.97, -83.38
3192, 13, 287.97, -83.38, 228, 77.36, 290.54
3193, 228, 77.36, 290.54, 174, -238.11, 183.09
3194, 174, -238.11, 183.09, 85, -84.24, -287.97
3195, 85, -84.24, -287.97, 206, -65.33, 293.12
3196, 206, -65.33, 293.12, 284, 298.28, 26.65
3197, 284, 298.28, 26.65, 236, 126.36, 272.49
3198, 236, 126.36, 272.49, 14, 285.39, -89.40
3199, 14, 285.39, -89.40, 233, 108.31, 280.23
3200, 233, 108.31, 280.23, 77, -32.66, -297.42
3201, 77, -32.66, -297.42, 167, -263.04, 144.41
3202, 167, -263.04, 144.41, 86, -90.26, -285.39
3203, 86, -90.26, -285.39, 249, 197.71, 226.07
3204, 249, 197.71, 226.07, 204, -78.22, 290.54
3205, 204, -78.22, 290.54, 139, -298.28, -31.81
3206, 139, -298.28, -31.81, 199, -109.17, 280.23
3207, 199, -109.17, 280.23, 150, -298.28, 39.54
3208, 150, -298.28, 39.54, 279, 293.98, 59.31
3209, 279, 293.98, 59.31, 42, 182.23, -237.25
3210, 42, 182.23, -237.25, 280, 294.84, 52.44
3211, 280, 294.84, 52.44, 127, -280.23, -108.31
3212, 127, -280.23, -108.31, 198, -115.19, 277.65
3213, 198, -115.19, 277.65, 241, 155.59, 257.02
3214, 241, 155.59, 257.02, 270, 276.79, 115.19
3215, 270, 276.79, 115.19, 16, 281.09, -102.29
3216, 16, 281.09, -102.29, 232, 102.29, 281.95
3217, 232, 102.29, 281.95, 170, -253.58, 161.60
3218, 170, -253.58, 161.60, 192, -150.43, 260.46
3219, 192, -150.43, 260.46, 161, -280.23, 109.17
3220, 161, -280.23, 109.17, 251, 207.16, 217.48
3221, 251, 207.16, 217.48, 186, -183.09, 238.11
3222, 186, -183.09, 238.11, 155, -291.40, 71.35
3223, 155, -291.40, 71.35, 43, 177.08, -241.55
3224, 43, 177.08, -241.55, 130, -286.25, -89.40
3225, 130, -286.25, -89.40, 39, 197.71, -225.21
3226, 39, 197.71, -225.21, 120, -260.46, -149.57
3227, 120, -260.46, -149.57, 38, 202.01, -220.92
3228, 38, 202.01, -220.92, 282, 297.42, 39.54
3229, 282, 297.42, 39.54, 184, -193.41, 230.37
3230, 184, -193.41, 230.37, 148, -299.14, 26.65
3231, 148, -299.14, 26.65, 28, 244.99, -171.92
3232, 28, 244.99, -171.92, 66, 38.68, -297.42
3233, 66, 38.68, -297.42, 164, -272.49, 127.22
3234, 164, -272.49, 127.22, 285, 299.14, 19.77
3235, 285, 299.14, 19.77, 147, -300.00, 19.77
3236, 147, -300.00, 19.77, 40, 192.55, -229.51
3237, 40, 192.55, -229.51, 281, 295.70, 46.42
3238, 281, 295.70, 46.42, 255, 225.21, 198.57
3239, 255, 225.21, 198.57, 113, -234.67, -187.39
3240, 113, -234.67, -187.39, 179, -217.48, 208.02
3241, 179, -217.48, 208.02, 237, 132.38, 269.91
3242, 237, 132.38, 269.91, 183, -198.57, 226.07
3243, 183, -198.57, 226.07, 159, -284.53, 97.13
3244, 159, -284.53, 97.13, 249, 197.71, 226.07
3245, 249, 197.71, 226.07, 9, 293.98, -58.45
3246, 9, 293.98, -58.45, 98, -161.60, -252.72
3247, 98, -161.60, -252.72, 186, -183.09, 238.11
3248, 186, -183.09, 238.11, 52, 126.36, -271.63
3249, 52, 126.36, -271.63, 9, 293.98, -58.45
3250, 9, 293.98, -58.45, 99, -166.76, -249.28
3251, 99, -166.76, -249.28, 10, 292.26, -64.47
3252, 10, 292.26, -64.47, 225, 58.45, 294.84
3253, 225, 58.45, 294.84, 173, -242.41, 177.94
3254, 173, -242.41, 177.94, 253, 216.62, 208.02
3255, 253, 216.62, 208.02, 59, 83.38, -287.97
3256, 59, 83.38, -287.97, 203, -84.24, 288.83
3257, 203, -84.24, 288.83, 263, 256.16, 156.45
3258, 263, 256.16, 156.45, 151, -296.56, 46.42
3259, 151, -296.56, 46.42, 46, 160.74, -252.72
3260, 46, 160.74, -252.72, 147, -300.00, 19.77
3261, 147, -300.00, 19.77, 249, 197.71, 226.07
3262, 249, 197.71, 226.07, 63, 58.45, -293.98
3263, 63, 58.45, -293.98, 231, 96.28, 284.53
3264, 231, 96.28, 284.53, 173, -242.41, 177.94
3265, 173, -242.41, 177.94, 0, 300.00, -0.00
3266, 0, 300.00, -0.00, 198, -115.19, 277.65
3267, 198, -115.19, 277.65, 226, 64.47, 293.12
3268, 226, 64.47, 293.12, 79, -46.42, -295.70
3269, 79, -46.42, -295.70, 168, -260.46, 150.43
3270, 168, -260.46, 150.43, 286, 299.14, 13.75
3271, 286, 299.14, 13.75, 39, 197.71, -225.21
3272, 39, 197.71, -225.21, 81, -59.31, -293.98
3273, 81, -59.31, -293.98, 232, 102.29, 281.95
3274, 232, 102.29, 281.95, 138, -298.28, -38.68
3275, 138, -298.28, -38.68, 208, -52.44, 295.70
3276, 208, -52.44, 295.70, 36, 211.46, -211.46
3277, 36, 211.46, -211.46, 60, 77.36, -289.68
3278, 60, 77.36, -289.68, 214, -13.75, 300.00
3279, 214, -13.75, 300.00, 162, -277.65, 115.19
3280, 162, -277.65, 115.19, 247, 187.39, 234.67
3281, 247, 187.39, 234.67, 158, -286.25, 90.26
3282, 158, -286.25, 90.26, 47, 155.59, -256.16
3283, 47, 155.59, -256.16, 8, 294.84, -51.58
3284, 8, 294.84, -51.58, 220, 25.79, 299.14
3285, 220, 25.79, 299.14, 52, 126.36, -271.63
3286, 52, 126.36, -271.63, 195, -133.24, 269.91
3287, 195, -133.24, 269.91, 277, 290.54, 71.35
3288, 277, 290.54, 71.35, 204, -78.22, 290.54
3289, 204, -78.22, 290.54, 243, 165.90, 250.14
3290, 243, 165.90, 250.14, 269, 274.21, 121.20
3291, 269, 274.21, 121.20, 197, -121.20, 275.07
3292, 197, -121.20, 275.07, 146, -300.00, 13.75
3293, 146, -300.00, 13.75, 197, -121.20, 275.07
3294, 197, -121.20, 275.07, 70, 12.89, -299.14
3295, 70, 12.89, -299.14, 225, 58.45, 294.84
3296, 225, 58.45, 294.84, 178, -221.78, 202.87
3297, 178, -221.78, 202.87, 227, 70.49, 291.40
3298, 227, 70.49, 291.40, 167, -263.04, 144.41
3299, 167, -263.04, 144.41, 270, 276.79, 115.19
3300, 270, 276.79, 115.19, 29, 241.55, -177.08
3301, 29, 241.55, -177.08, 256, 229.51, 193.41
3302, 256, 229.51, 193.41, 2, 299.14, -12.89
3303, 2, 299.14, -12.89, 196, -127.22, 272.49
3304, 196, -127.22, 272.49, 267, 269.05, 133.24
3305, 267, 269.05, 133.24, 154, -293.12, 65.33
3306, 154, -293.12, 65.33, 44, 171.92, -244.99
3307, 44, 171.92, -244.99, 287, 299.14, 6.88
3308, 287, 299.14, 6.88, 108, -212.32, -211.46
3309, 108, -212.32, -211.46, 193, -144.41, 263.04
3310, 193, -144.41, 263.04, 260, 244.99, 172.78
3311, 260, 244.99, 172.78, 1, 299.14, -6.02
3312, 1, 299.14, -6.02, 206, -65.33, 293.12
3313, 206, -65.33, 293.12, 249, 197.71, 226.07
3314, 249, 197.71, 226.07, 7, 295.70, -45.56
3315, 7, 295.70, -45.56, 40, 192.55, -229.51
3316, 40, 192.55, -229.51, 157, -288.83, 84.24
3317, 157, -288.83, 84.24, 242, 160.74, 253.58
3318, 242, 160.74, 253.58, 65, 45.56, -295.70
3319, 65, 45.56, -295.70, 257, 233.81, 188.25
3320, 257, 233.81, 188.25, 189, -166.76, 250.14
3321, 189, -166.76, 250.14, 70, 12.89, -299.14
3322, 70, 12.89, -299.14, 220, 25.79, 299.14
3323, 220, 25.79, 299.14, 66, 38.68, -297.42
3324, 66, 38.68, -297.42, 233, 108.31, 280.23
3325, 233, 108.31, 280.23, 141, -300.00, -18.91
3326, 141, -300.00, -18.91, 187, -177.94, 242.41
3327, 187, -177.94, 242.41, 111, -226.07, -197.71
3328, 111, -226.07, -197.71, 34, 220.92, -202.01
3329, 34, 220.92, -202.01, 263, 256.16, 156.45
3330, 263, 256.16, 156.45, 56, 102.29, -281.09
3331, 56, 102.29, -281.09, 209, -46.42, 296.56
3332, 209, -46.42, 296.56, 53, 120.34, -274.21
3333, 53, 120.34, -274.21, 215, -6.88, 300.00
3334, 215, -6.88, 300.00, 54, 114.33, -276.79
3335, 54, 114.33, -276.79, 253, 216.62, 208.02
3336, 253, 216.62, 208.02, 205, -71.35, 291.40
3337, 205, -71.35, 291.40, 5, 297.42, -31.81
3338, 5, 297.42, -31.81, 49, 143.55, -262.18
3339, 49, 143.55, -262.18, 152, -295.70, 52.44
3340, 152, -295.70, 52.44, 27, 249.28, -165.90
3341, 27, 249.28, -165.90, 264, 259.60, 150.43
3342, 264, 259.60, 150.43, 149, -298.28, 32.66
3343, 149, -298.28, 32.66, 275, 287.97, 84.24
3344, 275, 287.97, 84.24, 162, -277.65, 115.19
3345, 162, -277.65, 115.19, 232, 102.29, 281.95
3346, 232, 102.29, 281.95, 89, -109.17, -279.37
3347, 89, -109.17, -279.37, 160, -281.95, 103.15
3348, 160, -281.95, 103.15, 247, 187.39, 234.67
3349, 247, 187.39, 234.67, 287, 299.14, 6.88
3350, 287, 299.14, 6.88, 208, -52.44, 295.70
3351, 208, -52.44, 295.70, 58, 89.40, -285.39
3352, 58, 89.40, -285.39, 251, 207.16, 217.48
3353, 251, 207.16, 217.48, 160, -281.95, 103.15
3354, 160, -281.95, 103.15, 194, -139.26, 266.48
3355, 194, -139.26, 266.48, 126, -277.65, -114.33
3356, 126, -277.65, -114.33, 202, -90.26, 286.25
3357, 202, -90.26, 286.25, 126, -277.65, -114.33
3358, 126, -277.65, -114.33, 197, -121.20, 275.07
3359, 197, -121.20, 275.07, 277, 290.54, 71.35
3360, 277, 290.54, 71.35, 249, 197.71, 226.07
3361, 249, 197.71, 226.07, 273, 283.67, 97.13
3362, 273, 283.67, 97.13, 23, 262.18, -143.55
3363, 23, 262.18, -143.55, 82, -65.33, -292.26
3364, 82, -65.33, -292.26, 165, -269.91, 133.24
3365, 165, -269.91, 133.24, 217, 6.02, 300.00
3366, 217, 6.02, 300.00, 254, 220.92, 202.87
3367, 254, 220.92, 202.87, 170, -253.58, 161.60
3368, 170, -253.58, 161.60, 3, 299.14, -18.91
3369, 3, 299.14, -18.91, 200, -103.15, 281.95
3370, 200, -103.15, 281.95, 122, -266.48, -138.40
3371, 122, -266.48, -138.40, 194, -139.26, 266.48
3372, 194, -139.26, 266.48, 253, 216.62, 208.02
3373, 253, 216.62, 208.02, 57, 96.28, -283.67
3374, 57, 96.28, -283.67, 31, 233.81, -187.39
3375, 31, 233.81, -187.39, 276, 289.68, 78.22
3376, 276, 289.68, 78.22, 227, 70.49, 291.40
3377, 227, 70.49, 291.40, 145, -300.00, 6.88
3378, 145, -300.00, 6.88, 23, 262.18, -143.55
3379, 23, 262.18, -143.55, 246, 182.23, 238.11
3380, 246, 182.23, 238.11, 266, 265.62, 139.26
3381, 266, 265.62, 139.26, 0, 300.00, -0.00
3382, 0, 300.00, -0.00, 142, -300.00, -12.89
3383, 142, -300.00, -12.89, 273, 283.67, 97.13
3384, 273, 283.67, 97.13, 192, -150.43, 260.46
3385, 192, -150.43, 260.46, 109, -217.48, -207.16
3386, 109, -217.48, -207.16, 191, -156.45, 257.02
3387, 191, -156.45, 257.02, 53, 120.34, -274.21
3388, 53, 120.34, -274.21, 188, -172.78, 245.85
3389, 188, -172.78, 245.85, 126, -277.65, -114.33
3390, 126, -277.65, -114.33, 191, -156.45, 257.02
3391, 191, -156.45, 257.02, 231, 96.28, 284.53
3392, 231, 96.28, 284.53, 84, -78.22, -289.68
3393, 84, -78.22, -289.68, 227, 70.49, 291.40
3394, 227, 70.49, 291.40, 67, 31.81, -297.42
3395, 67, 31.81, -297.42, 218, 12.89, 300.00
3396, 218, 12.89, 300.00, 50, 138.40, -265.62
3397, 50, 138.40, -265.62, 222, 38.68, 298.28
3398, 222, 38.68, 298.28, 262, 252.72, 161.60
3399, 262, 252.72, 161.60, 232, 102.29, 281.95
3400, 232, 102.29, 281.95, 15, 283.67, -96.28
3401, 15, 283.67, -96.28, 116, -245.85, -171.92
3402, 116, -245.85, -171.92, 33, 225.21, -197.71
3403, 33, 225.21, -197.71, 91, -121.20, -274.21
3404, 91, -121.20, -274.21, 245, 177.08, 242.41
3405, 245, 177.08, 242.41, 149, -298.28, 32.66
3406, 149, -298.28, 32.66, 36, 211.46, -211.46
3407, 36, 211.46, -211.46, 246, 182.23, 238.11
3408, 246, 182.23, 238.11, 51, 132.38, -269.05
3409, 51, 132.38, -269.05, 14, 285.39, -89.40
3410, 14, 285.39, -89.40, 141, -300.00, -18.91
3411, 141, -300.00, -18.91, 60, 77.36, -289.68
3412, 60, 77.36, -289.68, 248, 192.55, 230.37
3413, 248, 192.55, 230.37, 176, -230.37, 193.41
3414, 176, -230.37, 193.41, 4, 298.28, -25.79
3415, 4, 298.28, -25.79, 46, 160.74, -252.72
3416, 46, 160.74, -252.72, 198, -115.19, 277.65
3417, 198, -115.19, 277.65, 248, 192.55, 230.37
3418, 248, 192.55, 230.37, 143, -300.00, -6.02
3419, 143, -300.00, -6.02, 279, 293.98, 59.31
3420, 279, 293.98, 59.31, 153, -294.84, 59.31
3421, 153, -294.84, 59.31, 269, 274.21, 121.20
3422, 269, 274.21, 121.20, 30, 237.25, -182.23
3423, 30, 237.25, -182.23, 255, 225.21, 198.57
3424, 255, 225.21, 198.57, 66, 38.68, -297.42
3425, 66, 38.68, -297.42, 162, -277.65, 115.19
3426, 162, -277.65, 115.19, 191, -156.45, 257.02
3427, 191, -156.45, 257.02, 224, 51.58, 295.70
3428, 224, 51.58, 295.70, 183, -198.57, 226.07
3429, 183, -198.57, 226.07, 150, -298.28, 39.54
3430, 150, -298.28, 39.54, 248, 192.55, 230.37
3431, 248, 192.55, 230.37, 212, -26.65, 299.14
3432, 212, -26.65, 299.14, 259, 241.55, 177.94
3433, 259, 241.55, 177.94, 1, 299.14, -6.02
3434, 1, 299.14, -6.02, 243, 165.90, 250.14
3435, 243, 165.90, 250.14, 183, -198.57, 226.07
3436, 183, -198.57, 226.07, 228, 77.36, 290.54
3437, 228, 77.36, 290.54, 167, -263.04, 144.41
3438, 167, -263.04, 144.41, 82, -65.33, -292.26
3439, 82, -65.33, -292.26, 234, 114.33, 277.65
3440, 234, 114.33, 277.65, 180, -212.32, 212.32
3441, 180, -212.32, 212.32, 241, 155.59, 257.02
3442, 241, 155.59, 257.02, 264, 259.60, 150.43
3443, 264, 259.60, 150.43, 39, 197.71, -225.21
3444, 39, 197.71, -225.21, 286, 299.14, 13.75
3445, 286, 299.14, 13.75, 254, 220.92, 202.87
3446, 254, 220.92, 202.87, 285, 299.14, 19.77
3447, 285, 299.14, 19.77, 195, -133.24, 269.91
3448, 195, -133.24, 269.91, 1, 299.14, -6.02
3449, 1, 299.14, -6.02, 45, 165.90, -249.28
3450, 45, 165.90, -249.28, 217, 6.02, 300.00
3451, 217, 6.02, 300.00, 154, -293.12, 65.33
3452, 154, -293.12, 65.33, 185, -188.25, 234.67
3453, 185, -188.25, 234.67, 215, -6.88, 300.00
3454, 215, -6.88, 300.00, 48, 149.57, -259.60
3455, 48, 149.57, -259.60, 164, -272.49, 127.22
3456, 164, -272.49, 127.22, 83, -71.35, -290.54
3457, 83, -71.35, -290.54, 241, 155.59, 257.02
3458, 241, 155.59, 257.02, 217, 6.02, 300.00
3459, 217, 6.02, 300.00, 156, -290.54, 78.22
3460, 156, -290.54, 78.22, 258, 237.25, 183.09
3461, 258, 237.25, 183.09, 11, 290.54, -70.49
3462, 11, 290.54, -70.49, 33, 225.21, -197.71
3463, 33, 225.21, -197.71, 273, 283.67, 97.13
3464, 273, 283.67, 97.13, 27, 249.28, -165.90
3465, 27, 249.28, -165.90, 6, 297.42, -38.68
3466, 6, 297.42, -38.68, 268, 271.63, 127.22
3467, 268, 271.63, 127.22, 147, -300.00, 19.77
3468, 147, -300.00, 19.77, 168, -260.46, 150.43
3469, 168, -260.46, 150.43, 189, -166.76, 250.14
3470, 189, -166.76, 250.14, 129, -284.53, -96.28
3471, 129, -284.53, -96.28, 203, -84.24, 288.83
3472, 203, -84.24, 288.83, 261, 249.28, 166.76
3473, 261, 249.28, 166.76, 140, -299.14, -25.79
3474, 140, -299.14, -25.79, 279, 293.98, 59.31
3475, 279, 293.98, 59.31, 214, -13.75, 300.00
3476, 214, -13.75, 300.00, 170, -253.58, 161.60
3477, 170, -253.58, 161.60, 141, -300.00, -18.91
3478, 141, -300.00, -18.91, 268, 271.63, 127.22
3479, 268, 271.63, 127.22, 225, 58.45, 294.84
3480, 225, 58.45, 294.84, 247, 187.39, 234.67
3481, 247, 187.39, 234.67, 65, 45.56, -295.70
3482, 65, 45.56, -295.70, 212, -26.65, 299.14
3483, 212, -26.65, 299.14, 86, -90.26, -285.39
3484, 86, -90.26, -285.39, 175, -234.67, 188.25
3485, 175, -234.67, 188.25, 277, 290.54, 71.35
3486, 277, 290.54, 71.35, 21, 269.05, -132.38
3487, 21, 269.05, -132.38, 224, 51.58, 295.70
3488, 224, 51.58, 295.70, 69, 18.91, -299.14
3489, 69, 18.91, -299.14, 227, 70.49, 291.40
3490, 227, 70.49, 291.40, 76, -26.65, -298.28
3491, 76, -26.65, -298.28, 9, 293.98, -58.45
3492, 9, 293.98, -58.45, 203, -84.24, 288.83
3493, 203, -84.24, 288.83, 258, 237.25, 183.09
3494, 258, 237.25, 183.09, 212, -26.65, 299.14
3495, 212, -26.65, 299.14, 268, 271.63, 127.22
3496, 268, 271.63, 127.22, 25, 256.16, -155.59
3497, 25, 256.16, -155.59, 114, -238.11, -182.23
3498, 114, -238.11, -182.23, 4, 298.28, -25.79
3499, 4, 298.28, -25.79, 271, 279.37, 109.17
3500, 271, 279.37, 109.17, 20, 271.63, -126.36
3501, 20, 271.63, -126.36, 247, 187.39, 234.67
3502, 247, 187.39, 234.67, 199, -109.17, 280.23
3503, 199, -109.17, 280.23, 77, -32.66, -297.42
3504, 77, -32.66, -297.42, 239, 143.55, 263.04
3505, 239, 143.55, 263.04, 219, 18.91, 300.00
3506, 219, 18.91, 300.00, 252, 211.46, 212.32
3507, 252, 211.46, 212.32, 156, -290.54, 78.22
3508, 156, -290.54, 78.22, 262, 252.72, 161.60
3509, 262, 252.72, 161.60, 20, 271.63, -126.36
3510, 20, 271.63, -126.36, 254, 220.92, 202.87
3511, 254, 220.92, 202.87, 177, -226.07, 198.57
3512, 177, -226.07, 198.57, 232, 102.29, 281.95
3513, 232, 102.29, 281.95, 36, 211.46, -211.46
3514, 36, 211.46, -211.46, 282, 297.42, 39.54
3515, 282, 297.42, 39.54, 193, -144.41, 263.04
3516, 193, -144.41, 263.04, 107, -208.02, -216.62
3517, 107, -208.02, -216.62, 43, 177.08, -241.55
3518, 43, 177.08, -241.55, 195, -133.24, 269.91
3519, 195, -133.24, 269.91, 130, -286.25, -89.40
3520, 130, -286.25, -89.40, 199, -109.17, 280.23
3521, 199, -109.17, 280.23, 80, -52.44, -294.84
3522, 80, -52.44, -294.84, 264, 259.60, 150.43
3523, 264, 259.60, 150.43, 201, -97.13, 284.53
3524, 201, -97.13, 284.53, 154, -293.12, 65.33
3525, 154, -293.12, 65.33, 48, 149.57, -259.60
3526, 48, 149.57, -259.60, 216, -0.86, 300.00
3527, 216, -0.86, 300.00, 237, 132.38, 269.91
3528, 237, 132.38, 269.91, 175, -234.67, 188.25
3529, 175, -234.67, 188.25, 283, 297.42, 32.66
3530, 283, 297.42, 32.66, 162, -277.65, 115.19
3531, 162, -277.65, 115.19, 191, -156.45, 257.02
3532, 191, -156.45, 257.02, 230, 89.40, 286.25
3533, 230, 89.40, 286.25, 143, -300.00, -6.02
3534, 143, -300.00, -6.02, 231, 96.28, 284.53
3535, 231, 96.28, 284.53, 0, 300.00, -0.00
3536, 0, 300.00, -0.00, 103, -188.25, -233.81
3537, 103, -188.25, -233.81, 10, 292.26, -64.47
3538, 10, 292.26, -64.47, 53, 120.34, -274.21
3539, 53, 120.34, -274.21, 261, 249.28, 166.76
3540, 261, 249.28, 166.76, 194, -139.26, 266.48
3541, 194, -139.26, 266.48, 51, 132.38, -269.05
3542, 51, 132.38, -269.05, 11, 290.54, -70.49
3543, 11, 290.54, -70.49, 54, 114.33, -276.79
3544, 54, 114.33, -276.79, 75, -19.77, -299.14
3545, 75, -19.77, -299.14, 221, 31.81, 298.28
3546, 221, 31.81, 298.28, 67, 31.81, -297.42
3547, 67, 31.81, -297.42, 187, -177.94, 242.41
3548, 187, -177.94, 242.41, 231, 96.28, 284.53
3549, 231, 96.28, 284.53, 163, -275.07, 121.20
3550, 163, -275.07, 121.20, 260, 244.99, 172.78
3551, 260, 244.99, 172.78, 188, -172.78, 245.85
3552, 188, -172.78, 245.85, 158, -286.25, 90.26
3553, 158, -286.25, 90.26, 43, 177.08, -241.55
3554, 43, 177.08, -241.55, 278, 292.26, 65.33
3555, 278, 292.26, 65.33, 153, -294.84, 59.31
3556, 153, -294.84, 59.31, 176, -230.37, 193.41
3557, 176, -230.37, 193.41, 87, -97.13, -283.67
3558, 87, -97.13, -283.67, 233, 108.31, 280.23
3559, 233, 108.31, 280.23, 181, -208.02, 217.48
3560, 181, -208.02, 217.48, 270, 276.79, 115.19
3561, 270, 276.79, 115.19, 149, -298.28, 32.66
3562, 149, -298.28, 32.66, 17, 279.37, -108.31
3563, 17, 279.37, -108.31, 119, -257.02, -155.59
3564, 119, -257.02, -155.59, 35, 216.62, -207.16
3565, 35, 216.62, -207.16, 283, 297.42, 32.66
3566, 283, 297.42, 32.66, 167, -263.04, 144.41
3567, 167, -263.04, 144.41, 17, 279.37, -108.31
3568, 17, 279.37, -108.31, 240, 149.57, 260.46
3569, 240, 149.57, 260.46, 61, 70.49, -290.54
3570, 61, 70.49, -290.54, 206, -65.33, 293.12
3571, 206, -65.33, 293.12, 135, -294.84, -58.45
3572, 135, -294.84, -58.45, 41, 187.39, -233.81
3573, 41, 187.39, -233.81, 282, 297.42, 39.54
3574, 282, 297.42, 39.54, 170, -253.58, 161.60
3575, 170, -253.58, 161.60, 79, -46.42, -295.70
3576, 79, -46.42, -295.70, 258, 237.25, 183.09
3577, 258, 237.25, 183.09, 188, -172.78, 245.85
3578, 188, -172.78, 245.85, 252, 211.46, 212.32
3579, 252, 211.46, 212.32, 232, 102.29, 281.95
3580, 232, 102.29, 281.95, 54, 114.33, -276.79
3581, 54, 114.33, -276.79, 9, 293.98, -58.45
3582, 9, 293.98, -58.45, 219, 18.91, 300.00
3583, 219, 18.91, 300.00, 156, -290.54, 78.22
3584, 156, -290.54, 78.22, 243, 165.90, 250.14
3585, 243, 165.90, 250.14, 220, 25.79, 299.14
3586, 220, 25.79, 299.14, 172, -245.85, 172.78
3587, 172, -245.85, 172.78, 3, 299.14, -18.91
3588, 3, 299.14, -18.91, 226, 64.47, 293.12
3589, 226, 64.47, 293.12, 85, -84.24, -287.97
3590, 85, -84.24, -287.97, 208, -52.44, 295.70
3591, 208, -52.44, 295.70, 125, -275.07, -120.34
3592, 125, -275.07, -120.34, 186, -183.09, 238.11
3593, 186, -183.09, 238.11, 235, 120.34, 275.07
3594, 235, 120.34, 275.07, 215, -6.88, 300.00
3595, 215, -6.88, 300.00, 243, 165.90, 250.14
3596, 243, 165.90, 250.14, 14, 285.39, -89.40
3597, 14, 285.39, -89.40, 258, 237.25, 183.09
3598, 258, 237.25, 183.09, 220, 25.79, 299.14
3599, 220, 25.79, 299.14, 168, -260.46, 150.43
3600, 168, -260.46, 150.43, 254, 220.92, 202.87
3601, 254, 220.92, 202.87, 164, -272.49, 127.22
3602, 164, -272.49, 127.22, 251, 207.16, 217.48
3603, 251, 207.16, 217.48, 226, 64.47, 293.12
3604, 226, 64.47, 293.12, 148, -299.14, 26.65
3605, 148, -299.14, 26.65, 184, -193.41, 230.37
3606, 184, -193.41, 230.37, 109, -217.48, -207.16
3607, 109, -217.48, -207.16, 188, -172.78, 245.85
3608, 188, -172.78, 245.85, 238, 138.40, 266.48
3609, 238, 138.40, 266.48, 176, -230.37, 193.41
3610, 176, -230.37, 193.41, 265, 262.18, 144.41
3611, 265, 262.18, 144.41, 28, 244.99, -171.92
3612, 28, 244.99, -171.92, 145, -300.00, 6.88
3613, 145, -300.00, 6.88, 222, 38.68, 298.28
3614, 222, 38.68, 298.28, 47, 155.59, -256.16
3615, 47, 155.59, -256.16, 215, -6.88, 300.00
3616, 215, -6.88, 300.00, 13, 287.97, -83.38
3617, 13, 287.97, -83.38, 220, 25.79, 299.14
3618, 220, 25.79, 299.14, 45, 165.90, -249.28
3619, 45, 165.90, -249.28, 157, -288.83, 84.24
3620, 157, -288.83, 84.24, 248, 192.55, 230.37
3621, 248, 192.55, 230.37, 140, -299.14, -25.79
3622, 140, -299.14, -25.79, 206, -65.33, 293.12
3623, 206, -65.33, 293.12, 80, -52.44, -294.84
3624, 80, -52.44, -294.84, 162, -277.65, 115.19
3625, 162, -277.65, 115.19, 72, 0.00, -300.00
3626, 72, 0.00, -300.00, 224, 51.58, 295.70
3627, 224, 51.58, 295.70, 183, -198.57, 226.07
3628, 183, -198.57, 226.07, 160, -281.95, 103.15
3629, 160, -281.95, 103.15, 267, 269.05, 133.24
3630, 267, 269.05, 133.24, 246, 182.23, 238.11
3631, 246, 182.23, 238.11, 189, -166.76, 250.14
3632, 189, -166.76, 250.14, 257, 233.81, 188.25
3633, 257, 233.81, 188.25, 204, -78.22, 290.54
3634, 204, -78.22, 290.54, 136, -295.70, -51.58
3635, 136, -295.70, -51.58, 200, -103.15, 281.95
3636, 200, -103.15, 281.95, 55, 108.31, -279.37
3637, 55, 108.31, -279.37, 214, -13.75, 300.00
3638, 214, -13.75, 300.00, 60, 77.36, -289.68
3639, 60, 77.36, -289.68, 155, -291.40, 71.35
3640, 155, -291.40, 71.35, 46, 160.74, -252.72
3641, 46, 160.74, -252.72, 106, -202.87, -220.92
3642, 106, -202.87, -220.92, 189, -166.76, 250.14
3643, 189, -166.76, 250.14, 227, 70.49, 291.40
3644, 227, 70.49, 291.40, 72, 0.00, -300.00
3645, 72, 0.00, -300.00, 164, -272.49, 127.22
3646, 164, -272.49, 127.22, 245, 177.08, 242.41
3647, 245, 177.08, 242.41, 143, -300.00, -6.02
3648, 143, -300.00, -6.02, 262, 252.72, 161.60
3649, 262, 252.72, 161.60, 33, 225.21, -197.71
3650, 33, 225.21, -197.71, 148, -299.14, 26.65
3651, 148, -299.14, 26.65, 175, -234.67, 188.25
3652, 175, -234.67, 188.25, 279, 293.98, 59.31
3653, 279, 293.98, 59.31, 37, 207.16, -216.62
3654, 37, 207.16, -216.62, 110, -221.78, -202.01
3655, 110, -221.78, -202.01, 3, 299.14, -18.91
3656, 3, 299.14, -18.91, 45, 165.90, -249.28
3657, 45, 165.90, -249.28, 159, -284.53, 97.13
3658, 159, -284.53, 97.13, 221, 31.81, 298.28
3659, 221, 31.81, 298.28, 61, 70.49, -290.54
3660, 61, 70.49, -290.54, 250, 202.01, 221.78
3661, 250, 202.01, 221.78, 168, -260.46, 150.43
3662, 168, -260.46, 150.43, 81, -59.31, -293.98
3663, 81, -59.31, -293.98, 237, 132.38, 269.91
3664, 237, 132.38, 269.91, 283, 297.42, 32.66
3665, 283, 297.42, 32.66, 260, 244.99, 172.78
3666, 260, 244.99, 172.78, 152, -295.70, 52.44
3667, 152, -295.70, 52.44, 191, -156.45, 257.02
3668, 191, -156.45, 257.02, 144, -300.00, -0.00
3669, 144, -300.00, -0.00, 211, -32.66, 298.28
3670, 211, -32.66, 298.28, 88, -103.15, -281.09
3671, 88, -103.15, -281.09, 174, -238.11, 183.09
3672, 174, -238.11, 183.09, 280, 294.84, 52.44
3673, 280, 294.84, 52.44, 65, 45.56, -295.70
3674, 65, 45.56, -295.70, 42, 182.23, -237.25
3675, 42, 182.23, -237.25, 128, -281.95, -102.29
3676, 128, -281.95, -102.29, 201, -97.13, 284.53
3677, 201, -97.13, 284.53, 122, -266.48, -138.40
3678, 122, -266.48, -138.40, 277, 290.54, 71.35
3679, 277, 290.54, 71.35, 192, -150.43, 260.46
3680, 192, -150.43, 260.46, 256, 229.51, 193.41
3681, 256, 229.51, 193.41, 212, -26.65, 299.14
3682, 212, -26.65, 299.14, 262, 252.72, 161.60
3683, 262, 252.72, 161.60, 58, 89.40, -285.39
3684, 58, 89.40, -285.39, 266, 265.62, 139.26
3685, 266, 265.62, 139.26, 153, -294.84, 59.31
3686, 153, -294.84, 59.31, 252, 211.46, 212.32
3687, 252, 211.46, 212.32, 195, -133.24, 269.91
3688, 195, -133.24, 269.91, 255, 225.21, 198.57
3689, 255, 225.21, 198.57, 210, -39.54, 298.28
3690, 210, -39.54, 298.28, 178, -221.78, 202.87
3691, 178, -221.78, 202.87, 145, -300.00, 6.88
3692, 145, -300.00, 6.88, 205, -71.35, 291.40
3693, 205, -71.35, 291.40, 235, 120.34, 275.07
3694, 235, 120.34, 275.07, 181, -208.02, 217.48
3695, 181, -208.02, 217.48, 157, -288.83, 84.24
3696, 157, -288.83, 84.24, 245, 177.08, 242.41
3697, 245, 177.08, 242.41, 60, 77.36, -289.68
3698, 60, 77.36, -289.68, 3, 299.14, -18.91
3699, 3, 299.14, -18.91, 210, -39.54, 298.28
3700, 210, -39.54, 298.28, 141, -300.00, -18.91
3701, 141, -300.00, -18.91, 16, 281.09, -102.29
3702, 16, 281.09, -102.29, 144, -300.00, -0.00
3703, 144, -300.00, -0.00, 245, 177.08, 242.41
3704, 245, 177.08, 242.41, 146, -300.00, 13.75
3705, 146, -300.00, 13.75, 225, 58.45, 294.84
3706, 225, 58.45, 294.84, 180, -212.32, 212.32
3707, 180, -212.32, 212.32, 228, 77.36, 290.54
3708, 228, 77.36, 290.54, 200, -103.15, 281.95
3709, 200, -103.15, 281.95, 260, 244.99, 172.78
3710, 260, 244.99, 172.78, 50, 138.40, -265.62
3711, 50, 138.40, -265.62, 14, 285.39, -89.40
3712, 14, 285.39, -89.40, 143, -300.00, -6.02
3713, 143, -300.00, -6.02, 234, 114.33, 277.65
3714, 234, 114.33, 277.65, 74, -13.75, -299.14
3715, 74, -13.75, -299.14, 28, 244.99, -171.92
3716, 28, 244.99, -171.92, 267, 269.05, 133.24
3717, 267, 269.05, 133.24, 20, 271.63, -126.36
3718, 20, 271.63, -126.36, 179, -217.48, 208.02
3719, 179, -217.48, 208.02, 229, 83.38, 288.83
3720, 229, 83.38, 288.83, 157, -288.83, 84.24
3721, 157, -288.83, 84.24, 218, 12.89, 300.00
3722, 218, 12.89, 300.00, 13, 287.97, -83.38
3723, 13, 287.97, -83.38, 238, 138.40, 266.48
3724, 238, 138.40, 266.48, 38, 202.01, -220.92
3725, 38, 202.01, -220.92, 113, -234.67, -187.39
3726, 113, -234.67, -187.39, 1, 299.14, -6.02
3727, 1, 299.14, -6.02, 195, -133.24, 269.91
3728, 195, -133.24, 269.91, 270, 276.79, 115.19
3729, 270, 276.79, 115.19, 100, -172.78, -244.99
3730, 100, -172.78, -244.99, 250, 202.01, 221.78
3731, 250, 202.01, 221.78, 47, 155.59, -256.16
3732, 47, 155.59, -256.16, 26, 252.72, -160.74
3733, 26, 252.72, -160.74, 71, 6.02, -299.14
3734, 71, 6.02, -299.14, 219, 18.91, 300.00
3735, 219, 18.91, 300.00, 178, -221.78, 202.87
3736, 178, -221.78, 202.87, 155, -291.40, 71.35
3737, 155, -291.40, 71.35, 50, 138.40, -265.62
3738, 50, 138.40, -265.62, 259, 241.55, 177.94
3739, 259, 241.55, 177.94, 153, -294.84, 59.31
3740, 153, -294.84, 59.31, 31, 233.81, -187.39
3741, 31, 233.81, -187.39, 84, -78.22, -289.68
3742, 84, -78.22, -289.68, 173, -242.41, 177.94
3743, 173, -242.41, 177.94, 3, 299.14, -18.91
3744, 3, 299.14, -18.91, 155, -291.40, 71.35
3745, 155, -291.40, 71.35, 245, 177.08, 242.41
3746, 245, 177.08, 242.41, 135, -294.84, -58.45
3747, 135, -294.84, -58.45, 191, -156.45, 257.02
3748, 191, -156.45, 257.02, 103, -188.25, -233.81
3749, 103, -188.25, -233.81, 188, -172.78, 245.85
3750, 188, -172.78, 245.85, 50, 138.40, -265.62
3751, 50, 138.40, -265.62, 182, -202.87, 221.78
3752, 182, -202.87, 221.78, 269, 274.21, 121.20
3753, 269, 274.21, 121.20, 200, -103.15, 281.95
3754, 200, -103.15, 281.95, 147, -300.00, 19.77
3755, 147, -300.00, 19.77, 34, 220.92, -202.01
3756, 34, 220.92, -202.01, 115, -242.41, -177.08
3757, 115, -242.41, -177.08, 36, 211.46, -211.46
3758, 36, 211.46, -211.46, 275, 287.97, 84.24
3759, 275, 287.97, 84.24, 115, -242.41, -177.08
3760, 115, -242.41, -177.08, 17, 279.37, -108.31
3761, 17, 279.37, -108.31, 143, -300.00, -6.02
3762, 143, -300.00, -6.02, 208, -52.44, 295.70
3763, 208, -52.44, 295.70, 273, 283.67, 97.13
3764, 273, 283.67, 97.13, 16, 281.09, -102.29
3765, 16, 281.09, -102.29, 37, 207.16, -216.62
3766, 37, 207.16, -216.62, 71, 6.02, -299.14
3767, 71, 6.02, -299.14, 47, 155.59, -256.16
3768, 47, 155.59, -256.16, 149, -298.28, 32.66
3769, 149, -298.28, 32.66, 213, -19.77, 300.00
3770, 213, -19.77, 300.00, 53, 120.34, -274.21
3771, 53, 120.34, -274.21, 196, -127.22, 272.49
3772, 196, -127.22, 272.49, 113, -234.67, -187.39
3773, 113, -234.67, -187.39, 266, 265.62, 139.26
3774, 266, 265.62, 139.26, 29, 241.55, -177.08
3775, 29, 241.55, -177.08, 273, 283.67, 97.13
3776, 273, 283.67, 97.13, 112, -230.37, -192.55
3777, 112, -230.37, -192.55, 2, 299.14, -12.89
3778, 2, 299.14, -12.89, 46, 160.74, -252.72
3779, 46, 160.74, -252.72, 152, -295.70, 52.44
3780, 152, -295.70, 52.44, 198, -115.19, 277.65
3781, 198, -115.19, 277.65, 267, 269.05, 133.24
3782, 267, 269.05, 133.24, 247, 187.39, 234.67
3783, 247, 187.39, 234.67, 167, -263.04, 144.41
3784, 167, -263.04, 144.41, 230, 89.40, 286.25
3785, 230, 89.40, 286.25, 83, -71.35, -290.54
3786, 83, -71.35, -290.54, 235, 120.34, 275.07
3787, 235, 120.34, 275.07, 60, 77.36, -289.68
3788, 60, 77.36, -289.68, 251, 207.16, 217.48
3789, 251, 207.16, 217.48, 188, -172.78, 245.85
3790, 188, -172.78, 245.85, 150, -298.28, 39.54
3791, 150, -298.28, 39.54, 208, -52.44, 295.70
3792, 208, -52.44, 295.70, 7, 295.70, -45.56
3793, 7, 295.70, -45.56, 63, 58.45, -293.98
3794, 63, 58.45, -293.98, 27, 249.28, -165.90
3795, 27, 249.28, -165.90, 251, 207.16, 217.48
3796, 251, 207.16, 217.48, 189, -166.76, 250.14
3797, 189, -166.76, 250.14, 234, 114.33, 277.65
3798, 234, 114.33, 277.65, 141, -300.00, -18.91
3799, 141, -300.00, -18.91, 242, 160.74, 253.58
3800, 242, 160.74, 253.58, 194, -139.26, 266.48
3801, 194, -139.26, 266.48, 280, 294.84, 52.44
3802, 280, 294.84, 52.44, 205, -71.35, 291.40
3803, 205, -71.35, 291.40, 132, -290.54, -77.36
3804, 132, -290.54, -77.36, 39, 197.71, -225.21
3805, 39, 197.71, -225.21, 129, -284.53, -96.28
3806, 129, -284.53, -96.28, 276, 289.68, 78.22
3807, 276, 289.68, 78.22, 255, 225.21, 198.57
3808, 255, 225.21, 198.57, 193, -144.41, 263.04
3809, 193, -144.41, 263.04, 254, 220.92, 202.87
3810, 254, 220.92, 202.87, 76, -26.65, -298.28
3811, 76, -26.65, -298.28, 231, 96.28, 284.53
3812, 231, 96.28, 284.53, 88, -103.15, -281.09
3813, 88, -103.15, -281.09, 172, -245.85, 172.78
3814, 172, -245.85, 172.78, 285, 299.14, 19.77
3815, 285, 299.14, 19.77, 91, -121.20, -274.21
3816, 91, -121.20, -274.21, 40, 192.55, -229.51
3817, 40, 192.55, -229.51, 231, 96.28, 284.53
3818, 231, 96.28, 284.53, 276, 289.68, 78.22
3819, 276, 289.68, 78.22, 149, -298.28, 32.66
3820, 149, -298.28, 32.66, 249, 197.71, 226.07
3821, 249, 197.71, 226.07, 59, 83.38, -287.97
3822, 59, 83.38, -287.97, 224, 51.58, 295.70
3823, 224, 51.58, 295.70, 266, 265.62, 139.26
3824, 266, 265.62, 139.26, 207, -59.31, 294.84
3825, 207, -59.31, 294.84, 139, -298.28, -31.81
3826, 139, -298.28, -31.81, 196, -127.22, 272.49
3827, 196, -127.22, 272.49, 259, 241.55, 177.94
3828, 259, 241.55, 177.94, 201, -97.13, 284.53
3829, 201, -97.13, 284.53, 238, 138.40, 266.48
3830, 238, 138.40, 266.48, 164, -272.49, 127.22
3831, 164, -272.49, 127.22, 224, 51.58, 295.70
3832, 224, 51.58, 295.70, 181, -208.02, 217.48
3833, 181, -208.02, 217.48, 234, 114.33, 277.65
3834, 234, 114.33, 277.65, 144, -300.00, -0.00
3835, 144, -300.00, -0.00, 178, -221.78, 202.87
3836, 178, -221.78, 202.87, 208, -52.44, 295.70
3837, 208, -52.44, 295.70, 155, -291.40, 71.35
3838, 155, -291.40, 71.35, 219, 18.91, 300.00
3839, 219, 18.91, 300.00, 187, -177.94, 242.41
3840, 187, -177.94, 242.41, 157, -288.83, 84.24
3841, 157, -288.83, 84.24, 188, -172.78, 245.85
3842, 188, -172.78, 245.85, 112, -230.37, -192.55
3843, 112, -230.37, -192.55, 35, 216.62, -207.16
3844, 35, 216.62, -207.16, 271, 279.37, 109.17
3845, 271, 279.37, 109.17, 140, -299.14, -25.79
3846, 140, -299.14, -25.79, 198, -115.19, 277.65
3847, 198, -115.19, 277.65, 274, 285.39, 90.26
3848, 274, 285.39, 90.26, 10, 292.26, -64.47
3849, 10, 292.26, -64.47, 233, 108.31, 280.23
3850, 233, 108.31, 280.23, 171, -250.14, 166.76
3851, 171, -250.14, 166.76, 80, -52.44, -294.84
3852, 80, -52.44, -294.84, 233, 108.31, 280.23
3853, 233, 108.31, 280.23, 150, -298.28, 39.54
3854, 150, -298.28, 39.54, 206, -65.33, 293.12
3855, 206, -65.33, 293.12, 229, 83.38, 288.83
3856, 229, 83.38, 288.83, 173, -242.41, 177.94
3857, 173, -242.41, 177.94, 80, -52.44, -294.84
3858, 80, -52.44, -294.84, 240, 149.57, 260.46
3859, 240, 149.57, 260.46, 54, 114.33, -276.79
3860, 54, 114.33, -276.79, 16, 281.09, -102.29
3861, 16, 281.09, -102.29, 215, -6.88, 300.00
3862, 215, -6.88, 300.00, 245, 177.08, 242.41
3863, 245, 177.08, 242.41, 188, -172.78, 245.85
3864, 188, -172.78, 245.85, 252, 211.46, 212.32
3865, 252, 211.46, 212.32, 168, -260.46, 150.43
3866, 168, -260.46, 150.43, 78, -39.54, -297.42
3867, 78, -39.54, -297.42, 257, 233.81, 188.25
3868, 257, 233.81, 188.25, 191, -156.45, 257.02
3869, 191, -156.45, 257.02, 142, -300.00, -12.89
3870, 142, -300.00, -12.89, 211, -32.66, 298.28
3871, 211, -32.66, 298.28, 186, -183.09, 238.11
3872, 186, -183.09, 238.11, 105, -198.57, -225.21
3873, 105, -198.57, -225.21, 178, -221.78, 202.87
3874, 178, -221.78, 202.87, 19, 274.21, -120.34
3875, 19, 274.21, -120.34, 101, -177.94, -241.55
3876, 101, -177.94, -241.55, 269, 274.21, 121.20
3877, 269, 274.21, 121.20, 190, -161.60, 253.58
3878, 190, -161.60, 253.58, 124, -272.49, -126.36
3879, 124, -272.49, -126.36, 201, -97.13, 284.53
3880, 201, -97.13, 284.53, 55, 108.31, -279.37
3881, 55, 108.31, -279.37, 248, 192.55, 230.37
3882, 248, 192.55, 230.37, 63, 58.45, -293.98
3883, 63, 58.45, -293.98, 155, -291.40, 71.35
3884, 155, -291.40, 71.35, 176, -230.37, 193.41
3885, 176, -230.37, 193.41, 280, 294.84, 52.44
3886, 280, 294.84, 52.44, 34, 220.92, -202.01
3887, 34, 220.92, -202.01, 146, -300.00, 13.75
3888, 146, -300.00, 13.75, 236, 126.36, 272.49
3889, 236, 126.36, 272.49, 284, 298.28, 26.65
3890, 284, 298.28, 26.65, 166, -266.48, 139.26
3891, 166, -266.48, 139.26, 86, -90.26, -285.39
3892, 86, -90.26, -285.39, 235, 120.34, 275.07
3893, 235, 120.34, 275.07, 17, 279.37, -108.31
3894, 17, 279.37, -108.31, 257, 233.81, 188.25
3895, 257, 233.81, 188.25, 60, 77.36, -289.68
3896, 60, 77.36, -289.68, 238, 138.40, 266.48
3897, 238, 138.40, 266.48, 175, -234.67, 188.25
3898, 175, -234.67, 188.25, 224, 51.58, 295.70
3899, 224, 51.58, 295.70, 82, -65.33, -292.26
3900, 82, -65.33, -292.26, 169, -257.02, 156.45
3901, 169, -257.02, 156.45, 189, -166.76, 250.14
3902, 189, -166.76, 250.14, 227, 70.49, 291.40
3903, 227, 70.49, 291.40, 15, 283.67, -96.28
3904, 15, 283.67, -96.28, 262, 252.72, 161.60
3905, 262, 252.72, 161.60, 241, 155.59, 257.02
3906, 241, 155.59, 257.02, 263, 256.16, 156.45
3907, 263, 256.16, 156.45, 157, -288.83, 84.24
3908, 157, -288.83, 84.24, 244, 171.92, 245.85
3909, 244, 171.92, 245.85, 62, 64.47, -292.26
3910, 62, 64.47, -292.26, 250, 202.01, 221.78
3911, 250, 202.01, 221.78, 145, -300.00, 6.88
3912, 145, -300.00, 6.88, 204, -78.22, 290.54
3913, 204, -78.22, 290.54, 242, 160.74, 253.58
3914, 242, 160.74, 253.58, 194, -139.26, 266.48
3915, 194, -139.26, 266.48, 140, -299.14, -25.79
3916, 140, -299.14, -25.79, 213, -19.77, 300.00
3917, 213, -19.77, 300.00, 59, 83.38, -287.97
3918, 59, 83.38, -287.97, 266, 265.62, 139.26
3919, 266, 265.62, 139.26, 25, 256.16, -155.59
3920, 25, 256.16, -155.59, 150, -298.28, 39.54
3921, 150, -298.28, 39.54, 248, 192.55, 230.37
3922, 248, 192.55, 230.37, 189, -166.76, 250.14
3923, 189, -166.76, 250.14, 166, -266.48, 139.26
3924, 166, -266.48, 139.26, 253, 216.62, 208.02
3925, 253, 216.62, 208.02, 12, 289.68, -77.36
3926, 12, 289.68, -77.36, 208, -52.44, 295.70
3927, 208, -52.44, 295.70, 87, -97.13, -283.67
3928, 87, -97.13, -283.67, 6, 297.42, -38.68
3929, 6, 297.42, -38.68, 246, 182.23, 238.11
3930, 246, 182.23, 238.11, 266, 265.62, 139.26
3931, 266, 265.62, 139.26, 213, -19.77, 300.00
3932, 213, -19.77, 300.00, 190, -161.60, 253.58
3933, 190, -161.60, 253.58, 129, -284.53, -96.28
3934, 129, -284.53, -96.28, 198, -115.19, 277.65
3935, 198, -115.19, 277.65, 233, 108.31, 280.23
3936, 233, 108.31, 280.23, 183, -198.57, 226.07
3937, 183, -198.57, 226.07, 220, 25.79, 299.14
3938, 220, 25.79, 299.14, 158, -286.25, 90.26
3939, 158, -286.25, 90.26, 219, 18.91, 300.00
3940, 219, 18.91, 300.00, 64, 51.58, -294.84
3941, 64, 51.58, -294.84, 223, 45.56, 296.56
3942, 223, 45.56, 296.56, 162, -277.65, 115.19
3943, 162, -277.65, 115.19, 69, 18.91, -299.14
3944, 69, 18.91, -299.14, 231, 96.28, 284.53
3945, 231, 96.28, 284.53, 189, -166.76, 250.14
3946, 189, -166.76, 250.14, 256, 229.51, 193.41
3947, 256, 229.51, 193.41, 194, -139.26, 266.48
3948, 194, -139.26, 266.48, 280, 294.84, 52.44
3949, 280, 294.84, 52.44, 193, -144.41, 263.04
3950, 193, -144.41, 263.04, 144, -300.00, -0.00
3951, 144, -300.00, -0.00, 206, -65.33, 293.12
3952, 206, -65.33, 293.12, 254, 220.92, 202.87
3953, 254, 220.92, 202.87, 6, 297.42, -38.68
3954, 6, 297.42, -38.68, 28, 244.99, -171.92
3955, 28, 244.99, -171.92, 276, 289.68, 78.22
3956, 276, 289.68, 78.22, 247, 187.39, 234.67
3957, 247, 187.39, 234.67, 90, -115.19, -276.79
3958, 90, -115.19, -276.79, 33, 225.21, -197.71
3959, 33, 225.21, -197.71, 281, 295.70, 46.42
3960, 281, 295.70, 46.42, 216, -0.86, 300.00
3961, 216, -0.86, 300.00, 142, -300.00, -12.89
3962, 142, -300.00, -12.89, 272, 281.09, 103.15
3963, 272, 281.09, 103.15, 252, 211.46, 212.32
3964, 252, 211.46, 212.32, 184, -193.41, 230.37
3965, 184, -193.41, 230.37, 249, 197.71, 226.07
3966, 249, 197.71, 226.07, 162, -277.65, 115.19
3967, 162, -277.65, 115.19, 139, -298.28, -31.81
3968, 139, -298.28, -31.81, 192, -150.43, 260.46
3969, 192, -150.43, 260.46, 49, 143.55, -262.18
3970, 49, 143.55, -262.18, 213, -19.77, 300.00
3971, 213, -19.77, 300.00, 55, 108.31, -279.37
3972, 55, 108.31, -279.37, 205, -71.35, 291.40
3973, 205, -71.35, 291.40, 137, -296.56, -45.56
3974, 137, -296.56, -45.56, 207, -59.31, 294.84
3975, 207, -59.31, 294.84, 57, 96.28, -283.67
3976, 57, 96.28, -283.67, 264, 259.60, 150.43
3977, 264, 259.60, 150.43, 20, 271.63, -126.36
3978, 20, 271.63, -126.36, 254, 220.92, 202.87
3979, 254, 220.92, 202.87, 58, 89.40, -285.39
3980, 58, 89.40, -285.39, 248, 192.55, 230.37
3981, 248, 192.55, 230.37, 163, -275.07, 121.20
3982, 163, -275.07, 121.20, 16, 281.09, -102.29
3983, 16, 281.09, -102.29, 116, -245.85, -171.92
3984, 116, -245.85, -171.92, 274, 285.39, 90.26
3985, 274, 285.39, 90.26, 114, -238.11, -182.23
3986, 114, -238.11, -182.23, 43, 177.08, -241.55
3987, 43, 177.08, -241.55, 2, 299.14, -12.89
3988, 2, 299.14, -12.89, 167, -263.04, 144.41
3989, 167, -263.04, 144.41, 84, -78.22, -289.68
3990, 84, -78.22, -289.68, 228, 77.36, 290.54
3991, 228, 77.36, 290.54, 81, -59.31, -293.98
3992, 81, -59.31, -293.98, 181, -208.02, 217.48
3993, 181, -208.02, 217.48, 151, -296.56, 46.42
3994, 151, -296.56, 46.42, 55, 108.31, -279.37
3995, 55, 108.31, -279.37, 196, -127.22, 272.49
3996, 196, -127.22, 272.49, 6, 297.42, -38.68
3997, 6, 297.42, -38.68, 249, 197.71, 226.07
3998, 249, 197.71, 226.07, 146, -300.00, 13.75
3999, 146, -300.00, 13.75, 37, 207.16, -216.62
4000, 37, 207.16, -216.62, 286, 299.14, 13.75
4001, 286, 299.14, 13.75, 169, -257.02, 156.45
4002, 169, -257.02, 156.45, 240, 149.57, 260.46
4003, 240, 149.57, 260.46, 191, -156.45, 257.02
4004, 191, -156.45, 257.02, 272, 281.09, 103.15
4005, 272, 281.09, 103.15, 204, -78.22, 290.54
4006, 204, -78.22, 290.54, 233, 108.31, 280.23
4007, 233, 108.31, 280.23, 18, 276.79, -114.33
4008, 18, 276.79, -114.33, 230, 89.40, 286.25
4009, 230, 89.40, 286.25, 147, -300.00, 19.77
4010, 147, -300.00, 19.77, 172, -245.85, 172.78
4011, 172, -245.85, 172.78, 283, 297.42, 32.66
4012, 283, 297.42, 32.66, 171, -250.14, 166.76
4013, 171, -250.14, 166.76, 231, 96.28, 284.53
4014, 231, 96.28, 284.53, 178, -221.78, 202.87
4015, 178, -221.78, 202.87, 142, -300.00, -12.89
4016, 142, -300.00, -12.89, 162, -277.65, 115.19
4017, 162, -277.65, 115.19, 184, -193.41, 230.37
4018, 184, -193.41, 230.37, 96, -150.43, -259.60
4019, 96, -150.43, -259.60, 8, 294.84, -51.58
4020, 8, 294.84, -51.58, 198, -115.19, 277.65
4021, 198, -115.19, 277.65, 133, -291.40, -70.49
4022, 133, -291.40, -70.49, 195, -133.24, 269.91
4023, 195, -133.24, 269.91, 56, 102.29, -281.09
4024, 56, 102.29, -281.09, 199, -109.17, 280.23
4025, 199, -109.17, 280.23, 122, -266.48, -138.40
4026, 122, -266.48, -138.40, 34, 220.92, -202.01
4027, 34, 220.92, -202.01, 272, 281.09, 103.15
4028, 272, 281.09, 103.15, 145, -300.00, 6.88
4029, 145, -300.00, 6.88, 25, 256.16, -155.59
4030, 25, 256.16, -155.59, 263, 256.16, 156.45
4031, 263, 256.16, 156.45, 150, -298.28, 39.54
4032, 150, -298.28, 39.54, 191, -156.45, 257.02
4033, 191, -156.45, 257.02, 54, 114.33, -276.79
4034, 54, 114.33, -276.79, 32, 229.51, -192.55
4035, 32, 229.51, -192.55, 9, 293.98, -58.45
4036, 9, 293.98, -58.45, 237, 132.38, 269.91
4037, 237, 132.38, 269.91, 273, 283.67, 97.13
4038, 273, 283.67, 97.13, 243, 165.90, 250.14
4039, 243, 165.90, 250.14, 64, 51.58, -294.84
4040, 64, 51.58, -294.84, 277, 290.54, 71.35
4041, 277, 290.54, 71.35, 10, 292.26, -64.47
4042, 10, 292.26, -64.47, 214, -13.75, 300.00
4043, 214, -13.75, 300.00, 52, 126.36, -271.63
4044, 52, 126.36, -271.63, 245, 177.08, 242.41
4045, 245, 177.08, 242.41, 0, 300.00, -0.00
4046, 0, 300.00, -0.00, 47, 155.59, -256.16
4047, 47, 155.59, -256.16, 73, -6.88, -299.14
4048, 73, -6.88, -299.14, 249, 197.71, 226.07
4049, 249, 197.71, 226.07, 194, -139.26, 266.48
4050, 194, -139.26, 266.48, 241, 155.59, 257.02
4051, 241, 155.59, 257.02, 55, 108.31, -279.37
4052, 55, 108.31, -279.37, 232, 102.29, 281.95
4053, 232, 102.29, 281.95, 79, -46.42, -295.70
4054, 79, -46.42, -295.70, 236, 126.36, 272.49
4055, 236, 126.36, 272.49, 12, 289.68, -77.36
4056, 12, 289.68, -77.36, 201, -97.13, 284.53
4057, 201, -97.13, 284.53, 246, 182.23, 238.11
4058, 246, 182.23, 238.11, 61, 70.49, -290.54
4059, 61, 70.49, -290.54, 26, 252.72, -160.74
4060, 26, 252.72, -160.74, 73, -6.88, -299.14
4061, 73, -6.88, -299.14, 222, 38.68, 298.28
4062, 222, 38.68, 298.28, 173, -242.41, 177.94
4063, 173, -242.41, 177.94, 206, -65.33, 293.12
4064, 206, -65.33, 293.12, 165, -269.91, 133.24
4065, 165, -269.91, 133.24, 242, 160.74, 253.58
4066, 242, 160.74, 253.58, 190, -161.60, 253.58
4067, 190, -161.60, 253.58, 245, 177.08, 242.41
4068, 245, 177.08, 242.41, 154, -293.12, 65.33
4069, 154, -293.12, 65.33, 251, 207.16, 217.48
4070, 251, 207.16, 217.48, 286, 299.14, 13.75
4071, 286, 299.14, 13.75, 22, 265.62, -138.40
4072, 22, 265.62, -138.40, 147, -300.00, 19.77
4073, 147, -300.00, 19.77, 32, 229.51, -192.55
4074, 32, 229.51, -192.55, 282, 297.42, 39.54
4075, 282, 297.42, 39.54, 126, -277.65, -114.33
4076, 126, -277.65, -114.33, 186, -183.09, 238.11
4077, 186, -183.09, 238.11, 253, 216.62, 208.02
4078, 253, 216.62, 208.02, 175, -234.67, 188.25
4079, 175, -234.67, 188.25, 153, -294.84, 59.31
4080, 153, -294.84, 59.31, 49, 143.55, -262.18
4081, 49, 143.55, -262.18, 74, -13.75, -299.14
4082, 74, -13.75, -299.14, 245, 177.08, 242.41
4083, 245, 177.08, 242.41, 151, -296.56, 46.42
4084, 151, -296.56, 46.42, 22, 265.62, -138.40
4085, 22, 265.62, -138.40, 262, 252.72, 161.60
4086, 262, 252.72, 161.60, 202, -90.26, 286.25
4087, 202, -90.26, 286.25, 232, 102.29, 281.95
4088, 232, 102.29, 281.95, 17, 279.37, -108.31
4089, 17, 279.37, -108.31, 165, -269.91, 133.24
4090, 165, -269.91, 133.24, 74, -13.75, -299.14
4091, 74, -13.75, -299.14, 254, 220.92, 202.87
4092, 254, 220.92, 202.87, 228, 77.36, 290.54
4093, 228, 77.36, 290.54, 176, -230.37, 193.41
4094, 176, -230.37, 193.41, 84, -78.22, -289.68
4095, 84, -78.22, -289.68, 161, -280.23, 109.17
4096, 161, -280.23, 109.17, 210, -39.54, 298.28
4097, 210, -39.54, 298.28, 283, 297.42, 32.66
4098, 283, 297.42, 32.66, 18, 276.79, -114.33
4099, 18, 276.79, -114.33, 52, 126.36, -271.63
4100, 52, 126.36, -271.63, 244, 171.92, 245.85
4101, 244, 171.92, 245.85, 155, -291.40, 71.35
4102, 155, -291.40, 71.35, 265, 262.18, 144.41
4103, 265, 262.18, 144.41, 152, -295.70, 52.44
4104, 152, -295.70, 52.44, 216, -0.86, 300.00
4105, 216, -0.86, 300.00, 63, 58.45, -293.98
4106, 63, 58.45, -293.98, 212, -26.65, 299.14
4107, 212, -26.65, 299.14, 59, 83.38, -287.97
4108, 59, 83.38, -287.97, 242, 160.74, 253.58
4109, 242, 160.74, 253.58, 197, -121.20, 275.07
4110, 197, -121.20, 275.07, 261, 249.28, 166.76
4111, 261, 249.28, 166.76, 32, 229.51, -192.55
4112, 32, 229.51, -192.55, 258, 237.25, 183.09
4113, 258, 237.25, 183.09, 280, 294.84, 52.44
4114, 280, 294.84, 52.44, 232, 102.29, 281.95
4115, 232, 102.29, 281.95, 173, -242.41, 177.94
4116, 173, -242.41, 177.94, 78, -39.54, -297.42
4117, 78, -39.54, -297.42, 225, 58.45, 294.84
4118, 225, 58.45, 294.84, 185, -188.25, 234.67
4119, 185, -188.25, 234.67, 109, -217.48, -207.16
4120, 109, -217.48, -207.16, 190, -161.60, 253.58
4121, 190, -161.60, 253.58, 130, -286.25, -89.40
4122, 130, -286.25, -89.40, 197, -121.20, 275.07
4123, 197, -121.20, 275.07, 1, 299.14, -6.02
4124, 1, 299.14, -6.02, 241, 155.59, 257.02
4125, 241, 155.59, 257.02, 281, 295.70, 46.42
4126, 281, 295.70, 46.42, 255, 225.21, 198.57
4127, 255, 225.21, 198.57, 193, -144.41, 263.04
4128, 193, -144.41, 263.04, 141, -300.00, -18.91
4129, 141, -300.00, -18.91, 280, 294.84, 52.44
4130, 280, 294.84, 52.44, 41, 187.39, -233.81
4131, 41, 187.39, -233.81, 61, 70.49, -290.54
4132, 61, 70.49, -290.54, 16, 281.09, -102.29
4133, 16, 281.09, -102.29, 41, 187.39, -233.81
4134, 41, 187.39, -233.81, 251, 207.16, 217.48
4135, 251, 207.16, 217.48, 160, -281.95, 103.15
4136, 160, -281.95, 103.15, 276, 289.68, 78.22
4137, 276, 289.68, 78.22, 193, -144.41, 263.04
4138, 193, -144.41, 263.04, 271, 279.37, 109.17
4139, 271, 279.37, 109.17, 24, 259.60, -149.57
4140, 24, 259.60, -149.57, 111, -226.07, -197.71
4141, 111, -226.07, -197.71, 37, 207.16, -216.62
4142, 37, 207.16, -216.62, 275, 287.97, 84.24
4143, 275, 287.97, 84.24, 25, 256.16, -155.59
4144, 25, 256.16, -155.59, 143, -300.00, -6.02
4145, 143, -300.00, -6.02, 250, 202.01, 221.78
4146, 250, 202.01, 221.78, 148, -299.14, 26.65
4147, 148, -299.14, 26.65, 265, 262.18, 144.41
4148, 265, 262.18, 144.41, 206, -65.33, 293.12
4149, 206, -65.33, 293.12, 56, 102.29, -281.09
4150, 56, 102.29, -281.09, 224, 51.58, 295.70
4151, 224, 51.58, 295.70, 9, 293.98, -58.45
4152, 9, 293.98, -58.45, 251, 207.16, 217.48
4153, 251, 207.16, 217.48, 155, -291.40, 71.35
4154, 155, -291.40, 71.35, 194, -139.26, 266.48
4155, 194, -139.26, 266.48, 283, 297.42, 32.66
4156, 283, 297.42, 32.66, 35, 216.62, -207.16
4157, 35, 216.62, -207.16, 159, -284.53, 97.13
4158, 159, -284.53, 97.13, 241, 155.59, 257.02
4159, 241, 155.59, 257.02, 187, -177.94, 242.41
4160, 187, -177.94, 242.41, 51, 132.38, -269.05
4161, 51, 132.38, -269.05, 149, -298.28, 32.66
4162, 149, -298.28, 32.66, 189, -166.76, 250.14
4163, 189, -166.76, 250.14, 251, 207.16, 217.48
4164, 251, 207.16, 217.48, 183, -198.57, 226.07
4165, 183, -198.57, 226.07, 95, -144.41, -262.18
4166, 95, -144.41, -262.18, 181, -208.02, 217.48
4167, 181, -208.02, 217.48, 90, -115.19, -276.79
4168, 90, -115.19, -276.79, 170, -253.58, 161.60
4169, 170, -253.58, 161.60, 217, 6.02, 300.00
4170, 217, 6.02, 300.00, 125, -275.07, -120.34
4171, 125, -275.07, -120.34, 184, -193.41, 230.37
4172, 184, -193.41, 230.37, 281, 295.70, 46.42
4173, 281, 295.70, 46.42, 140, -299.14, -25.79
4174, 140, -299.14, -25.79, 3, 299.14, -18.91
4175, 3, 299.14, -18.91, 45, 165.90, -249.28
4176, 45, 165.90, -249.28, 284, 298.28, 26.65
4177, 284, 298.28, 26.65, 38, 202.01, -220.92
4178, 38, 202.01, -220.92, 274, 285.39, 90.26
4179, 274, 285.39, 90.26, 172, -245.85, 172.78
4180, 172, -245.85, 172.78, 83, -71.35, -290.54
4181, 83, -71.35, -290.54, 248, 192.55, 230.37
4182, 248, 192.55, 230.37, 166, -266.48, 139.26
4183, 166, -266.48, 139.26, 3, 299.14, -18.91
4184, 3, 299.14, -18.91, 249, 197.71, 226.07
4185, 249, 197.71, 226.07, 199, -109.17, 280.23
4186, 199, -109.17, 280.23, 135, -294.84, -58.45
4187, 135, -294.84, -58.45, 201, -97.13, 284.53
4188, 201, -97.13, 284.53, 261, 249.28, 166.76
4189, 261, 249.28, 166.76, 78, -39.54, -297.42
4190, 78, -39.54, -297.42, 171, -250.14, 166.76
4191, 171, -250.14, 166.76, 287, 299.14, 6.88
4192, 287, 299.14, 6.88, 195, -133.24, 269.91
4193, 195, -133.24, 269.91, 143, -300.00, -6.02
4194, 143, -300.00, -6.02, 240, 149.57, 260.46
4195, 240, 149.57, 260.46, 192, -150.43, 260.46
4196, 192, -150.43, 260.46, 152, -295.70, 52.44
4197, 152, -295.70, 52.44, 37, 207.16, -216.62
4198, 37, 207.16, -216.62, 0, 300.00, -0.00
4199, 0, 300.00, -0.00, 46, 160.74, -252.72
4200, 46, 160.74, -252.72, 176, -230.37, 193.41
4201, 176, -230.37, 193.41, 155, -291.40, 71.35
4202, 155, -291.40, 71.35, 40, 192.55, -229.51
4203, 40, 192.55, -229.51, 115, -242.41, -177.08
4204, 115, -242.41, -177.08, 197, -121.20, 275.07
4205, 197, -121.20, 275.07, 267, 269.05, 133.24
4206, 267, 269.05, 133.24, 189, -166.76, 250.14
4207, 189, -166.76, 250.14, 100, -172.78, -244.99
4208, 100, -172.78, -244.99, 285, 299.14, 19.77
4209, 285, 299.14, 19.77, 200, -103.15, 281.95
4210, 200, -103.15, 281.95, 156, -290.54, 78.22
4211, 156, -290.54, 78.22, 268, 271.63, 127.22
4212, 268, 271.63, 127.22, 19, 274.21, -120.34
4213, 19, 274.21, -120.34, 177, -226.07, 198.57
4214, 177, -226.07, 198.57, 227, 70.49, 291.40
4215, 227, 70.49, 291.40, 184, -193.41, 230.37
4216, 184, -193.41, 230.37, 242, 160.74, 253.58
4217, 242, 160.74, 253.58, 207, -59.31, 294.84
4218, 207, -59.31, 294.84, 161, -280.23, 109.17
4219, 161, -280.23, 109.17, 63, 58.45, -293.98
4220, 63, 58.45, -293.98, 217, 6.02, 300.00
4221, 217, 6.02, 300.00, 55, 108.31, -279.37
4222, 55, 108.31, -279.37, 219, 18.91, 300.00
4223, 219, 18.91, 300.00, 157, -288.83, 84.24
4224, 157, -288.83, 84.24, 63, 58.45, -293.98
4225, 63, 58.45, -293.98, 8, 294.84, -51.58
4226, 8, 294.84, -51.58, 276, 289.68, 78.22
4227, 276, 289.68, 78.22, 252, 211.46, 212.32
4228, 252, 211.46, 212.32, 51, 132.38, -269.05
4229, 51, 132.38, -269.05, 6, 297.42, -38.68
4230, 6, 297.42, -38.68, 198, -115.19, 277.65
4231, 198, -115.19, 277.65, 260, 244.99, 172.78
4232, 260, 244.99, 172.78, 204, -78.22, 290.54
4233, 204, -78.22, 290.54, 131, -288.83, -83.38
4234, 131, -288.83, -83.38, 194, -139.26, 266.48
4235, 194, -139.26, 266.48, 264, 259.60, 150.43
4236, 264, 259.60, 150.43, 22, 265.62, -138.40
4237, 22, 265.62, -138.40, 42, 182.23, -237.25
4238, 42, 182.23, -237.25, 2, 299.14, -12.89
4239, 2, 299.14, -12.89, 200, -103.15, 281.95
4240, 200, -103.15, 281.95, 157, -288.83, 84.24
4241, 157, -288.83, 84.24, 199, -109.17, 280.23
4242, 199, -109.17, 280.23, 72, 0.00, -300.00
4243, 72, 0.00, -300.00, 27, 249.28, -165.90
4244, 27, 249.28, -165.90, 149, -298.28, 32.66
4245, 149, -298.28, 32.66, 249, 197.71, 226.07
4246, 249, 197.71, 226.07, 90, -115.19, -276.79
4247, 90, -115.19, -276.79, 244, 171.92, 245.85
4248, 244, 171.92, 245.85, 193, -144.41, 263.04
4249, 193, -144.41, 263.04, 171, -250.14, 166.76
4250, 171, -250.14, 166.76, 280, 294.84, 52.44
4251, 280, 294.84, 52.44, 143, -300.00, -6.02
4252, 143, -300.00, -6.02, 199, -109.17, 280.23
4253, 199, -109.17, 280.23, 136, -295.70, -51.58
4254, 136, -295.70, -51.58, 244, 171.92, 245.85
4255, 244, 171.92, 245.85, 2, 299.14, -12.89
4256, 2, 299.14, -12.89, 218, 12.89, 300.00
4257, 218, 12.89, 300.00, 63, 58.45, -293.98
4258, 63, 58.45, -293.98, 238, 138.40, 266.48
4259, 238, 138.40, 266.48, 270, 276.79, 115.19
4260, 270, 276.79, 115.19, 16, 281.09, -102.29
4261, 16, 281.09, -102.29, 273, 283.67, 97.13
4262, 273, 283.67, 97.13, 127, -280.23, -108.31
4263, 127, -280.23, -108.31, 38, 202.01, -220.92
4264, 38, 202.01, -220.92, 146, -300.00, 13.75
4265, 146, -300.00, 13.75, 271, 279.37, 109.17
4266, 271, 279.37, 109.17, 149, -298.28, 32.66
4267, 149, -298.28, 32.66, 182, -202.87, 221.78
4268, 182, -202.87, 221.78, 210, -39.54, 298.28
4269, 210, -39.54, 298.28, 45, 165.90, -249.28
4270, 45, 165.90, -249.28, 213, -19.77, 300.00
4271, 213, -19.77, 300.00, 61, 70.49, -290.54
4272, 61, 70.49, -290.54, 41, 187.39, -233.81
4273, 41, 187.39, -233.81, 244, 171.92, 245.85
4274, 244, 171.92, 245.85, 180, -212.32, 212.32
4275, 180, -212.32, 212.32, 237, 132.38, 269.91
4276, 237, 132.38, 269.91, 276, 289.68, 78.22
4277, 276, 289.68, 78.22, 150, -298.28, 39.54
4278, 150, -298.28, 39.54, 204, -78.22, 290.54
4279, 204, -78.22, 290.54, 174, -238.11, 183.09
4280, 174, -238.11, 183.09, 239, 143.55, 263.04
4281, 239, 143.55, 263.04, 163, -275.07, 121.20
4282, 163, -275.07, 121.20, 71, 6.02, -299.14
4283, 71, 6.02, -299.14, 192, -150.43, 260.46
4284, 192, -150.43, 260.46, 140, -299.14, -25.79
4285, 140, -299.14, -25.79, 247, 187.39, 234.67
4286, 247, 187.39, 234.67, 7, 295.70, -45.56
4287, 7, 295.70, -45.56, 49, 143.55, -262.18
4288, 49, 143.55, -262.18, 191, -156.45, 257.02
4289, 191, -156.45, 257.02, 255, 225.21, 198.57
4290, 255, 225.21, 198.57, 11, 290.54, -70.49
4291, 11, 290.54, -70.49, 54, 114.33, -276.79
4292, 54, 114.33, -276.79, 261, 249.28, 166.76
4293, 261, 249.28, 166.76, 187, -177.94, 242.41
4294, 187, -177.94, 242.41, 248, 192.55, 230.37
4295, 248, 192.55, 230.37, 1, 299.14, -6.02
4296, 1, 299.14, -6.02, 48, 149.57, -259.60
4297, 48, 149.57, -259.60, 221, 31.81, 298.28
4298, 221, 31.81, 298.28, 185, -188.25, 234.67
4299, 185, -188.25, 234.67, 255, 225.21, 198.57
4300, 255, 225.21, 198.57, 12, 289.68, -77.36
4301, 12, 289.68, -77.36, 239, 143.55, 263.04
4302, 239, 143.55, 263.04, 259, 241.55, 177.94
4303, 259, 241.55, 177.94, 23, 262.18, -143.55
4304, 23, 262.18, -143.55, 251, 207.16, 217.48
4305, 251, 207.16, 217.48, 169, -257.02, 156.45
4306, 169, -257.02, 156.45, 201, -97.13, 284.53
4307, 201, -97.13, 284.53, 284, 298.28, 26.65
4308, 284, 298.28, 26.65, 32, 229.51, -192.55
4309, 32, 229.51, -192.55, 92, -127.22, -271.63
4310, 92, -127.22, -271.63, 247, 187.39, 234.67
4311, 247, 187.39, 234.67, 159, -284.53, 97.13
4312, 159, -284.53, 97.13, 64, 51.58, -294.84
4313, 64, 51.58, -294.84, 256, 229.51, 193.41
4314, 256, 229.51, 193.41, 77, -32.66, -297.42
4315, 77, -32.66, -297.42, 226, 64.47, 293.12
4316, 226, 64.47, 293.12, 182, -202.87, 221.78
4317, 182, -202.87, 221.78, 61, 70.49, -290.54
4318, 61, 70.49, -290.54, 208, -52.44, 295.70
4319, 208, -52.44, 295.70, 141, -300.00, -18.91
4320, 141, -300.00, -18.91, 272, 281.09, 103.15
4321, 272, 281.09, 103.15, 69, 18.91, -299.14
4322, 69, 18.91, -299.14, 221, 31.81, 298.28
4323, 221, 31.81, 298.28, 52, 126.36, -271.63
4324, 52, 126.36, -271.63, 17, 279.37, -108.31
4325, 17, 279.37, -108.31, 262, 252.72, 161.60
4326, 262, 252.72, 161.60, 24, 259.60, -149.57
4327, 24, 259.60, -149.57, 53, 120.34, -274.21
4328, 53, 120.34, -274.21, 150, -298.28, 39.54
4329, 150, -298.28, 39.54, 266, 265.62, 139.26
4330, 266, 265.62, 139.26, 140, -299.14, -25.79
4331, 140, -299.14, -25.79, 205, -71.35, 291.40
4332, 205, -71.35, 291.40, 139, -298.28, -31.81
4333, 139, -298.28, -31.81, 245, 177.08, 242.41
4334, 245, 177.08, 242.41, 213, -19.77, 300.00
4335, 213, -19.77, 300.00, 269, 274.21, 121.20
4336, 269, 274.21, 121.20, 202, -90.26, 286.25
4337, 202, -90.26, 286.25, 235, 120.34, 275.07
4338, 235, 120.34, 275.07, 175, -234.67, 188.25
4339, 175, -234.67, 188.25, 229, 83.38, 288.83
4340, 229, 83.38, 288.83, 80, -52.44, -294.84
4341, 80, -52.44, -294.84, 226, 64.47, 293.12
4342, 226, 64.47, 293.12, 163, -275.07, 121.20
4343, 163, -275.07, 121.20, 245, 177.08, 242.41
4344, 245, 177.08, 242.41, 27, 249.28, -165.90
4345, 27, 249.28, -165.90, 271, 279.37, 109.17
4346, 271, 279.37, 109.17, 115, -242.41, -177.08
4347, 115, -242.41, -177.08, 15, 283.67, -96.28
4348, 15, 283.67, -96.28, 263, 256.16, 156.45
4349, 263, 256.16, 156.45, 160, -281.95, 103.15
4350, 160, -281.95, 103.15, 245, 177.08, 242.41
4351, 245, 177.08, 242.41, 173, -242.41, 177.94
4352, 173, -242.41, 177.94, 225, 58.45, 294.84
4353, 225, 58.45, 294.84, 253, 216.62, 208.02
4354, 253, 216.62, 208.02, 195, -133.24, 269.91
4355, 195, -133.24, 269.91, 165, -269.91, 133.24
4356, 165, -269.91, 133.24, 85, -84.24, -287.97
4357, 85, -84.24, -287.97, 172, -245.85, 172.78
4358, 172, -245.85, 172.78, 99, -166.76, -249.28
4359, 99, -166.76, -249.28, 171, -250.14, 166.76
4360, 171, -250.14, 166.76, 139, -298.28, -31.81
4361, 139, -298.28, -31.81, 240, 149.57, 260.46
4362, 240, 149.57, 260.46, 16, 281.09, -102.29
4363, 16, 281.09, -102.29, 256, 229.51, 193.41
4364, 256, 229.51, 193.41, 141, -300.00, -18.91
4365, 141, -300.00, -18.91, 201, -97.13, 284.53
4366, 201, -97.13, 284.53, 140, -299.14, -25.79
4367, 140, -299.14, -25.79, 203, -84.24, 288.83
4368, 203, -84.24, 288.83, 237, 132.38, 269.91
4369, 237, 132.38, 269.91, 139, -298.28, -31.81
4370, 139, -298.28, -31.81, 240, 149.57, 260.46
4371, 240, 149.57, 260.46, 180, -212.32, 212.32
4372, 180, -212.32, 212.32, 282, 297.42, 39.54
4373, 282, 297.42, 39.54, 72, 0.00, -300.00
4374, 72, 0.00, -300.00, 283, 297.42, 32.66
4375, 283, 297.42, 32.66, 39, 197.71, -225.21
4376, 39, 197.71, -225.21, 119, -257.02, -155.59
4377, 119, -257.02, -155.59, 198, -115.19, 277.65
4378, 198, -115.19, 277.65, 124, -272.49, -126.36
4379, 124, -272.49, -126.36, 187, -177.94, 242.41
4380, 187, -177.94, 242.41, 239, 143.55, 263.04
4381, 239, 143.55, 263.04, 273, 283.67, 97.13
4382, 273, 283.67, 97.13, 161, -280.23, 109.17
4383, 161, -280.23, 109.17, 222, 38.68, 298.28
4384, 222, 38.68, 298.28, 165, -269.91, 133.24
4385, 165, -269.91, 133.24, 75, -19.77, -299.14
4386, 75, -19.77, -299.14, 229, 83.38, 288.83
4387, 229, 83.38, 288.83, 87, -97.13, -283.67
4388, 87, -97.13, -283.67, 241, 155.59, 257.02
4389, 241, 155.59, 257.02, 221, 31.81, 298.28
4390, 221, 31.81, 298.28, 51, 132.38, -269.05
4391, 51, 132.38, -269.05, 184, -193.41, 230.37
4392, 184, -193.41, 230.37, 258, 237.25, 183.09
4393, 258, 237.25, 183.09, 18, 276.79, -114.33
4394, 18, 276.79, -114.33, 249, 197.71, 226.07
4395, 249, 197.71, 226.07, 139, -298.28, -31.81
4396, 139, -298.28, -31.81, 195, -133.24, 269.91
4397, 195, -133.24, 269.91, 279, 293.98, 59.31
4398, 279, 293.98, 59.31, 44, 171.92, -244.99
4399, 44, 171.92, -244.99, 4, 298.28, -25.79
4400, 4, 298.28, -25.79, 199, -109.17, 280.23
4401, 199, -109.17, 280.23, 159, -284.53, 97.13
4402, 159, -284.53, 97.13, 228, 77.36, 290.54
4403, 228, 77.36, 290.54, 168, -260.46, 150.43
4404, 168, -260.46, 150.43, 88, -103.15, -281.09
4405, 88, -103.15, -281.09, 175, -234.67, 188.25
4406, 175, -234.67, 188.25, 196, -127.22, 272.49
4407, 196, -127.22, 272.49, 142, -300.00, -12.89
4408, 142, -300.00, -12.89, 245, 177.08, 242.41
4409, 245, 177.08, 242.41, 59, 83.38, -287.97
4410, 59, 83.38, -287.97, 252, 211.46, 212.32
4411, 252, 211.46, 212.32, 167, -263.04, 144.41
4412, 167, -263.04, 144.41, 285, 299.14, 19.77
4413, 285, 299.14, 19.77, 43, 177.08, -241.55
4414, 43, 177.08, -241.55, 135, -294.84, -58.45
4415, 135, -294.84, -58.45, 202, -90.26, 286.25
4416, 202, -90.26, 286.25, 245, 177.08, 242.41
4417, 245, 177.08, 242.41, 150, -298.28, 39.54
4418, 150, -298.28, 39.54, 270, 276.79, 115.19
4419, 270, 276.79, 115.19, 33, 225.21, -197.71
4420, 33, 225.21, -197.71, 11, 290.54, -70.49
4421, 11, 290.54, -70.49, 231, 96.28, 284.53
4422, 231, 96.28, 284.53, 260, 244.99, 172.78
4423, 260, 244.99, 172.78, 150, -298.28, 39.54
4424, 150, -298.28, 39.54, 241, 155.59, 257.02
4425, 241, 155.59, 257.02, 215, -6.88, 300.00
4426, 215, -6.88, 300.00, 145, -300.00, 6.88
4427, 145, -300.00, 6.88, 265, 262.18, 144.41
4428, 265, 262.18, 144.41, 224, 51.58, 295.70
4429, 224, 51.58, 295.70, 244, 171.92, 245.85
4430, 244, 171.92, 245.85, 1, 299.14, -6.02
4431, 1, 299.14, -6.02, 244, 171.92, 245.85
4432, 244, 171.92, 245.85, 164, -272.49, 127.22
4433, 164, -272.49, 127.22, 68, 25.79, -298.28
4434, 68, 25.79, -298.28, 161, -280.23, 109.17
4435, 161, -280.23, 109.17, 261, 249.28, 166.76
4436, 261, 249.28, 166.76, 22, 265.62, -138.40
4437, 22, 265.62, -138.40, 271, 279.37, 109.17
4438, 271, 279.37, 109.17, 204, -78.22, 290.54
4439, 204, -78.22, 290.54, 226, 64.47, 293.12
4440, 226, 64.47, 293.12, 169, -257.02, 156.45
4441, 169, -257.02, 156.45, 192, -150.43, 260.46
4442, 192, -150.43, 260.46, 274, 285.39, 90.26
4443, 274, 285.39, 90.26, 32, 229.51, -192.55
4444, 32, 229.51, -192.55, 87, -97.13, -283.67
4445, 87, -97.13, -283.67, 169, -257.02, 156.45
4446, 169, -257.02, 156.45, 207, -59.31, 294.84
4447, 207, -59.31, 294.84, 58, 89.40, -285.39
4448, 58, 89.40, -285.39, 246, 182.23, 238.11
4449, 246, 182.23, 238.11, 149, -298.28, 32.66
4450, 149, -298.28, 32.66, 39, 197.71, -225.21
4451, 39, 197.71, -225.21, 0, 300.00, -0.00
4452, 0, 300.00, -0.00, 245, 177.08, 242.41
4453, 245, 177.08, 242.41, 167, -263.04, 144.41
4454, 167, -263.04, 144.41, 80, -52.44, -294.84
4455, 80, -52.44, -294.84, 225, 58.45, 294.84
4456, 225, 58.45, 294.84, 64, 51.58, -294.84
4457, 64, 51.58, -294.84, 248, 192.55, 230.37
4458, 248, 192.55, 230.37, 51, 132.38, -269.05
4459, 51, 132.38, -269.05, 190, -161.60, 253.58
4460, 190, -161.60, 253.58, 156, -290.54, 78.22
4461, 156, -290.54, 78.22, 236, 126.36, 272.49
4462, 236, 126.36, 272.49, 16, 281.09, -102.29
4463, 16, 281.09, -102.29, 230, 89.40, 286.25
4464, 230, 89.40, 286.25, 19, 274.21, -120.34
4465, 19, 274.21, -120.34, 181, -208.02, 217.48
4466, 181, -208.02, 217.48, 212, -26.65, 299.14
4467, 212, -26.65, 299.14, 6, 297.42, -38.68
4468, 6, 297.42, -38.68, 190, -161.60, 253.58
4469, 190, -161.60, 253.58, 108, -212.32, -211.46
4470, 108, -212.32, -211.46, 187, -177.94, 242.41
4471, 187, -177.94, 242.41, 127, -280.23, -108.31
4472, 127, -280.23, -108.31, 196, -127.22, 272.49
4473, 196, -127.22, 272.49, 276, 289.68, 78.22
4474, 276, 289.68, 78.22, 24, 259.60, -149.57
4475, 24, 259.60, -149.57, 146, -300.00, 13.75
4476, 146, -300.00, 13.75, 247, 187.39, 234.67
4477, 247, 187.39, 234.67, 24, 259.60, -149.57
4478, 24, 259.60, -149.57, 70, 12.89, -299.14
4479, 70, 12.89, -299.14, 195, -133.24, 269.91
4480, 195, -133.24, 269.91, 113, -234.67, -187.39
4481, 113, -234.67, -187.39, 44, 171.92, -244.99
4482, 44, 171.92, -244.99, 151, -296.56, 46.42
4483, 151, -296.56, 46.42, 215, -6.88, 300.00
4484, 215, -6.88, 300.00, 49, 143.55, -262.18
4485, 49, 143.55, -262.18, 150, -298.28, 39.54
4486, 150, -298.28, 39.54, 268, 271.63, 127.22
4487, 268, 271.63, 127.22, 17, 279.37, -108.31
4488, 17, 279.37, -108.31, 229, 83.38, 288.83
4489, 229, 83.38, 288.83, 182, -202.87, 221.78
4490, 182, -202.87, 221.78, 271, 279.37, 109.17
4491, 271, 279.37, 109.17, 32, 229.51, -192.55
4492, 32, 229.51, -192.55, 278, 292.26, 65.33
4493, 278, 292.26, 65.33, 42, 182.23, -237.25
4494, 42, 182.23, -237.25, 152, -295.70, 52.44
4495, 152, -295.70, 52.44, 277, 290.54, 71.35
4496, 277, 290.54, 71.35, 208, -52.44, 295.70
4497, 208, -52.44, 295.70, 185, -188.25, 234.67
4498, 185, -188.25, 234.67, 238, 138.40, 266.48
4499, 238, 138.40, 266.48, 197, -121.20, 275.07
4500, 197, -121.20, 275.07, 286, 299.14, 13.75
4501, 286, 299.14, 13.75, 237, 132.38, 269.91
4502, 237, 132.38, 269.91, 177, -226.07, 198.57
4503, 177, -226.07, 198.57, 87, -97.13, -283.67
4504, 87, -97.13, -283.67, 174, -238.11, 183.09
4505, 174, -238.11, 183.09, 282, 297.42, 39.54
4506, 282, 297.42, 39.54, 30, 237.25, -182.23
4507, 30, 237.25, -182.23, 55, 108.31, -279.37
4508, 55, 108.31, -279.37, 224, 51.58, 295.70
4509, 224, 51.58, 295.70, 136, -295.70, -51.58
4510, 136, -295.70, -51.58, 240, 149.57, 260.46
4511, 240, 149.57, 260.46, 151, -296.56, 46.42
4512, 151, -296.56, 46.42, 47, 155.59, -256.16
4513, 47, 155.59, -256.16, 4, 298.28, -25.79
4514, 4, 298.28, -25.79, 115, -242.41, -177.08
4515, 115, -242.41, -177.08, 39, 197.71, -225.21
4516, 39, 197.71, -225.21, 123, -269.91, -132.38
4517, 123, -269.91, -132.38, 277, 290.54, 71.35
4518, 277, 290.54, 71.35, 180, -212.32, 212.32
4519, 180, -212.32, 212.32, 201, -97.13, 284.53
4520, 201, -97.13, 284.53, 141, -300.00, -18.91
4521, 141, -300.00, -18.91, 247, 187.39, 234.67
4522, 247, 187.39, 234.67, 193, -144.41, 263.04
4523, 193, -144.41, 263.04, 147, -300.00, 19.77
4524, 147, -300.00, 19.77, 270, 276.79, 115.19
4525, 270, 276.79, 115.19, 33, 225.21, -197.71
4526, 33, 225.21, -197.71, 89, -109.17, -279.37
4527, 89, -109.17, -279.37, 230, 89.40, 286.25
4528, 230, 89.40, 286.25, 162, -277.65, 115.19
4529, 162, -277.65, 115.19, 201, -97.13, 284.53
4530, 201, -97.13, 284.53, 263, 256.16, 156.45
4531, 263, 256.16, 156.45, 21, 269.05, -132.38
4532, 21, 269.05, -132.38, 261, 249.28, 166.76
4533, 261, 249.28, 166.76, 102, -183.09, -237.25
4534, 102, -183.09, -237.25, 269, 274.21, 121.20
4535, 269, 274.21, 121.20, 148, -299.14, 26.65
4536, 148, -299.14, 26.65, 21, 269.05, -132.38
4537, 21, 269.05, -132.38, 179, -217.48, 208.02
4538, 179, -217.48, 208.02, 220, 25.79, 299.14
4539, 220, 25.79, 299.14, 65, 45.56, -295.70
4540, 65, 45.56, -295.70, 217, 6.02, 300.00
4541, 217, 6.02, 300.00, 12, 289.68, -77.36
4542, 12, 289.68, -77.36, 263, 256.16, 156.45
4543, 263, 256.16, 156.45, 147, -300.00, 19.77
4544, 147, -300.00, 19.77, 195, -133.24, 269.91
4545, 195, -133.24, 269.91, 250, 202.01, 221.78
4546, 250, 202.01, 221.78, 13, 287.97, -83.38
4547, 13, 287.97, -83.38, 55, 108.31, -279.37
4548, 55, 108.31, -279.37, 243, 165.90, 250.14
4549, 243, 165.90, 250.14, 19, 274.21, -120.34
4550, 19, 274.21, -120.34, 176, -230.37, 193.41
4551, 176, -230.37, 193.41, 273, 283.67, 97.13
4552, 273, 283.67, 97.13, 140, -299.14, -25.79
4553, 140, -299.14, -25.79, 286, 299.14, 13.75
4554, 286, 299.14, 13.75, 41, 187.39, -233.81
4555, 41, 187.39, -233.81, 112, -230.37, -192.55
4556, 112, -230.37, -192.55, 13, 287.97, -83.38
4557, 13, 287.97, -83.38, 254, 220.92, 202.87
4558, 254, 220.92, 202.87, 171, -250.14, 166.76
4559, 171, -250.14, 166.76, 43, 177.08, -241.55
4560, 43, 177.08, -241.55, 212, -26.65, 299.14
4561, 212, -26.65, 299.14, 146, -300.00, 13.75
4562, 146, -300.00, 13.75, 29, 241.55, -177.08
4563, 29, 241.55, -177.08, 78, -39.54, -297.42
4564, 78, -39.54, -297.42, 161, -280.23, 109.17
4565, 161, -280.23, 109.17, 218, 12.89, 300.00
4566, 218, 12.89, 300.00, 60, 77.36, -289.68
4567, 60, 77.36, -289.68, 157, -288.83, 84.24
4568, 157, -288.83, 84.24, 246, 182.23, 238.11
4569, 246, 182.23, 238.11, 149, -298.28, 32.66
4570, 149, -298.28, 32.66, 192, -150.43, 260.46
4571, 192, -150.43, 260.46, 223, 45.56, 296.56
4572, 223, 45.56, 296.56, 57, 96.28, -283.67
4573, 57, 96.28, -283.67, 151, -296.56, 46.42
4574, 151, -296.56, 46.42, 265, 262.18, 144.41
4575, 265, 262.18, 144.41, 158, -286.25, 90.26
4576, 158, -286.25, 90.26, 204, -78.22, 290.54
4577, 204, -78.22, 290.54, 142, -300.00, -12.89
4578, 142, -300.00, -12.89, 246, 182.23, 238.11
4579, 246, 182.23, 238.11, 147, -300.00, 19.77
4580, 147, -300.00, 19.77, 250, 202.01, 221.78
4581, 250, 202.01, 221.78, 27, 249.28, -165.90
4582, 27, 249.28, -165.90, 72, 0.00, -300.00
4583, 72, 0.00, -300.00, 279, 293.98, 59.31
4584, 279, 293.98, 59.31, 39, 197.71, -225.21
4585, 39, 197.71, -225.21, 250, 202.01, 221.78
4586, 250, 202.01, 221.78, 56, 102.29, -281.09
4587, 56, 102.29, -281.09, 233, 108.31, 280.23
4588, 233, 108.31, 280.23, 274, 285.39, 90.26
4589, 274, 285.39, 90.26, 250, 202.01, 221.78
4590, 250, 202.01, 221.78, 91, -121.20, -274.21
4591, 91, -121.20, -274.21, 234, 114.33, 277.65
4592, 234, 114.33, 277.65, 87, -97.13, -283.67
4593, 87, -97.13, -283.67, 63, 58.45, -293.98
4594, 63, 58.45, -293.98, 162, -277.65, 115.19
4595, 162, -277.65, 115.19, 220, 25.79, 299.14
4596, 220, 25.79, 299.14, 261, 249.28, 166.76
4597, 261, 249.28, 166.76, 240, 149.57, 260.46
4598, 240, 149.57, 260.46, 140, -299.14, -25.79
4599, 140, -299.14, -25.79, 214, -13.75, 300.00
4600, 214, -13.75, 300.00, 191, -156.45, 257.02
4601, 191, -156.45, 257.02, 259, 241.55, 177.94
4602, 259, 241.55, 177.94, 207, -59.31, 294.84
4603, 207, -59.31, 294.84, 142, -300.00, -12.89
4604, 142, -300.00, -12.89, 264, 259.60, 150.43
4605, 264, 259.60, 150.43, 58, 89.40, -285.39
4606, 58, 89.40, -285.39, 215, -6.88, 300.00
4607, 215, -6.88, 300.00, 44, 171.92, -244.99
4608, 44, 171.92, -244.99, 137, -296.56, -45.56
4609, 137, -296.56, -45.56, 199, -109.17, 280.23
4610, 199, -109.17, 280.23, 220, 25.79, 299.14
4611, 220, 25.79, 299.14, 160, -281.95, 103.15
4612, 160, -281.95, 103.15, 264, 259.60, 150.43
4613, 264, 259.60, 150.43, 235, 120.34, 275.07
4614, 235, 120.34, 275.07, 267, 269.05, 133.24
4615, 267, 269.05, 133.24, 226, 64.47, 293.12
4616, 226, 64.47, 293.12, 83, -71.35, -290.54
4617, 83, -71.35, -290.54, 232, 102.29, 281.95
4618, 232, 102.29, 281.95, 180, -212.32, 212.32
4619, 180, -212.32, 212.32, 218, 12.89, 300.00
4620, 218, 12.89, 300.00, 165, -269.91, 133.24
4621, 165, -269.91, 133.24, 225, 58.45, 294.84
4622, 225, 58.45, 294.84, 54, 114.33, -276.79
4623, 54, 114.33, -276.79, 203, -84.24, 288.83
4624, 203, -84.24, 288.83, 277, 290.54, 71.35
4625, 277, 290.54, 71.35, 244, 171.92, 245.85
4626, 244, 171.92, 245.85, 135, -294.84, -58.45
4627, 135, -294.84, -58.45, 206, -65.33, 293.12
4628, 206, -65.33, 293.12, 138, -298.28, -38.68
4629, 138, -298.28, -38.68, 237, 132.38, 269.91
4630, 237, 132.38, 269.91, 184, -193.41, 230.37
4631, 184, -193.41, 230.37, 206, -65.33, 293.12
4632, 206, -65.33, 293.12, 262, 252.72, 161.60
4633, 262, 252.72, 161.60, 196, -127.22, 272.49
4634, 196, -127.22, 272.49, 242, 160.74, 253.58
4635, 242, 160.74, 253.58, 166, -266.48, 139.26
4636, 166, -266.48, 139.26, 76, -26.65, -298.28
4637, 76, -26.65, -298.28, 236, 126.36, 272.49
4638, 236, 126.36, 272.49, 33, 225.21, -197.71
4639, 33, 225.21, -197.71, 154, -293.12, 65.33
4640, 154, -293.12, 65.33, 206, -65.33, 293.12
4641, 206, -65.33, 293.12, 276, 289.68, 78.22
4642, 276, 289.68, 78.22, 140, -299.14, -25.79
4643, 140, -299.14, -25.79, 187, -177.94, 242.41
4644, 187, -177.94, 242.41, 49, 143.55, -262.18
4645, 49, 143.55, -262.18, 250, 202.01, 221.78
4646, 250, 202.01, 221.78, 8, 294.84, -51.58
4647, 8, 294.84, -51.58, 231, 96.28, 284.53
4648, 231, 96.28, 284.53, 78, -39.54, -297.42
4649, 78, -39.54, -297.42, 40, 192.55, -229.51
4650, 40, 192.55, -229.51, 287, 299.14, 6.88
4651, 287, 299.14, 6.88, 102, -183.09, -237.25
4652, 102, -183.09, -237.25, 181, -208.02, 217.48
4653, 181, -208.02, 217.48, 93, -133.24, -269.05
4654, 93, -133.24, -269.05, 34, 220.92, -202.01
4655, 34, 220.92, -202.01, 244, 171.92, 245.85
4656, 244, 171.92, 245.85, 13, 287.97, -83.38
4657, 13, 287.97, -83.38, 221, 31.81, 298.28
4658, 221, 31.81, 298.28, 174, -238.11, 183.09
4659, 174, -238.11, 183.09, 231, 96.28, 284.53
4660, 231, 96.28, 284.53, 86, -90.26, -285.39
4661, 86, -90.26, -285.39, 240, 149.57, 260.46
4662, 240, 149.57, 260.46, 15, 283.67, -96.28
4663, 15, 283.67, -96.28, 62, 64.47, -292.26
4664, 62, 64.47, -292.26, 223, 45.56, 296.56
4665, 223, 45.56, 296.56, 74, -13.75, -299.14
4666, 74, -13.75, -299.14, 27, 249.28, -165.90
4667, 27, 249.28, -165.90, 266, 265.62, 139.26
4668, 266, 265.62, 139.26, 20, 271.63, -126.36
4669, 20, 271.63, -126.36, 283, 297.42, 32.66
4670, 283, 297.42, 32.66, 236, 126.36, 272.49
4671, 236, 126.36, 272.49, 61, 70.49, -290.54
4672, 61, 70.49, -290.54, 244, 171.92, 245.85
4673, 244, 171.92, 245.85, 161, -280.23, 109.17
4674, 161, -280.23, 109.17, 200, -103.15, 281.95
4675, 200, -103.15, 281.95, 253, 216.62, 208.02
4676, 253, 216.62, 208.02, 25, 256.16, -155.59
4677, 25, 256.16, -155.59, 69, 18.91, -299.14
4678, 69, 18.91, -299.14, 149, -298.28, 32.66
4679, 149, -298.28, 32.66, 175, -234.67, 188.25
4680, 175, -234.67, 188.25, 211, -32.66, 298.28
4681, 211, -32.66, 298.28, 239, 143.55, 263.04
4682, 239, 143.55, 263.04, 141, -300.00, -18.91
4683, 141, -300.00, -18.91, 193, -144.41, 263.04
4684, 193, -144.41, 263.04, 132, -290.54, -77.36
4685, 132, -290.54, -77.36, 203, -84.24, 288.83
4686, 203, -84.24, 288.83, 127, -280.23, -108.31
4687, 127, -280.23, -108.31, 189, -166.76, 250.14
4688, 189, -166.76, 250.14, 260, 244.99, 172.78
4689, 260, 244.99, 172.78, 214, -13.75, 300.00
4690, 214, -13.75, 300.00, 15, 283.67, -96.28
4691, 15, 283.67, -96.28, 237, 132.38, 269.91
4692, 237, 132.38, 269.91, 153, -294.84, 59.31
4693, 153, -294.84, 59.31, 248, 192.55, 230.37
4694, 248, 192.55, 230.37, 144, -300.00, -0.00
4695, 144, -300.00, -0.00, 204, -78.22, 290.54
4696, 204, -78.22, 290.54, 262, 252.72, 161.60
4697, 262, 252.72, 161.60, 22, 265.62, -138.40
4698, 22, 265.62, -138.40, 68, 25.79, -298.28
4699, 68, 25.79, -298.28, 166, -266.48, 139.26
4700, 166, -266.48, 139.26, 254, 220.92, 202.87
4701, 254, 220.92, 202.87, 187, -177.94, 242.41
4702, 187, -177.94, 242.41, 257, 233.81, 188.25
4703, 257, 233.81, 188.25, 57, 96.28, -283.67
4704, 57, 96.28, -283.67, 154, -293.12, 65.33
4705, 154, -293.12, 65.33, 43, 177.08, -241.55
4706, 43, 177.08, -241.55, 111, -226.07, -197.71
4707, 111, -226.07, -197.71, 3, 299.14, -18.91
4708, 3, 299.14, -18.91, 197, -121.20, 275.07
4709, 197, -121.20, 275.07, 121, -263.04, -143.55
4710, 121, -263.04, -143.55, 195, -133.24, 269.91
4711, 195, -133.24, 269.91, 126, -277.65, -114.33
4712, 126, -277.65, -114.33, 41, 187.39, -233.81
4713, 41, 187.39, -233.81, 281, 295.70, 46.42
4714, 281, 295.70, 46.42, 31, 233.81, -187.39
4715, 31, 233.81, -187.39, 272, 281.09, 103.15
4716, 272, 281.09, 103.15, 119, -257.02, -155.59
4717, 119, -257.02, -155.59, 199, -109.17, 280.23
4718, 199, -109.17, 280.23, 268, 271.63, 127.22
4719, 268, 271.63, 127.22, 100, -172.78, -244.99
4720, 100, -172.78, -244.99, 10, 292.26, -64.47
4721, 10, 292.26, -64.47, 273, 283.67, 97.13
4722, 273, 283.67, 97.13, 252, 211.46, 212.32
4723, 252, 211.46, 212.32, 10, 292.26, -64.47
4724, 10, 292.26, -64.47, 202, -90.26, 286.25
4725, 202, -90.26, 286.25, 282, 297.42, 39.54
4726, 282, 297.42, 39.54, 204, -78.22, 290.54
4727, 204, -78.22, 290.54, 53, 120.34, -274.21
4728, 53, 120.34, -274.21, 194, -139.26, 266.48
4729, 194, -139.26, 266.48, 139, -298.28, -31.81
4730, 139, -298.28, -31.81, 190, -161.60, 253.58
4731, 190, -161.60, 253.58, 268, 271.63, 127.22
4732, 268, 271.63, 127.22, 109, -217.48, -207.16
4733, 109, -217.48, -207.16, 33, 225.21, -197.71
4734, 33, 225.21, -197.71, 58, 89.40, -285.39
4735, 58, 89.40, -285.39, 208, -52.44, 295.70
4736, 208, -52.44, 295.70, 138, -298.28, -38.68
4737, 138, -298.28, -38.68, 217, 6.02, 300.00
4738, 217, 6.02, 300.00, 242, 160.74, 253.58
4739, 242, 160.74, 253.58, 176, -230.37, 193.41
4740, 176, -230.37, 193.41, 223, 45.56, 296.56
4741, 223, 45.56, 296.56, 81, -59.31, -293.98
4742, 81, -59.31, -293.98, 173, -242.41, 177.94
4743, 173, -242.41, 177.94, 234, 114.33, 277.65
4744, 234, 114.33, 277.65, 191, -156.45, 257.02
4745, 191, -156.45, 257.02, 133, -291.40, -70.49
4746, 133, -291.40, -70.49, 284, 298.28, 26.65
4747, 284, 298.28, 26.65, 98, -161.60, -252.72
4748, 98, -161.60, -252.72, 183, -198.57, 226.07
4749, 183, -198.57, 226.07, 219, 18.91, 300.00
4750, 219, 18.91, 300.00, 244, 171.92, 245.85
4751, 244, 171.92, 245.85, 150, -298.28, 39.54
4752, 150, -298.28, 39.54, 243, 165.90, 250.14
4753, 243, 165.90, 250.14, 163, -275.07, 121.20
4754, 163, -275.07, 121.20, 82, -65.33, -292.26
4755, 82, -65.33, -292.26, 159, -284.53, 97.13
4756, 159, -284.53, 97.13, 46, 160.74, -252.72
4757, 46, 160.74, -252.72, 286, 299.14, 13.75
4758, 286, 299.14, 13.75, 195, -133.24, 269.91
4759, 195, -133.24, 269.91, 282, 297.42, 39.54
4760, 282, 297.42, 39.54, 37, 207.16, -216.62
4761, 37, 207.16, -216.62, 90, -115.19, -276.79
4762, 90, -115.19, -276.79, 282, 297.42, 39.54
4763, 282, 297.42, 39.54, 252, 211.46, 212.32
4764, 252, 211.46, 212.32, 164, -272.49, 127.22
4765, 164, -272.49, 127.22, 73, -6.88, -299.14
4766, 73, -6.88, -299.14, 225, 58.45, 294.84
4767, 225, 58.45, 294.84, 190, -161.60, 253.58
4768, 190, -161.60, 253.58, 46, 160.74, -252.72
4769, 46, 160.74, -252.72, 241, 155.59, 257.02
4770, 241, 155.59, 257.02, 205, -71.35, 291.40
4771, 205, -71.35, 291.40, 255, 225.21, 198.57
4772, 255, 225.21, 198.57, 287, 299.14, 6.88
4773, 287, 299.14, 6.88, 227, 70.49, 291.40
4774, 227, 70.49, 291.40, 202, -90.26, 286.25
4775, 202, -90.26, 286.25, 59, 83.38, -287.97
4776, 59, 83.38, -287.97, 248, 192.55, 230.37
4777, 248, 192.55, 230.37, 208, -52.44, 295.70
4778, 208, -52.44, 295.70, 149, -298.28, 32.66
4779, 149, -298.28, 32.66, 214, -13.75, 300.00
4780, 214, -13.75, 300.00, 63, 58.45, -293.98
4781, 63, 58.45, -293.98, 206, -65.33, 293.12
4782, 206, -65.33, 293.12, 231, 96.28, 284.53
4783, 231, 96.28, 284.53, 35, 216.62, -207.16
4784, 35, 216.62, -207.16, 91, -121.20, -274.21
4785, 91, -121.20, -274.21, 247, 187.39, 234.67
4786, 247, 187.39, 234.67, 145, -300.00, 6.88
4787, 145, -300.00, 6.88, 14, 285.39, -89.40
4788, 14, 285.39, -89.40, 260, 244.99, 172.78
4789, 260, 244.99, 172.78, 225, 58.45, 294.84
4790, 225, 58.45, 294.84, 174, -238.11, 183.09
4791, 174, -238.11, 183.09, 284, 298.28, 26.65
4792, 284, 298.28, 26.65, 39, 197.71, -225.21
4793, 39, 197.71, -225.21, 277, 290.54, 71.35
4794, 277, 290.54, 71.35, 130, -286.25, -89.40
4795, 130, -286.25, -89.40, 197, -121.20, 275.07
4796, 197, -121.20, 275.07, 138, -298.28, -38.68
4797, 138, -298.28, -38.68, 234, 114.33, 277.65
4798, 234, 114.33, 277.65, 200, -103.15, 281.95
4799, 200, -103.15, 281.95, 262, 252.72, 161.60
4800, 262, 252.72, 161.60, 54, 114.33, -276.79
4801, 54, 114.33, -276.79, 154, -293.12, 65.33
4802, 154, -293.12, 65.33, 251, 207.16, 217.48
4803, 251, 207.16, 217.48, 212, -26.65, 299.14
4804, 212, -26.65, 299.14, 246, 182.23, 238.11
4805, 246, 182.23, 238.11, 287, 299.14, 6.88
4806, 287, 299.14, 6.88, 52, 126.36, -271.63
4807, 52, 126.36, -271.63, 189, -166.76, 250.14
4808, 189, -166.76, 250.14, 141, -300.00, -18.91
4809, 141, -300.00, -18.91, 214, -13.75, 300.00
4810, 214, -13.75, 300.00, 167, -263.04, 144.41
4811, 167, -263.04, 144.41, 285, 299.14, 19.77
4812, 285, 299.14, 19.77, 170, -253.58, 161.60
4813, 170, -253.58, 161.60, 279, 293.98, 59.31
4814, 279, 293.98, 59.31, 224, 51.58, 295.70
4815, 224, 51.58, 295.70, 77, -32.66, -297.42
4816, 77, -32.66, -297.42, 230, 89.40, 286.25
4817, 230, 89.40, 286.25, 64, 51.58, -294.84
4818, 64, 51.58, -294.84, 217, 6.02, 300.00
4819, 217, 6.02, 300.00, 57, 96.28, -283.67
4820, 57, 96.28, -283.67, 249, 197.71, 226.07
4821, 249, 197.71, 226.07, 202, -90.26, 286.25
4822, 202, -90.26, 286.25, 57, 96.28, -283.67
4823, 57, 96.28, -283.67, 200, -103.15, 281.95
4824, 200, -103.15, 281.95, 3, 299.14, -18.91
4825, 3, 299.14, -18.91, 192, -150.43, 260.46
4826, 192, -150.43, 260.46, 170, -253.58, 161.60
4827, 170, -253.58, 161.60, 80, -52.44, -294.84
4828, 80, -52.44, -294.84, 229, 83.38, 288.83
4829, 229, 83.38, 288.83, 13, 287.97, -83.38
4830, 13, 287.97, -83.38, 229, 83.38, 288.83
4831, 229, 83.38, 288.83, 208, -52.44, 295.70
4832, 208, -52.44, 295.70, 287, 299.14, 6.88
4833, 287, 299.14, 6.88, 210, -39.54, 298.28
4834, 210, -39.54, 298.28, 146, -300.00, 13.75
4835, 146, -300.00, 13.75, 231, 96.28, 284.53
4836, 231, 96.28, 284.53, 169, -257.02, 156.45
4837, 169, -257.02, 156.45, 79, -46.42, -295.70
4838, 79, -46.42, -295.70, 227, 70.49, 291.40
4839, 227, 70.49, 291.40, 165, -269.91, 133.24
4840, 165, -269.91, 133.24, 278, 292.26, 65.33
4841, 278, 292.26, 65.33, 38, 202.01, -220.92
4842, 38, 202.01, -220.92, 274, 285.39, 90.26
4843, 274, 285.39, 90.26, 196, -127.22, 272.49
4844, 196, -127.22, 272.49, 153, -294.84, 59.31
4845, 153, -294.84, 59.31, 54, 114.33, -276.79
4846, 54, 114.33, -276.79, 12, 289.68, -77.36
4847, 12, 289.68, -77.36, 269, 274.21, 121.20
4848, 269, 274.21, 121.20, 140, -299.14, -25.79
4849, 140, -299.14, -25.79, 195, -133.24, 269.91
4850, 195, -133.24, 269.91, 243, 165.90, 250.14
4851, 243, 165.90, 250.14, 190, -161.60, 253.58
4852, 190, -161.60, 253.58, 250, 202.01, 221.78
4853, 250, 202.01, 221.78, 151, -296.56, 46.42
4854, 151, -296.56, 46.42, 24, 259.60, -149.57
4855, 24, 259.60, -149.57, 244, 171.92, 245.85
4856, 244, 171.92, 245.85, 204, -78.22, 290.54
4857, 204, -78.22, 290.54, 129, -284.53, -96.28
4858, 129, -284.53, -96.28, 283, 297.42, 32.66
4859, 283, 297.42, 32.66, 196, -127.22, 272.49
4860, 196, -127.22, 272.49, 239, 143.55, 263.04
4861, 239, 143.55, 263.04, 182, -202.87, 221.78
4862, 182, -202.87, 221.78, 248, 192.55, 230.37
4863, 248, 192.55, 230.37, 158, -286.25, 90.26
4864, 158, -286.25, 90.26, 215, -6.88, 300.00
4865, 215, -6.88, 300.00, 62, 64.47, -292.26
4866, 62, 64.47, -292.26, 255, 225.21, 198.57
4867, 255, 225.21, 198.57, 213, -19.77, 300.00
4868, 213, -19.77, 300.00, 9, 293.98, -58.45
4869, 9, 293.98, -58.45, 198, -115.19, 277.65
4870, 198, -115.19, 277.65, 248, 192.55, 230.37
4871, 248, 192.55, 230.37, 184, -193.41, 230.37
4872, 184, -193.41, 230.37, 280, 294.84, 52.44
4873, 280, 294.84, 52.44, 193, -144.41, 263.04
4874, 193, -144.41, 263.04, 106, -202.87, -220.92
4875, 106, -202.87, -220.92, 191, -156.45, 257.02
4876, 191, -156.45, 257.02, 144, -300.00, -0.00
4877, 144, -300.00, -0.00, 265, 262.18, 144.41
4878, 265, 262.18, 144.41, 19, 274.21, -120.34
4879, 19, 274.21, -120.34, 247, 187.39, 234.67
4880, 247, 187.39, 234.67, 15, 283.67, -96.28
4881, 15, 283.67, -96.28, 267, 269.05, 133.24
4882, 267, 269.05, 133.24, 65, 45.56, -295.70
4883, 65, 45.56, -295.70, 41, 187.39, -233.81
4884, 41, 187.39, -233.81, 209, -46.42, 296.56
4885, 209, -46.42, 296.56, 267, 269.05, 133.24
4886, 267, 269.05, 133.24, 149, -298.28, 32.66
4887, 149, -298.28, 32.66, 242, 160.74, 253.58
4888, 242, 160.74, 253.58, 191, -156.45, 257.02
4889, 191, -156.45, 257.02, 155, -291.40, 71.35
4890, 155, -291.40, 71.35, 280, 294.84, 52.44
4891, 280, 294.84, 52.44, 35, 216.62, -207.16
4892, 35, 216.62, -207.16, 146, -300.00, 13.75
4893, 146, -300.00, 13.75, 169, -257.02, 156.45
4894, 169, -257.02, 156.45, 281, 295.70, 46.42
4895, 281, 295.70, 46.42, 242, 160.74, 253.58
4896, 242, 160.74, 253.58, 286, 299.14, 13.75
4897, 286, 299.14, 13.75, 56, 102.29, -281.09
4898, 56, 102.29, -281.09, 251, 207.16, 217.48
4899, 251, 207.16, 217.48, 76, -26.65, -298.28
4900, 76, -26.65, -298.28, 178, -221.78, 202.87
4901, 178, -221.78, 202.87, 239, 143.55, 263.04
4902, 239, 143.55, 263.04, 158, -286.25, 90.26
4903, 158, -286.25, 90.26, 60, 77.36, -289.68
4904, 60, 77.36, -289.68, 241, 155.59, 257.02
4905, 241, 155.59, 257.02, 261, 249.28, 166.76
4906, 261, 249.28, 166.76, 198, -115.19, 277.65
4907, 198, -115.19, 277.65, 120, -260.46, -149.57
4908, 120, -260.46, -149.57, 278, 292.26, 65.33
4909, 278, 292.26, 65.33, 39, 197.71, -225.21
4910, 39, 197.71, -225.21, 65, 45.56, -295.70
4911, 65, 45.56, -295.70, 38, 202.01, -220.92
4912, 38, 202.01, -220.92, 287, 299.14, 6.88
4913, 287, 299.14, 6.88, 107, -208.02, -216.62
4914, 107, -208.02, -216.62, 23, 262.18, -143.55
4915, 23, 262.18, -143.55, 241, 155.59, 257.02
4916, 241, 155.59, 257.02, 142, -300.00, -12.89
4917, 142, -300.00, -12.89, 221, 31.81, 298.28
4918, 221, 31.81, 298.28, 160, -281.95, 103.15
4919, 160, -281.95, 103.15, 69, 18.91, -299.14
4920, 69, 18.91, -299.14, 223, 45.56, 296.56
4921, 223, 45.56, 296.56, 179, -217.48, 208.02
4922, 179, -217.48, 208.02, 235, 120.34, 275.07
4923, 235, 120.34, 275.07, 173, -242.41, 177.94
4924, 173, -242.41, 177.94, 284, 298.28, 26.65
4925, 284, 298.28, 26.65, 43, 177.08, -241.55
4926, 43, 177.08, -241.55, 151, -296.56, 46.42
4927, 151, -296.56, 46.42, 268, 271.63, 127.22
4928, 268, 271.63, 127.22, 169, -257.02, 156.45
4929, 169, -257.02, 156.45, 227, 70.49, 291.40
4930, 227, 70.49, 291.40, 259, 241.55, 177.94
4931, 259, 241.55, 177.94, 188, -172.78, 245.85
4932, 188, -172.78, 245.85, 253, 216.62, 208.02
4933, 253, 216.62, 208.02, 17, 279.37, -108.31
4934, 17, 279.37, -108.31, 57, 96.28, -283.67
4935, 57, 96.28, -283.67, 216, -0.86, 300.00
4936, 216, -0.86, 300.00, 61, 70.49, -290.54
4937, 61, 70.49, -290.54, 245, 177.08, 242.41
4938, 245, 177.08, 242.41, 11, 290.54, -70.49
4939, 11, 290.54, -70.49, 256, 229.51, 193.41
4940, 256, 229.51, 193.41, 31, 233.81, -187.39
4941, 31, 233.81, -187.39, 73, -6.88, -299.14
4942, 73, -6.88, -299.14, 25, 256.16, -155.59
4943, 25, 256.16, -155.59, 269, 274.21, 121.20
4944, 269, 274.21, 121.20, 194, -139.26, 266.48
4945, 194, -139.26, 266.48, 129, -284.53, -96.28
4946, 129, -284.53, -96.28, 202, -90.26, 286.25
4947, 202, -90.26, 286.25, 261, 249.28, 166.76
4948, 261, 249.28, 166.76, 2, 299.14, -12.89
4949, 2, 299.14, -12.89, 198, -115.19, 277.65
4950, 198, -115.19, 277.65, 275, 287.97, 84.24
4951, 275, 287.97, 84.24, 128, -281.95, -102.29
4952, 128, -281.95, -102.29, 195, -133.24, 269.91
4953, 195, -133.24, 269.91, 54, 114.33, -276.79
4954, 54, 114.33, -276.79, 219, 18.91, 300.00
4955, 219, 18.91, 300.00, 58, 89.40, -285.39
4956, 58, 89.40, -285.39, 206, -65.33, 293.12
4957, 206, -65.33, 293.12, 3, 299.14, -18.91
4958, 3, 299.14, -18.91, 24, 259.60, -149.57
4959, 24, 259.60, -149.57, 56, 102.29, -281.09
4960, 56, 102.29, -281.09, 203, -84.24, 288.83
4961, 203, -84.24, 288.83, 5, 297.42, -31.81
4962, 5, 297.42, -31.81, 45, 165.90, -249.28
4963, 45, 165.90, -249.28, 111, -226.07, -197.71
4964, 111, -226.07, -197.71, 190, -161.60, 253.58
4965, 190, -161.60, 253.58, 134, -293.12, -64.47
4966, 134, -293.12, -64.47, 201, -97.13, 284.53
4967, 201, -97.13, 284.53, 178, -221.78, 202.87
4968, 178, -221.78, 202.87, 278, 292.26, 65.33
4969, 278, 292.26, 65.33, 196, -127.22, 272.49
4970, 196, -127.22, 272.49, 66, 38.68, -297.42
4971, 66, 38.68, -297.42, 249, 197.71, 226.07
4972, 249, 197.71, 226.07, 152, -295.70, 52.44
4973, 152, -295.70, 52.44, 287, 299.14, 6.88
4974, 287, 299.14, 6.88, 177, -226.07, 198.57
4975, 177, -226.07, 198.57, 151, -296.56, 46.42
4976, 151, -296.56, 46.42, 206, -65.33, 293.12
4977, 206, -65.33, 293.12, 248, 192.55, 230.37
4978, 248, 192.55, 230.37, 28, 244.99, -171.92
4979, 28, 244.99, -171.92, 256, 229.51, 193.41
4980, 256, 229.51, 193.41, 181, -208.02, 217.48
4981, 181, -208.02, 217.48, 209, -46.42, 296.56
4982, 209, -46.42, 296.56, 241, 155.59, 257.02
4983, 241, 155.59, 257.02, 162, -277.65, 115.19
4984, 162, -277.65, 115.19, 70, 12.89, -299.14
4985, 70, 12.89, -299.14, 26, 252.72, -160.74
4986, 26, 252.72, -160.74, 268, 271.63, 127.22
4987, 268, 271.63, 127.22, 29, 241.55, -177.08
4988, 29, 241.55, -177.08, 249, 197.71, 226.07
4989, 249, 197.71, 226.07, 148, -299.14, 26.65
4990, 148, -299.14, 26.65, 231, 96.28, 284.53
4991, 231, 96.28, 284.53, 162, -277.65, 115.19
4992, 162, -277.65, 115.19, 212, -26.65, 299.14
4993, 212, -26.65, 299.14, 252, 211.46, 212.32
4994, 252, 211.46, 212.32, 75, -19.77, -299.14
4995, 75, -19.77, -299.14, 233, 108.31, 280.23
4996, 233, 108.31, 280.23, 19, 274.21, -120.34
4997, 19, 274.21, -120.34, 271, 279.37, 109.17
4998, 271, 279.37, 109.17, 221, 31.81, 298.28
4999, 221, 31.81, 298.28, 199, -109.17, 280.23
5000, 199, -109.17, 280.23, 123, -269.91, -132.38
5001, 123, -269.91, -132.38, 40, 192.55, -229.51
5002, 40, 192.55, -229.51, 132, -290.54, -77.36
5003, 132, -290.54, -77.36, 196, -127.22, 272.49
5004, 196, -127.22, 272.49, 166, -266.48, 139.26
5005, 166, -266.48, 139.26, 1, 299.14, -6.02
5006, 1, 299.14, -6.02, 34, 220.92, -202.01
5007, 34, 220.92, -202.01, 94, -139.26, -265.62
5008, 94, -139.26, -265.62, 39, 197.71, -225.21
5009, 39, 197.71, -225.21, 241, 155.59, 257.02
5010, 241, 155.59, 257.02, 156, -290.54, 78.22
5011, 156, -290.54, 78.22, 50, 138.40, -265.62
5012, 50, 138.40, -265.62, 192, -150.43, 260.46
5013, 192, -150.43, 260.46, 260, 244.99, 172.78
5014, 260, 244.99, 172.78, 195, -133.24, 269.91
5015, 195, -133.24, 269.91, 223, 45.56, 296.56
5016, 223, 45.56, 296.56, 137, -296.56, -45.56
5017, 137, -296.56, -45.56, 193, -144.41, 263.04
5018, 193, -144.41, 263.04, 114, -238.11, -182.23
5019, 114, -238.11, -182.23, 15, 283.67, -96.28
5020, 15, 283.67, -96.28, 220, 25.79, 299.14
5021, 220, 25.79, 299.14, 53, 120.34, -274.21
5022, 53, 120.34, -274.21, 245, 177.08, 242.41
5023, 245, 177.08, 242.41, 4, 298.28, -25.79
5024, 4, 298.28, -25.79, 203, -84.24, 288.83
5025, 203, -84.24, 288.83, 254, 220.92, 202.87
5026, 254, 220.92, 202.87, 169, -257.02, 156.45
5027, 169, -257.02, 156.45, 89, -109.17, -279.37
5028, 89, -109.17, -279.37, 246, 182.23, 238.11
5029, 246, 182.23, 238.11, 93, -133.24, -269.05
5030, 93, -133.24, -269.05, 173, -242.41, 177.94
5031, 173, -242.41, 177.94, 65, 45.56, -295.70
5032, 65, 45.56, -295.70, 165, -269.91, 133.24
5033, 165, -269.91, 133.24, 81, -59.31, -293.98
5034, 81, -59.31, -293.98, 239, 143.55, 263.04
5035, 239, 143.55, 263.04, 150, -298.28, 39.54
5036, 150, -298.28, 39.54, 176, -230.37, 193.41
5037, 176, -230.37, 193.41, 45, 165.90, -249.28
5038, 45, 165.90, -249.28, 245, 177.08, 242.41
5039, 245, 177.08, 242.41, 159, -284.53, 97.13
5040, 159, -284.53, 97.13, 246, 182.23, 238.11
5041, 246, 182.23, 238.11, 13, 287.97, -83.38
5042, 13, 287.97, -83.38, 268, 271.63, 127.22
5043, 268, 271.63, 127.22, 29, 241.55, -177.08
5044, 29, 241.55, -177.08, 71, 6.02, -299.14
5045, 71, 6.02, -299.14, 220, 25.79, 299.14
5046, 220, 25.79, 299.14, 183, -198.57, 226.07
5047, 183, -198.57, 226.07, 245, 177.08, 242.41
5048, 245, 177.08, 242.41, 148, -299.14, 26.65
5049, 148, -299.14, 26.65, 40, 192.55, -229.51
5050, 40, 192.55, -229.51, 280, 294.84, 52.44
5051, 280, 294.84, 52.44, 43, 177.08, -241.55
5052, 43, 177.08, -241.55, 131, -288.83, -83.38
5053, 131, -288.83, -83.38, 200, -103.15, 281.95
5054, 200, -103.15, 281.95, 236, 126.36, 272.49
5055, 236, 126.36, 272.49, 140, -299.14, -25.79
5056, 140, -299.14, -25.79, 230, 89.40, 286.25
5057, 230, 89.40, 286.25, 188, -172.78, 245.85
5058, 188, -172.78, 245.85, 142, -300.00, -12.89
5059, 142, -300.00, -12.89, 186, -183.09, 238.11
5060, 186, -183.09, 238.11, 152, -295.70, 52.44
5061, 152, -295.70, 52.44, 54, 114.33, -276.79
5062, 54, 114.33, -276.79, 218, 12.89, 300.00
5063, 218, 12.89, 300.00, 184, -193.41, 230.37
5064, 184, -193.41, 230.37, 48, 149.57, -259.60
5065, 48, 149.57, -259.60, 213, -19.77, 300.00
5066, 213, -19.77, 300.00, 141, -300.00, -18.91
5067, 141, -300.00, -18.91, 5, 297.42, -31.81
5068, 5, 297.42, -31.81, 245, 177.08, 242.41
5069, 245, 177.08, 242.41, 137, -296.56, -45.56
5070, 137, -296.56, -45.56, 195, -133.24, 269.91
5071, 195, -133.24, 269.91, 172, -245.85, 172.78
5072, 172, -245.85, 172.78, 79, -46.42, -295.70
5073, 79, -46.42, -295.70, 161, -280.23, 109.17
5074, 161, -280.23, 109.17, 213, -19.77, 300.00
5075, 213, -19.77, 300.00, 171, -250.14, 166.76
5076, 171, -250.14, 166.76, 232, 102.29, 281.95
5077, 232, 102.29, 281.95, 20, 271.63, -126.36
5078, 20, 271.63, -126.36, 261, 249.28, 166.76
5079, 261, 249.28, 166.76, 139, -298.28, -31.81
5080, 139, -298.28, -31.81, 205, -71.35, 291.40
5081, 205, -71.35, 291.40, 287, 299.14, 6.88
5082, 287, 299.14, 6.88, 59, 83.38, -287.97
5083, 59, 83.38, -287.97, 210, -39.54, 298.28
5084, 210, -39.54, 298.28, 266, 265.62, 139.26
5085, 266, 265.62, 139.26, 151, -296.56, 46.42
5086, 151, -296.56, 46.42, 32, 229.51, -192.55
5087, 32, 229.51, -192.55, 269, 274.21, 121.20
5088, 269, 274.21, 121.20, 110, -221.78, -202.01
5089, 110, -221.78, -202.01, 13, 287.97, -83.38
5090, 13, 287.97, -83.38, 230, 89.40, 286.25
5091, 230, 89.40, 286.25, 168, -260.46, 150.43
5092, 168, -260.46, 150.43, 226, 64.47, 293.12
5093, 226, 64.47, 293.12, 248, 192.55, 230.37
5094, 248, 192.55, 230.37, 204, -78.22, 290.54
5095, 204, -78.22, 290.54, 139, -298.28, -31.81
5096, 139, -298.28, -31.81, 192, -150.43, 260.46
5097, 192, -150.43, 260.46, 230, 89.40, 286.25
5098, 230, 89.40, 286.25, 176, -230.37, 193.41
5099, 176, -230.37, 193.41, 282, 297.42, 39.54
5100, 282, 297.42, 39.54, 27, 249.28, -165.90
5101, 27, 249.28, -165.90, 253, 216.62, 208.02
5102, 253, 216.62, 208.02, 14, 285.39, -89.40
5103, 14, 285.39, -89.40, 262, 252.72, 161.60
5104, 262, 252.72, 161.60, 152, -295.70, 52.44
5105, 152, -295.70, 52.44, 242, 160.74, 253.58
5106, 242, 160.74, 253.58, 203, -84.24, 288.83
5107, 203, -84.24, 288.83, 149, -298.28, 32.66
5108, 149, -298.28, 32.66, 204, -78.22, 290.54
5109, 204, -78.22, 290.54, 87, -97.13, -283.67
5110, 87, -97.13, -283.67, 230, 89.40, 286.25
5111, 230, 89.40, 286.25, 13, 287.97, -83.38
5112, 13, 287.97, -83.38, 259, 241.55, 177.94
5113, 259, 241.55, 177.94, 21, 269.05, -132.38
5114, 21, 269.05, -132.38, 63, 58.45, -293.98
5115, 63, 58.45, -293.98, 22, 265.62, -138.40
5116, 22, 265.62, -138.40, 237, 132.38, 269.91
5117, 237, 132.38, 269.91, 139, -298.28, -31.81
5118, 139, -298.28, -31.81, 190, -161.60, 253.58
5119, 190, -161.60, 253.58, 224, 51.58, 295.70
5120, 224, 51.58, 295.70, 169, -257.02, 156.45
5121, 169, -257.02, 156.45, 226, 64.47, 293.12
5122, 226, 64.47, 293.12, 178, -221.78, 202.87
5123, 178, -221.78, 202.87, 257, 233.81, 188.25
5124, 257, 233.81, 188.25, 219, 18.91, 300.00
5125, 219, 18.91, 300.00, 173, -242.41, 177.94
5126, 173, -242.41, 177.94, 237, 132.38, 269.91
5127, 237, 132.38, 269.91, 194, -139.26, 266.48
5128, 194, -139.26, 266.48, 229, 83.38, 288.83
5129, 229, 83.38, 288.83, 286, 299.14, 13.75
5130, 286, 299.14, 13.75, 103, -188.25, -233.81
5131, 103, -188.25, -233.81, 270, 276.79, 115.19
5132, 270, 276.79, 115.19, 116, -245.85, -171.92
5133, 116, -245.85, -171.92, 38, 202.01, -220.92
5134, 38, 202.01, -220.92, 151, -296.56, 46.42
5135, 151, -296.56, 46.42, 233, 108.31, 280.23
5136, 233, 108.31, 280.23, 1, 299.14, -6.02
5137, 1, 299.14, -6.02, 201, -97.13, 284.53
5138, 201, -97.13, 284.53, 53, 120.34, -274.21
5139, 53, 120.34, -274.21, 251, 207.16, 217.48
5140, 251, 207.16, 217.48, 153, -294.84, 59.31
5141, 153, -294.84, 59.31, 241, 155.59, 257.02
5142, 241, 155.59, 257.02, 147, -300.00, 19.77
5143, 147, -300.00, 19.77, 185, -188.25, 234.67
5144, 185, -188.25, 234.67, 256, 229.51, 193.41
5145, 256, 229.51, 193.41, 172, -245.85, 172.78
5146, 172, -245.85, 172.78, 143, -300.00, -6.02
5147, 143, -300.00, -6.02, 19, 274.21, -120.34
5148, 19, 274.21, -120.34, 207, -59.31, 294.84
5149, 207, -59.31, 294.84, 55, 108.31, -279.37
5150, 55, 108.31, -279.37, 263, 256.16, 156.45
5151, 263, 256.16, 156.45, 141, -300.00, -18.91
5152, 141, -300.00, -18.91, 187, -177.94, 242.41
5153, 187, -177.94, 242.41, 45, 165.90, -249.28
5154, 45, 165.90, -249.28, 152, -295.70, 52.44
5155, 152, -295.70, 52.44, 190, -161.60, 253.58
5156, 190, -161.60, 253.58, 217, 6.02, 300.00
5157, 217, 6.02, 300.00, 50, 138.40, -265.62
5158, 50, 138.40, -265.62, 191, -156.45, 257.02
5159, 191, -156.45, 257.02, 124, -272.49, -126.36
5160, 124, -272.49, -126.36, 196, -127.22, 272.49
5161, 196, -127.22, 272.49, 141, -300.00, -18.91
5162, 141, -300.00, -18.91, 225, 58.45, 294.84
5163, 225, 58.45, 294.84, 203, -84.24, 288.83
5164, 203, -84.24, 288.83, 136, -295.70, -51.58
5165, 136, -295.70, -51.58, 189, -166.76, 250.14
5166, 189, -166.76, 250.14, 112, -230.37, -192.55
5167, 112, -230.37, -192.55, 25, 256.16, -155.59
5168, 25, 256.16, -155.59, 256, 229.51, 193.41
5169, 256, 229.51, 193.41, 78, -39.54, -297.42
5170, 78, -39.54, -297.42, 228, 77.36, 290.54
5171, 228, 77.36, 290.54, 9, 293.98, -58.45
5172, 9, 293.98, -58.45, 199, -109.17, 280.23
5173, 199, -109.17, 280.23, 248, 192.55, 230.37
5174, 248, 192.55, 230.37, 160, -281.95, 103.15
5175, 160, -281.95, 103.15, 84, -78.22, -289.68
5176, 84, -78.22, -289.68, 243, 165.90, 250.14
5177, 243, 165.90, 250.14, 145, -300.00, 6.88
5178, 145, -300.00, 6.88, 171, -250.14, 166.76
5179, 171, -250.14, 166.76, 151, -296.56, 46.42
5180, 151, -296.56, 46.42, 26, 252.72, -160.74
5181, 26, 252.72, -160.74, 244, 171.92, 245.85
5182, 244, 171.92, 245.85, 54, 114.33, -276.79
5183, 54, 114.33, -276.79, 191, -156.45, 257.02
5184, 191, -156.45, 257.02, 107, -208.02, -216.62
5185, 107, -208.02, -216.62, 40, 192.55, -229.51
5186, 40, 192.55, -229.51, 199, -109.17, 280.23
5187, 199, -109.17, 280.23, 127, -280.23, -108.31
5188, 127, -280.23, -108.31, 278, 292.26, 65.33
5189, 278, 292.26, 65.33, 214, -13.75, 300.00
5190, 214, -13.75, 300.00, 143, -300.00, -6.02
5191, 143, -300.00, -6.02, 51, 132.38, -269.05
5192, 51, 132.38, -269.05, 8, 294.84, -51.58
5193, 8, 294.84, -51.58, 256, 229.51, 193.41
5194, 256, 229.51, 193.41, 45, 165.90, -249.28
5195, 45, 165.90, -249.28, 3, 299.14, -18.91
5196, 3, 299.14, -18.91, 200, -103.15, 281.95
5197, 200, -103.15, 281.95, 141, -300.00, -18.91
5198, 141, -300.00, -18.91, 209, -46.42, 296.56
5199, 209, -46.42, 296.56, 61, 70.49, -290.54
5200, 61, 70.49, -290.54, 215, -6.88, 300.00
5201, 215, -6.88, 300.00, 162, -277.65, 115.19
5202, 162, -277.65, 115.19, 222, 38.68, 298.28
5203, 222, 38.68, 298.28, 171, -250.14, 166.76
5204, 171, -250.14, 166.76, 284, 298.28, 26.65
5205, 284, 298.28, 26.65, 158, -286.25, 90.26
5206, 158, -286.25, 90.26, 49, 143.55, -262.18
5207, 49, 143.55, -262.18, 252, 211.46, 212.32
5208, 252, 211.46, 212.32, 28, 244.99, -171.92
5209, 28, 244.99, -171.92, 150, -298.28, 39.54
5210, 150, -298.28, 39.54, 57, 96.28, -283.67
5211, 57, 96.28, -283.67, 221, 31.81, 298.28
5212, 221, 31.81, 298.28, 10, 292.26, -64.47
5213, 10, 292.26, -64.47, 198, -115.19, 277.65
5214, 198, -115.19, 277.65, 117, -250.14, -165.90
5215, 117, -250.14, -165.90, 15, 283.67, -96.28
5216, 15, 283.67, -96.28, 164, -272.49, 127.22
5217, 164, -272.49, 127.22, 217, 6.02, 300.00
5218, 217, 6.02, 300.00, 267, 269.05, 133.24
5219, 267, 269.05, 133.24, 206, -65.33, 293.12
5220, 206, -65.33, 293.12, 234, 114.33, 277.65
5221, 234, 114.33, 277.65, 89, -109.17, -279.37
5222, 89, -109.17, -279.37, 172, -245.85, 172.78
5223, 172, -245.85, 172.78, 252, 211.46, 212.32
5224, 252, 211.46, 212.32, 154, -293.12, 65.33
5225, 154, -293.12, 65.33, 49, 143.55, -262.18
5226, 49, 143.55, -262.18, 3, 299.14, -18.91
5227, 3, 299.14, -18.91, 41, 187.39, -233.81
5228, 41, 187.39, -233.81, 252, 211.46, 212.32
5229, 252, 211.46, 212.32, 156, -290.54, 78.22
5230, 156, -290.54, 78.22, 231, 96.28, 284.53
5231, 231, 96.28, 284.53, 12, 289.68, -77.36
5232, 12, 289.68, -77.36, 273, 283.67, 97.13
5233, 273, 283.67, 97.13, 37, 207.16, -216.62
5234, 37, 207.16, -216.62, 149, -298.28, 32.66
5235, 149, -298.28, 32.66, 257, 233.81, 188.25
5236, 257, 233.81, 188.25, 198, -115.19, 277.65
5237, 198, -115.19, 277.65, 53, 120.34, -274.21
5238, 53, 120.34, -274.21, 212, -26.65, 299.14
5239, 212, -26.65, 299.14, 62, 64.47, -292.26
5240, 62, 64.47, -292.26, 183, -198.57, 226.07
5241, 183, -198.57, 226.07, 139, -298.28, -31.81
5242, 139, -298.28, -31.81, 200, -103.15, 281.95
5243, 200, -103.15, 281.95, 157, -288.83, 84.24
5244, 157, -288.83, 84.24, 265, 262.18, 144.41
5245, 265, 262.18, 144.41, 101, -177.94, -241.55
5246, 101, -177.94, -241.55, 0, 300.00, -0.00
5247, 0, 300.00, -0.00, 43, 177.08, -241.55
5248, 43, 177.08, -241.55, 143, -300.00, -6.02
5249, 143, -300.00, -6.02, 187, -177.94, 242.41
5250, 187, -177.94, 242.41, 258, 237.25, 183.09
5251, 258, 237.25, 183.09, 202, -90.26, 286.25
5252, 202, -90.26, 286.25, 133, -291.40, -70.49
5253, 133, -291.40, -70.49, 192, -150.43, 260.46
5254, 192, -150.43, 260.46, 244, 171.92, 245.85
5255, 244, 171.92, 245.85, 144, -300.00, -0.00
5256, 144, -300.00, -0.00, 196, -127.22, 272.49
5257, 196, -127.22, 272.49, 275, 287.97, 84.24
5258, 275, 287.97, 84.24, 113, -234.67, -187.39
5259, 113, -234.67, -187.39, 46, 160.74, -252.72
5260, 46, 160.74, -252.72, 110, -221.78, -202.01
5261, 110, -221.78, -202.01, 186, -183.09, 238.11
5262, 186, -183.09, 238.11, 257, 233.81, 188.25
5263, 257, 233.81, 188.25, 236, 126.36, 272.49
5264, 236, 126.36, 272.49, 205, -71.35, 291.40
5265, 205, -71.35, 291.40, 57, 96.28, -283.67
5266, 57, 96.28, -283.67, 247, 187.39, 234.67
5267, 247, 187.39, 234.67, 161, -280.23, 109.17
5268, 161, -280.23, 109.17, 67, 31.81, -297.42
5269, 67, 31.81, -297.42, 226, 64.47, 293.12
5270, 226, 64.47, 293.12, 141, -300.00, -18.91
5271, 141, -300.00, -18.91, 237, 132.38, 269.91
5272, 237, 132.38, 269.91, 272, 281.09, 103.15
5273, 272, 281.09, 103.15, 226, 64.47, 293.12
5274, 226, 64.47, 293.12, 276, 289.68, 78.22
5275, 276, 289.68, 78.22, 37, 207.16, -216.62
5276, 37, 207.16, -216.62, 285, 299.14, 19.77
5277, 285, 299.14, 19.77, 255, 225.21, 198.57
5278, 255, 225.21, 198.57, 198, -115.19, 277.65
5279, 198, -115.19, 277.65, 227, 70.49, 291.40
5280, 227, 70.49, 291.40, 135, -294.84, -58.45
5281, 135, -294.84, -58.45, 190, -161.60, 253.58
5282, 190, -161.60, 253.58, 261, 249.28, 166.76
5283, 261, 249.28, 166.76, 220, 25.79, 299.14
5284, 220, 25.79, 299.14, 18, 276.79, -114.33
5285, 18, 276.79, -114.33, 100, -172.78, -244.99
5286, 100, -172.78, -244.99, 264, 259.60, 150.43
5287, 264, 259.60, 150.43, 26, 252.72, -160.74
5288, 26, 252.72, -160.74, 281, 295.70, 46.42
5289, 281, 295.70, 46.42, 254, 220.92, 202.87
5290, 254, 220.92, 202.87, 199, -109.17, 280.23
5291, 199, -109.17, 280.23, 282, 297.42, 39.54
5292, 282, 297.42, 39.54, 24, 259.60, -149.57
5293, 24, 259.60, -149.57, 189, -166.76, 250.14
5294, 189, -166.76, 250.14, 262, 252.72, 161.60
5295, 262, 252.72, 161.60, 229, 83.38, 288.83
5296, 229, 83.38, 288.83, 202, -90.26, 286.25
5297, 202, -90.26, 286.25, 271, 279.37, 109.17
5298, 271, 279.37, 109.17, 220, 25.79, 299.14
5299, 220, 25.79, 299.14, 171, -250.14, 166.76
5300, 171, -250.14, 166.76, 81, -59.31, -293.98
5301, 81, -59.31, -293.98, 169, -257.02, 156.45
5302, 169, -257.02, 156.45, 85, -84.24, -287.97
5303, 85, -84.24, -287.97, 33, 225.21, -197.71
5304, 33, 225.21, -197.71, 71, 6.02, -299.14
5305, 71, 6.02, -299.14, 165, -269.91, 133.24
5306, 165, -269.91, 133.24, 238, 138.40, 266.48
5307, 238, 138.40, 266.48, 147, -300.00, 19.77
5308, 147, -300.00, 19.77, 274, 285.39, 90.26
5309, 274, 285.39, 90.26, 115, -242.41, -177.08
5310, 115, -242.41, -177.08, 45, 165.90, -249.28
5311, 45, 165.90, -249.28, 2, 299.14, -12.89
5312, 2, 299.14, -12.89, 197, -121.20, 275.07
5313, 197, -121.20, 275.07, 54, 114.33, -276.79
5314, 54, 114.33, -276.79, 197, -121.20, 275.07
5315, 197, -121.20, 275.07, 250, 202.01, 221.78
5316, 250, 202.01, 221.78, 152, -295.70, 52.44
5317, 152, -295.70, 52.44, 259, 241.55, 177.94
5318, 259, 241.55, 177.94, 197, -121.20, 275.07
5319, 197, -121.20, 275.07, 122, -266.48, -138.40
5320, 122, -266.48, -138.40, 200, -103.15, 281.95
5321, 200, -103.15, 281.95, 229, 83.38, 288.83
5322, 229, 83.38, 288.83, 77, -32.66, -297.42
5323, 77, -32.66, -297.42, 255, 225.21, 198.57
5324, 255, 225.21, 198.57, 44, 171.92, -244.99
5325, 44, 171.92, -244.99, 117, -250.14, -165.90
5326, 117, -250.14, -165.90, 33, 225.21, -197.71
5327, 33, 225.21, -197.71, 56, 102.29, -281.09
5328, 56, 102.29, -281.09, 156, -290.54, 78.22
5329, 156, -290.54, 78.22, 247, 187.39, 234.67
5330, 247, 187.39, 234.67, 6, 297.42, -38.68
5331, 6, 297.42, -38.68, 96, -150.43, -259.60
5332, 96, -150.43, -259.60, 250, 202.01, 221.78
5333, 250, 202.01, 221.78, 60, 77.36, -289.68
5334, 60, 77.36, -289.68, 37, 207.16, -216.62
5335, 37, 207.16, -216.62, 58, 89.40, -285.39
5336, 58, 89.40, -285.39, 31, 233.81, -187.39
5337, 31, 233.81, -187.39, 206, -65.33, 293.12
5338, 206, -65.33, 293.12, 144, -300.00, -0.00
5339, 144, -300.00, -0.00, 18, 276.79, -114.33
5340, 18, 276.79, -114.33, 267, 269.05, 133.24
5341, 267, 269.05, 133.24, 150, -298.28, 39.54
5342, 150, -298.28, 39.54, 210, -39.54, 298.28
5343, 210, -39.54, 298.28, 146, -300.00, 13.75
5344, 146, -300.00, 13.75, 240, 149.57, 260.46
5345, 240, 149.57, 260.46, 64, 51.58, -294.84
5346, 64, 51.58, -294.84, 218, 12.89, 300.00
5347, 218, 12.89, 300.00, 158, -286.25, 90.26
5348, 158, -286.25, 90.26, 237, 132.38, 269.91
5349, 237, 132.38, 269.91, 175, -234.67, 188.25
5350, 175, -234.67, 188.25, 231, 96.28, 284.53
5351, 231, 96.28, 284.53, 198, -115.19, 277.65
5352, 198, -115.19, 277.65, 272, 281.09, 103.15
5353, 272, 281.09, 103.15, 69, 18.91, -299.14
5354, 69, 18.91, -299.14, 25, 256.16, -155.59
5355, 25, 256.16, -155.59, 72, 0.00, -300.00
5356, 72, 0.00, -300.00, 161, -280.23, 109.17
5357, 161, -280.23, 109.17, 268, 271.63, 127.22
5358, 268, 271.63, 127.22, 212, -26.65, 299.14
5359, 212, -26.65, 299.14, 46, 160.74, -252.72
5360, 46, 160.74, -252.72, 284, 298.28, 26.65
5361, 284, 298.28, 26.65, 261, 249.28, 166.76
5362, 261, 249.28, 166.76, 19, 274.21, -120.34
5363, 19, 274.21, -120.34, 245, 177.08, 242.41
5364, 245, 177.08, 242.41, 92, -127.22, -271.63
5365, 92, -127.22, -271.63, 35, 216.62, -207.16
5366, 35, 216.62, -207.16, 279, 293.98, 59.31
5367, 279, 293.98, 59.31, 194, -139.26, 266.48
5368, 194, -139.26, 266.48, 134, -293.12, -64.47
5369, 134, -293.12, -64.47, 222, 38.68, 298.28
5370, 222, 38.68, 298.28, 197, -121.20, 275.07
5371, 197, -121.20, 275.07, 222, 38.68, 298.28
5372, 222, 38.68, 298.28, 257, 233.81, 188.25
5373, 257, 233.81, 188.25, 5, 297.42, -31.81
5374, 5, 297.42, -31.81, 209, -46.42, 296.56
5375, 209, -46.42, 296.56, 249, 197.71, 226.07
5376, 249, 197.71, 226.07, 142, -300.00, -12.89
5377, 142, -300.00, -12.89, 182, -202.87, 221.78
5378, 182, -202.87, 221.78, 140, -299.14, -25.79
5379, 140, -299.14, -25.79, 193, -144.41, 263.04
5380, 193, -144.41, 263.04, 55, 108.31, -279.37
5381, 55, 108.31, -279.37, 203, -84.24, 288.83
5382, 203, -84.24, 288.83, 76, -26.65, -298.28
5383, 76, -26.65, -298.28, 172, -245.85, 172.78
5384, 172, -245.85, 172.78, 234, 114.33, 277.65
5385, 234, 114.33, 277.65, 174, -238.11, 183.09
5386, 174, -238.11, 183.09, 236, 126.36, 272.49
5387, 236, 126.36, 272.49, 204, -78.22, 290.54
5388, 204, -78.22, 290.54, 10, 292.26, -64.47
5389, 10, 292.26, -64.47, 233, 108.31, 280.23
5390, 233, 108.31, 280.23, 153, -294.84, 59.31
5391, 153, -294.84, 59.31, 217, 6.02, 300.00
5392, 217, 6.02, 300.00, 185, -188.25, 234.67
5393, 185, -188.25, 234.67, 243, 165.90, 250.14
5394, 243, 165.90, 250.14, 78, -39.54, -297.42
5395, 78, -39.54, -297.42, 163, -275.07, 121.20
5396, 163, -275.07, 121.20, 223, 45.56, 296.56
5397, 223, 45.56, 296.56, 249, 197.71, 226.07
5398, 249, 197.71, 226.07, 182, -202.87, 221.78
5399, 182, -202.87, 221.78, 124, -272.49, -126.36
5400, 124, -272.49, -126.36, 203, -84.24, 288.83
5401, 203, -84.24, 288.83, 78, -39.54, -297.42
5402, 78, -39.54, -297.42, 230, 89.40, 286.25
5403, 230, 89.40, 286.25, 81, -59.31, -293.98
5404, 81, -59.31, -293.98, 259, 241.55, 177.94
5405, 259, 241.55, 177.94, 19, 274.21, -120.34
5406, 19, 274.21, -120.34, 60, 77.36, -289.68
5407, 60, 77.36, -289.68, 242, 160.74, 253.58
5408, 242, 160.74, 253.58, 88, -103.15, -281.09
5409, 88, -103.15, -281.09, 280, 294.84, 52.44
5410, 280, 294.84, 52.44, 32, 229.51, -192.55
5411, 32, 229.51, -192.55, 259, 241.55, 177.94
5412, 259, 241.55, 177.94, 190, -161.60, 253.58
5413, 190, -161.60, 253.58, 231, 96.28, 284.53
5414, 231, 96.28, 284.53, 171, -250.14, 166.76
5415, 171, -250.14, 166.76, 198, -115.19, 277.65
5416, 198, -115.19, 277.65, 139, -298.28, -31.81
5417, 139, -298.28, -31.81, 189, -166.76, 250.14
5418, 189, -166.76, 250.14, 265, 262.18, 144.41
5419, 265, 262.18, 144.41, 224, 51.58, 295.70
5420, 224, 51.58, 295.70, 267, 269.05, 133.24
5421, 267, 269.05, 133.24, 30, 237.25, -182.23
5422, 30, 237.25, -182.23, 74, -13.75, -299.14
5423, 74, -13.75, -299.14, 231, 96.28, 284.53
5424, 231, 96.28, 284.53, 140, -299.14, -25.79
5425, 140, -299.14, -25.79, 270, 276.79, 115.19
5426, 270, 276.79, 115.19, 21, 269.05, -132.38
5427, 21, 269.05, -132.38, 180, -212.32, 212.32
5428, 180, -212.32, 212.32, 225, 58.45, 294.84
5429, 225, 58.45, 294.84, 68, 25.79, -298.28
5430, 68, 25.79, -298.28, 199, -109.17, 280.23
5431, 199, -109.17, 280.23, 176, -230.37, 193.41
5432, 176, -230.37, 193.41, 222, 38.68, 298.28
5433, 222, 38.68, 298.28, 188, -172.78, 245.85
5434, 188, -172.78, 245.85, 49, 143.55, -262.18
5435, 49, 143.55, -262.18, 253, 216.62, 208.02
5436, 253, 216.62, 208.02, 207, -59.31, 294.84
5437, 207, -59.31, 294.84, 59, 83.38, -287.97
5438, 59, 83.38, -287.97, 246, 182.23, 238.11
5439, 246, 182.23, 238.11, 151, -296.56, 46.42
5440, 151, -296.56, 46.42, 56, 102.29, -281.09
5441, 56, 102.29, -281.09, 14, 285.39, -89.40
5442, 14, 285.39, -89.40, 238, 138.40, 266.48
5443, 238, 138.40, 266.48, 208, -52.44, 295.70
5444, 208, -52.44, 295.70, 258, 237.25, 183.09
5445, 258, 237.25, 183.09, 15, 283.67, -96.28
5446, 15, 283.67, -96.28, 271, 279.37, 109.17
5447, 271, 279.37, 109.17, 192, -150.43, 260.46
5448, 192, -150.43, 260.46, 103, -188.25, -233.81
5449, 103, -188.25, -233.81, 186, -183.09, 238.11
5450, 186, -183.09, 238.11, 128, -281.95, -102.29
5451, 128, -281.95, -102.29, 274, 285.39, 90.26
5452, 274, 285.39, 90.26, 26, 252.72, -160.74
5453, 26, 252.72, -160.74, 145, -300.00, 6.88
5454, 145, -300.00, 6.88, 248, 192.55, 230.37
5455, 248, 192.55, 230.37, 37, 207.16, -216.62
5456, 37, 207.16, -216.62, 91, -121.20, -274.21
5457, 91, -121.20, -274.21, 171, -250.14, 166.76
5458, 171, -250.14, 166.76, 286, 299.14, 13.75
5459, 286, 299.14, 13.75, 42, 182.23, -237.25
5460, 42, 182.23, -237.25, 281, 295.70, 46.42
5461, 281, 295.70, 46.42, 69, 18.91, -299.14
5462, 69, 18.91, -299.14, 156, -290.54, 78.22
5463, 156, -290.54, 78.22, 240, 149.57, 260.46
5464, 240, 149.57, 260.46, 217, 6.02, 300.00
5465, 217, 6.02, 300.00, 163, -275.07, 121.20
5466, 163, -275.07, 121.20, 66, 38.68, -297.42
5467, 66, 38.68, -297.42, 24, 259.60, -149.57
5468, 24, 259.60, -149.57, 156, -290.54, 78.22
5469, 156, -290.54, 78.22, 216, -0.86, 300.00
5470, 216, -0.86, 300.00, 53, 120.34, -274.21
5471, 53, 120.34, -274.21, 248, 192.55, 230.37
5472, 248, 192.55, 230.37, 214, -13.75, 300.00
5473, 214, -13.75, 300.00, 263, 256.16, 156.45
5474, 263, 256.16, 156.45, 204, -78.22, 290.54
5475, 204, -78.22, 290.54, 259, 241.55, 177.94
5476, 259, 241.55, 177.94, 190, -161.60, 253.58
5477, 190, -161.60, 253.58, 140, -299.14, -25.79
5478, 140, -299.14, -25.79, 168, -260.46, 150.43
5479, 168, -260.46, 150.43, 213, -19.77, 300.00
5480, 213, -19.77, 300.00, 267, 269.05, 133.24
5481, 267, 269.05, 133.24, 162, -277.65, 115.19
5482, 162, -277.65, 115.19, 221, 31.81, 298.28
5483, 221, 31.81, 298.28, 246, 182.23, 238.11
5484, 246, 182.23, 238.11, 61, 70.49, -290.54
5485, 61, 70.49, -290.54, 228, 77.36, 290.54
5486, 228, 77.36, 290.54, 178, -221.78, 202.87
5487, 178, -221.78, 202.87, 236, 126.36, 272.49
5488, 236, 126.36, 272.49, 187, -177.94, 242.41
5489, 187, -177.94, 242.41, 249, 197.71, 226.07
5490, 249, 197.71, 226.07, 203, -84.24, 288.83
5491, 203, -84.24, 288.83, 7, 295.70, -45.56
5492, 7, 295.70, -45.56, 97, -156.45, -256.16
5493, 97, -156.45, -256.16, 9, 293.98, -58.45
5494, 9, 293.98, -58.45, 53, 120.34, -274.21
5495, 53, 120.34, -274.21, 217, 6.02, 300.00
5496, 217, 6.02, 300.00, 260, 244.99, 172.78
5497, 260, 244.99, 172.78, 203, -84.24, 288.83
5498, 203, -84.24, 288.83, 243, 165.90, 250.14
5499, 243, 165.90, 250.14, 148, -299.14, 26.65
5500, 148, -299.14, 26.65, 48, 149.57, -259.60
5501, 48, 149.57, -259.60, 155, -291.40, 71.35
5502, 155, -291.40, 71.35, 57, 96.28, -283.67
5503, 57, 96.28, -283.67, 16, 281.09, -102.29
5504, 16, 281.09, -102.29, 245, 177.08, 242.41
5505, 245, 177.08, 242.41, 274, 285.39, 90.26
5506, 274, 285.39, 90.26, 225, 58.45, 294.84
5507, 225, 58.45, 294.84, 259, 241.55, 177.94
5508, 259, 241.55, 177.94, 197, -121.20, 275.07
5509, 197, -121.20, 275.07, 254, 220.92, 202.87
5510, 254, 220.92, 202.87, 31, 233.81, -187.39
5511, 31, 233.81, -187.39, 83, -71.35, -290.54
5512, 83, -71.35, -290.54, 227, 70.49, 291.40
5513, 227, 70.49, 291.40, 64, 51.58, -294.84
5514, 64, 51.58, -294.84, 254, 220.92, 202.87
5515, 254, 220.92, 202.87, 171, -250.14, 166.76
5516, 171, -250.14, 166.76, 282, 297.42, 39.54
5517, 282, 297.42, 39.54, 242, 160.74, 253.58
5518, 242, 160.74, 253.58, 141, -300.00, -18.91
5519, 141, -300.00, -18.91, 185, -188.25, 234.67
5520, 185, -188.25, 234.67, 253, 216.62, 208.02
5521, 253, 216.62, 208.02, 281, 295.70, 46.42
5522, 281, 295.70, 46.42, 219, 18.91, 300.00
5523, 219, 18.91, 300.00, 49, 143.55, -262.18
5524, 49, 143.55, -262.18, 6, 297.42, -38.68
5525, 6, 297.42, -38.68, 200, -103.15, 281.95
5526, 200, -103.15, 281.95, 125, -275.07, -120.34
5527, 125, -275.07, -120.34, 41, 187.39, -233.81
5528, 41, 187.39, -233.81, 92, -127.22, -271.63
5529, 92, -127.22, -271.63, 31, 233.81, -187.39
5530, 31, 233.81, -187.39, 283, 297.42, 32.66
5531, 283, 297.42, 32.66, 195, -133.24, 269.91
5532, 195, -133.24, 269.91, 285, 299.14, 19.77
5533, 285, 299.14, 19.77, 44, 171.92, -244.99
5534, 44, 171.92, -244.99, 162, -277.65, 115.19
5535, 162, -277.65, 115.19, 281, 295.70, 46.42
5536, 281, 295.70, 46.42, 90, -115.19, -276.79
5537, 90, -115.19, -276.79, 231, 96.28, 284.53
5538, 231, 96.28, 284.53, 183, -198.57, 226.07
5539, 183, -198.57, 226.07, 104, -193.41, -229.51
5540, 104, -193.41, -229.51, 191, -156.45, 257.02
5541, 191, -156.45, 257.02, 273, 283.67, 97.13
5542, 273, 283.67, 97.13, 115, -242.41, -177.08
5543, 115, -242.41, -177.08, 269, 274.21, 121.20
5544, 269, 274.21, 121.20, 28, 244.99, -171.92
5545, 28, 244.99, -171.92, 281, 295.70, 46.42
5546, 281, 295.70, 46.42, 196, -127.22, 272.49
5547, 196, -127.22, 272.49, 57, 96.28, -283.67
5548, 57, 96.28, -283.67, 208, -52.44, 295.70
5549, 208, -52.44, 295.70, 140, -299.14, -25.79
5550, 140, -299.14, -25.79, 247, 187.39, 234.67
5551, 247, 187.39, 234.67, 286, 299.14, 13.75
5552, 286, 299.14, 13.75, 196, -127.22, 272.49
5553, 196, -127.22, 272.49, 245, 177.08, 242.41
5554, 245, 177.08, 242.41, 279, 293.98, 59.31
5555, 279, 293.98, 59.31, 193, -144.41, 263.04
5556, 193, -144.41, 263.04, 146, -300.00, 13.75
5557, 146, -300.00, 13.75, 248, 192.55, 230.37
5558, 248, 192.55, 230.37, 56, 102.29, -281.09
5559, 56, 102.29, -281.09, 255, 225.21, 198.57
5560, 255, 225.21, 198.57, 197, -121.20, 275.07
5561, 197, -121.20, 275.07, 131, -288.83, -83.38
5562, 131, -288.83, -83.38, 202, -90.26, 286.25
5563, 202, -90.26, 286.25, 265, 262.18, 144.41
5564, 265, 262.18, 144.41, 220, 25.79, 299.14
5565, 220, 25.79, 299.14, 168, -260.46, 150.43
5566, 168, -260.46, 150.43, 195, -133.24, 269.91
5567, 195, -133.24, 269.91, 116, -245.85, -171.92
5568, 116, -245.85, -171.92, 45, 165.90, -249.28
5569, 45, 165.90, -249.28, 148, -299.14, 26.65
5570, 148, -299.14, 26.65, 263, 256.16, 156.45
5571, 263, 256.16, 156.45, 23, 262.18, -143.55
5572, 23, 262.18, -143.55, 184, -193.41, 230.37
5573, 184, -193.41, 230.37, 246, 182.23, 238.11
5574, 246, 182.23, 238.11, 181, -208.02, 217.48
5575, 181, -208.02, 217.48, 22, 265.62, -138.40
5576, 22, 265.62, -138.40, 275, 287.97, 84.24
5577, 275, 287.97, 84.24, 38, 202.01, -220.92
5578, 38, 202.01, -220.92, 118, -253.58, -160.74
5579, 118, -253.58, -160.74, 271, 279.37, 109.17
5580, 271, 279.37, 109.17, 224, 51.58, 295.70
5581, 224, 51.58, 295.70, 163, -275.07, 121.20
5582, 163, -275.07, 121.20, 141, -300.00, -18.91
5583, 141, -300.00, -18.91, 188, -172.78, 245.85
5584, 188, -172.78, 245.85, 257, 233.81, 188.25
5585, 257, 233.81, 188.25, 48, 149.57, -259.60
5586, 48, 149.57, -259.60, 110, -221.78, -202.01
5587, 110, -221.78, -202.01, 191, -156.45, 257.02
5588, 191, -156.45, 257.02, 235, 120.34, 275.07
5589, 235, 120.34, 275.07, 203, -84.24, 288.83
5590, 203, -84.24, 288.83, 8, 294.84, -51.58
5591, 8, 294.84, -51.58, 212, -26.65, 299.14
5592, 212, -26.65, 299.14, 258, 237.25, 183.09
5593, 258, 237.25, 183.09, 236, 126.36, 272.49
5594, 236, 126.36, 272.49, 147, -300.00, 19.77
5595, 147, -300.00, 19.77, 33, 225.21, -197.71
5596, 33, 225.21, -197.71, 279, 293.98, 59.31
5597, 279, 293.98, 59.31, 20, 271.63, -126.36
5598, 20, 271.63, -126.36, 276, 289.68, 78.22
5599, 276, 289.68, 78.22, 39, 197.71, -225.21
5600, 39, 197.71, -225.21, 237, 132.38, 269.91
5601, 237, 132.38, 269.91, 173, -242.41, 177.94
5602, 173, -242.41, 177.94, 215, -6.88, 300.00
5603, 215, -6.88, 300.00, 12, 289.68, -77.36
5604, 12, 289.68, -77.36, 55, 108.31, -279.37
5605, 55, 108.31, -279.37, 200, -103.15, 281.95
5606, 200, -103.15, 281.95, 224, 51.58, 295.70
5607, 224, 51.58, 295.70, 11, 290.54, -70.49
5608, 11, 290.54, -70.49, 226, 64.47, 293.12
5609, 226, 64.47, 293.12, 155, -291.40, 71.35
5610, 155, -291.40, 71.35, 58, 89.40, -285.39
5611, 58, 89.40, -285.39, 205, -71.35, 291.40
5612, 205, -71.35, 291.40, 272, 281.09, 103.15
5613, 272, 281.09, 103.15, 243, 165.90, 250.14
5614, 243, 165.90, 250.14, 2, 299.14, -12.89
5615, 2, 299.14, -12.89, 172, -245.85, 172.78
5616, 172, -245.85, 172.78, 146, -300.00, 13.75
5617, 146, -300.00, 13.75, 287, 299.14, 6.88
5618, 287, 299.14, 6.88, 100, -172.78, -244.99
5619, 100, -172.78, -244.99, 263, 256.16, 156.45
5620, 263, 256.16, 156.45, 153, -294.84, 59.31
5621, 153, -294.84, 59.31, 50, 138.40, -265.62
5622, 50, 138.40, -265.62, 213, -19.77, 300.00
5623, 213, -19.77, 300.00, 168, -260.46, 150.43
5624, 168, -260.46, 150.43, 148, -299.14, 26.65
5625, 148, -299.14, 26.65, 248, 192.55, 230.37
5626, 248, 192.55, 230.37, 90, -115.19, -276.79
5627, 90, -115.19, -276.79, 177, -226.07, 198.57
5628, 177, -226.07, 198.57, 232, 102.29, 281.95
5629, 232, 102.29, 281.95, 7, 295.70, -45.56
5630, 7, 295.70, -45.56, 201, -97.13, 284.53
5631, 201, -97.13, 284.53, 275, 287.97, 84.24
5632, 275, 287.97, 84.24, 34, 220.92, -202.01
5633, 34, 220.92, -202.01, 149, -298.28, 32.66
5634, 149, -298.28, 32.66, 206, -65.33, 293.12
5635, 206, -65.33, 293.12, 240, 149.57, 260.46
5636, 240, 149.57, 260.46, 181, -208.02, 217.48
5637, 181, -208.02, 217.48, 137, -296.56, -45.56
5638, 137, -296.56, -45.56, 220, 25.79, 299.14
5639, 220, 25.79, 299.14, 164, -272.49, 127.22
5640, 164, -272.49, 127.22, 82, -65.33, -292.26
5641, 82, -65.33, -292.26, 170, -253.58, 161.60
5642, 170, -253.58, 161.60, 231, 96.28, 284.53
5643, 231, 96.28, 284.53, 17, 279.37, -108.31
5644, 17, 279.37, -108.31, 147, -300.00, 19.77
5645, 147, -300.00, 19.77, 266, 265.62, 139.26
5646, 266, 265.62, 139.26, 13, 287.97, -83.38
5647, 13, 287.97, -83.38, 199, -109.17, 280.23
5648, 199, -109.17, 280.23, 132, -290.54, -77.36
5649, 132, -290.54, -77.36, 191, -156.45, 257.02
5650, 191, -156.45, 257.02, 51, 132.38, -269.05
5651, 51, 132.38, -269.05, 113, -234.67, -187.39
5652, 113, -234.67, -187.39, 193, -144.41, 263.04
5653, 193, -144.41, 263.04, 126, -277.65, -114.33
5654, 126, -277.65, -114.33, 38, 202.01, -220.92
5655, 38, 202.01, -220.92, 3, 299.14, -18.91
5656, 3, 299.14, -18.91, 169, -257.02, 156.45
5657, 169, -257.02, 156.45, 245, 177.08, 242.41
5658, 245, 177.08, 242.41, 200, -103.15, 281.95
5659, 200, -103.15, 281.95, 264, 259.60, 150.43
5660, 264, 259.60, 150.43, 163, -275.07, 121.20
5661, 163, -275.07, 121.20, 275, 287.97, 84.24
5662, 275, 287.97, 84.24, 255, 225.21, 198.57
5663, 255, 225.21, 198.57, 99, -166.76, -249.28
5664, 99, -166.76, -249.28, 262, 252.72, 161.60
5665, 262, 252.72, 161.60, 201, -97.13, 284.53
5666, 201, -97.13, 284.53, 166, -266.48, 139.26
5667, 166, -266.48, 139.26, 228, 77.36, 290.54
5668, 228, 77.36, 290.54, 164, -272.49, 127.22
5669, 164, -272.49, 127.22, 69, 18.91, -299.14
5670, 69, 18.91, -299.14, 27, 249.28, -165.90
5671, 27, 249.28, -165.90, 147, -300.00, 19.77
5672, 147, -300.00, 19.77, 244, 171.92, 245.85
5673, 244, 171.92, 245.85, 159, -284.53, 97.13
5674, 159, -284.53, 97.13, 205, -71.35, 291.40
5675, 205, -71.35, 291.40, 273, 283.67, 97.13
5676, 273, 283.67, 97.13, 201, -97.13, 284.53
5677, 201, -97.13, 284.53, 130, -286.25, -89.40
5678, 130, -286.25, -89.40, 192, -150.43, 260.46
5679, 192, -150.43, 260.46, 230, 89.40, 286.25
5680, 230, 89.40, 286.25, 256, 229.51, 193.41
5681, 256, 229.51, 193.41, 219, 18.91, 300.00
5682, 219, 18.91, 300.00, 59, 83.38, -287.97
5683, 59, 83.38, -287.97, 211, -32.66, 298.28
5684, 211, -32.66, 298.28, 62, 64.47, -292.26
5685, 62, 64.47, -292.26, 22, 265.62, -138.40
5686, 22, 265.62, -138.40, 261, 249.28, 166.76
5687, 261, 249.28, 166.76, 16, 281.09, -102.29
5688, 16, 281.09, -102.29, 284, 298.28, 26.65
5689, 284, 298.28, 26.65, 196, -127.22, 272.49
5690, 196, -127.22, 272.49, 249, 197.71, 226.07
5691, 249, 197.71, 226.07, 95, -144.41, -262.18
5692, 95, -144.41, -262.18, 175, -234.67, 188.25
5693, 175, -234.67, 188.25, 255, 225.21, 198.57
5694, 255, 225.21, 198.57, 213, -19.77, 300.00
5695, 213, -19.77, 300.00, 158, -286.25, 90.26
5696, 158, -286.25, 90.26, 250, 202.01, 221.78
5697, 250, 202.01, 221.78, 53, 120.34, -274.21
5698, 53, 120.34, -274.21, 17, 279.37, -108.31
5699, 17, 279.37, -108.31, 270, 276.79, 115.19
5700, 270, 276.79, 115.19, 112, -230.37, -192.55
5701, 112, -230.37, -192.55, 47, 155.59, -256.16
5702, 47, 155.59, -256.16, 3, 299.14, -18.91
5703, 3, 299.14, -18.91, 198, -115.19, 277.65
5704, 198, -115.19, 277.65, 8, 294.84, -51.58
5705, 8, 294.84, -51.58, 249, 197.71, 226.07
5706, 249, 197.71, 226.07, 145, -300.00, 6.88
5707, 145, -300.00, 6.88, 60, 77.36, -289.68
5708, 60, 77.36, -289.68, 255, 225.21, 198.57
5709, 255, 225.21, 198.57, 172, -245.85, 172.78
5710, 172, -245.85, 172.78, 256, 229.51, 193.41
5711, 256, 229.51, 193.41, 76, -26.65, -298.28
5712, 76, -26.65, -298.28, 29, 241.55, -177.08
5713, 29, 241.55, -177.08, 286, 299.14, 13.75
5714, 286, 299.14, 13.75, 101, -177.94, -241.55
5715, 101, -177.94, -241.55, 176, -230.37, 193.41
5716, 176, -230.37, 193.41, 226, 64.47, 293.12
5717, 226, 64.47, 293.12, 202, -90.26, 286.25
5718, 202, -90.26, 286.25, 53, 120.34, -274.21
5719, 53, 120.34, -274.21, 218, 12.89, 300.00
5720, 218, 12.89, 300.00, 14, 285.39, -89.40
5721, 14, 285.39, -89.40, 240, 149.57, 260.46
5722, 240, 149.57, 260.46, 152, -295.70, 52.44
5723, 152, -295.70, 52.44, 221, 31.81, 298.28
5724, 221, 31.81, 298.28, 65, 45.56, -295.70
5725, 65, 45.56, -295.70, 168, -260.46, 150.43
5726, 168, -260.46, 150.43, 199, -109.17, 280.23
5727, 199, -109.17, 280.23, 76, -26.65, -298.28
5728, 76, -26.65, -298.28, 229, 83.38, 288.83
5729, 229, 83.38, 288.83, 194, -139.26, 266.48
5730, 194, -139.26, 266.48, 138, -298.28, -38.68
5731, 138, -298.28, -38.68, 191, -156.45, 257.02
5732, 191, -156.45, 257.02, 109, -217.48, -207.16
5733, 109, -217.48, -207.16, 252, 211.46, 212.32
5734, 252, 211.46, 212.32, 184, -193.41, 230.37
5735, 184, -193.41, 230.37, 223, 45.56, 296.56
5736, 223, 45.56, 296.56, 13, 287.97, -83.38
5737, 13, 287.97, -83.38, 210, -39.54, 298.28
5738, 210, -39.54, 298.28, 272, 281.09, 103.15
5739, 272, 281.09, 103.15, 28, 244.99, -171.92
5740, 28, 244.99, -171.92, 73, -6.88, -299.14
5741, 73, -6.88, -299.14, 32, 229.51, -192.55
5742, 32, 229.51, -192.55, 70, 12.89, -299.14
5743, 70, 12.89, -299.14, 234, 114.33, 277.65
5744, 234, 114.33, 277.65, 88, -103.15, -281.09
5745, 88, -103.15, -281.09, 243, 165.90, 250.14
5746, 243, 165.90, 250.14, 284, 298.28, 26.65
5747, 284, 298.28, 26.65, 182, -202.87, 221.78
5748, 182, -202.87, 221.78, 143, -300.00, -6.02
5749, 143, -300.00, -6.02, 231, 96.28, 284.53
5750, 231, 96.28, 284.53, 200, -103.15, 281.95
5751, 200, -103.15, 281.95, 171, -250.14, 166.76
5752, 171, -250.14, 166.76, 220, 25.79, 299.14
5753, 220, 25.79, 299.14, 188, -172.78, 245.85
5754, 188, -172.78, 245.85, 250, 202.01, 221.78
5755, 250, 202.01, 221.78, 194, -139.26, 266.48
5756, 194, -139.26, 266.48, 153, -294.84, 59.31
5757, 153, -294.84, 59.31, 25, 256.16, -155.59
5758, 25, 256.16, -155.59, 265, 262.18, 144.41
5759, 265, 262.18, 144.41, 21, 269.05, -132.38
5760, 21, 269.05, -132.38, 248, 192.55, 230.37
5761, 248, 192.55, 230.37, 154, -293.12, 65.33
5762, 154, -293.12, 65.33, 214, -13.75, 300.00
5763, 214, -13.75, 300.00, 255, 225.21, 198.57
5764, 255, 225.21, 198.57, 166, -266.48, 139.26
5765, 166, -266.48, 139.26, 221, 31.81, 298.28
5766, 221, 31.81, 298.28, 270, 276.79, 115.19
5767, 270, 276.79, 115.19, 163, -275.07, 121.20
5768, 163, -275.07, 121.20, 238, 138.40, 266.48
5769, 238, 138.40, 266.48, 151, -296.56, 46.42
5770, 151, -296.56, 46.42, 45, 165.90, -249.28
5771, 45, 165.90, -249.28, 218, 12.89, 300.00
5772, 218, 12.89, 300.00, 280, 294.84, 52.44
5773, 280, 294.84, 52.44, 197, -121.20, 275.07
5774, 197, -121.20, 275.07, 245, 177.08, 242.41
5775, 245, 177.08, 242.41, 1, 299.14, -6.02
5776, 1, 299.14, -6.02, 203, -84.24, 288.83
5777, 203, -84.24, 288.83, 52, 126.36, -271.63
5778, 52, 126.36, -271.63, 206, -65.33, 293.12
5779, 206, -65.33, 293.12, 269, 274.21, 121.20
5780, 269, 274.21, 121.20, 15, 283.67, -96.28
5781, 15, 283.67, -96.28, 101, -177.94, -241.55
5782, 101, -177.94, -241.55, 251, 207.16, 217.48
5783, 251, 207.16, 217.48, 30, 237.25, -182.23
5784, 30, 237.25, -182.23, 258, 237.25, 183.09
5785, 258, 237.25, 183.09, 192, -150.43, 260.46
5786, 192, -150.43, 260.46, 241, 155.59, 257.02
5787, 241, 155.59, 257.02, 201, -97.13, 284.53
5788, 201, -97.13, 284.53, 137, -296.56, -45.56
5789, 137, -296.56, -45.56, 188, -172.78, 245.85
5790, 188, -172.78, 245.85, 64, 51.58, -294.84
5791, 64, 51.58, -294.84, 216, -0.86, 300.00
5792, 216, -0.86, 300.00, 153, -294.84, 59.31
5793, 153, -294.84, 59.31, 44, 171.92, -244.99
5794, 44, 171.92, -244.99, 156, -290.54, 78.22
5795, 156, -290.54, 78.22, 229, 83.38, 288.83
5796, 229, 83.38, 288.83, 287, 299.14, 6.88
5797, 287, 299.14, 6.88, 200, -103.15, 281.95
5798, 200, -103.15, 281.95, 253, 216.62, 208.02
5799, 253, 216.62, 208.02, 169, -257.02, 156.45
5800, 169, -257.02, 156.45, 78, -39.54, -297.42
5801, 78, -39.54, -297.42, 253, 216.62, 208.02
5802, 253, 216.62, 208.02, 9, 293.98, -58.45
5803, 9, 293.98, -58.45, 205, -71.35, 291.40
5804, 205, -71.35, 291.40, 269, 274.21, 121.20
5805, 269, 274.21, 121.20, 111, -226.07, -197.71
5806, 111, -226.07, -197.71, 273, 283.67, 97.13
5807, 273, 283.67, 97.13, 35, 216.62, -207.16
5808, 35, 216.62, -207.16, 87, -97.13, -283.67
5809, 87, -97.13, -283.67, 167, -263.04, 144.41
5810, 167, -263.04, 144.41, 85, -84.24, -287.97
5811, 85, -84.24, -287.97, 259, 241.55, 177.94
5812, 259, 241.55, 177.94, 227, 70.49, 291.40
5813, 227, 70.49, 291.40, 173, -242.41, 177.94
5814, 173, -242.41, 177.94, 209, -46.42, 296.56
5815, 209, -46.42, 296.56, 283, 297.42, 32.66
5816, 283, 297.42, 32.66, 40, 192.55, -229.51
5817, 40, 192.55, -229.51, 93, -133.24, -269.05
5818, 93, -133.24, -269.05, 32, 229.51, -192.55
5819, 32, 229.51, -192.55, 153, -294.84, 59.31
5820, 153, -294.84, 59.31, 261, 249.28, 166.76
5821, 261, 249.28, 166.76, 55, 108.31, -279.37
5822, 55, 108.31, -279.37, 10, 292.26, -64.47
5823, 10, 292.26, -64.47, 264, 259.60, 150.43
5824, 264, 259.60, 150.43, 176, -230.37, 193.41
5825, 176, -230.37, 193.41, 3, 299.14, -18.91
5826, 3, 299.14, -18.91, 244, 171.92, 245.85
5827, 244, 171.92, 245.85, 145, -300.00, 6.88
5828, 145, -300.00, 6.88, 268, 271.63, 127.22
5829, 268, 271.63, 127.22, 195, -133.24, 269.91
5830, 195, -133.24, 269.91, 110, -221.78, -202.01
5831, 110, -221.78, -202.01, 2, 299.14, -12.89
5832, 2, 299.14, -12.89, 48, 149.57, -259.60
5833, 48, 149.57, -259.60, 179, -217.48, 208.02
5834, 179, -217.48, 208.02, 1, 299.14, -6.02
5835, 1, 299.14, -6.02, 247, 187.39, 234.67
5836, 247, 187.39, 234.67, 219, 18.91, 300.00
5837, 219, 18.91, 300.00, 68, 25.79, -298.28
5838, 68, 25.79, -298.28, 157, -288.83, 84.24
5839, 157, -288.83, 84.24, 259, 241.55, 177.94
5840, 259, 241.55, 177.94, 17, 279.37, -108.31
5841, 17, 279.37, -108.31, 240, 149.57, 260.46
5842, 240, 149.57, 260.46, 60, 77.36, -289.68
5843, 60, 77.36, -289.68, 210, -39.54, 298.28
5844, 210, -39.54, 298.28, 259, 241.55, 177.94
5845, 259, 241.55, 177.94, 143, -300.00, -6.02
5846, 143, -300.00, -6.02, 185, -188.25, 234.67
5847, 185, -188.25, 234.67, 50, 138.40, -265.62
5848, 50, 138.40, -265.62, 196, -127.22, 272.49
5849, 196, -127.22, 272.49, 119, -257.02, -155.59
5850, 119, -257.02, -155.59, 34, 220.92, -202.01
5851, 34, 220.92, -202.01, 278, 292.26, 65.33
5852, 278, 292.26, 65.33, 40, 192.55, -229.51
5853, 40, 192.55, -229.51, 114, -238.11, -182.23
5854, 114, -238.11, -182.23, 46, 160.74, -252.72
5855, 46, 160.74, -252.72, 4, 298.28, -25.79
5856, 4, 298.28, -25.79, 197, -121.20, 275.07
5857, 197, -121.20, 275.07, 263, 256.16, 156.45
5858, 263, 256.16, 156.45, 54, 114.33, -276.79
5859, 54, 114.33, -276.79, 185, -188.25, 234.67
5860, 185, -188.25, 234.67, 140, -299.14, -25.79
5861, 140, -299.14, -25.79, 190, -161.60, 253.58
5862, 190, -161.60, 253.58, 245, 177.08, 242.41
5863, 245, 177.08, 242.41, 139, -298.28, -31.81
5864, 139, -298.28, -31.81, 186, -183.09, 238.11
5865, 186, -183.09, 238.11, 249, 197.71, 226.07
5866, 249, 197.71, 226.07, 150, -298.28, 39.54
5867, 150, -298.28, 39.54, 214, -13.75, 300.00
5868, 214, -13.75, 300.00, 150, -298.28, 39.54
5869, 150, -298.28, 39.54, 243, 165.90, 250.14
5870, 243, 165.90, 250.14, 140, -299.14, -25.79
5871, 140, -299.14, -25.79, 161, -280.23, 109.17
5872, 161, -280.23, 109.17, 193, -144.41, 263.04
5873, 193, -144.41, 263.04, 135, -294.84, -58.45
5874, 135, -294.84, -58.45, 205, -71.35, 291.40
5875, 205, -71.35, 291.40, 225, 58.45, 294.84
5876, 225, 58.45, 294.84, 168, -260.46, 150.43
5877, 168, -260.46, 150.43, 191, -156.45, 257.02
5878, 191, -156.45, 257.02, 162, -277.65, 115.19
5879, 162, -277.65, 115.19, 276, 289.68, 78.22
5880, 276, 289.68, 78.22, 235, 120.34, 275.07
5881, 235, 120.34, 275.07, 15, 283.67, -96.28
5882, 15, 283.67, -96.28, 233, 108.31, 280.23
5883, 233, 108.31, 280.23, 207, -59.31, 294.84
5884, 207, -59.31, 294.84, 247, 187.39, 234.67
5885, 247, 187.39, 234.67, 151, -296.56, 46.42
5886, 151, -296.56, 46.42, 212, -26.65, 299.14
5887, 212, -26.65, 299.14, 233, 108.31, 280.23
5888, 233, 108.31, 280.23, 173, -242.41, 177.94
5889, 173, -242.41, 177.94, 244, 171.92, 245.85
5890, 244, 171.92, 245.85, 156, -290.54, 78.22
5891, 156, -290.54, 78.22, 75, -19.77, -299.14
5892, 75, -19.77, -299.14, 25, 256.16, -155.59
5893, 25, 256.16, -155.59, 245, 177.08, 242.41
5894, 245, 177.08, 242.41, 12, 289.68, -77.36
5895, 12, 289.68, -77.36, 234, 114.33, 277.65
5896, 234, 114.33, 277.65, 162, -277.65, 115.19
5897, 162, -277.65, 115.19, 276, 289.68, 78.22
5898, 276, 289.68, 78.22, 192, -150.43, 260.46
5899, 192, -150.43, 260.46, 136, -295.70, -51.58
5900, 136, -295.70, -51.58, 42, 182.23, -237.25
5901, 42, 182.23, -237.25, 1, 299.14, -6.02
5902, 1, 299.14, -6.02, 198, -115.19, 277.65
5903, 198, -115.19, 277.65, 118, -253.58, -160.74
5904, 118, -253.58, -160.74, 42, 182.23, -237.25
5905, 42, 182.23, -237.25, 158, -286.25, 90.26
5906, 158, -286.25, 90.26, 229, 83.38, 288.83
5907, 229, 83.38, 288.83, 84, -78.22, -289.68
5908, 84, -78.22, -289.68, 174, -238.11, 183.09
5909, 174, -238.11, 183.09, 232, 102.29, 281.95
5910, 232, 102.29, 281.95, 59, 83.38, -287.97
5911, 59, 83.38, -287.97, 217, 6.02, 300.00
5912, 217, 6.02, 300.00, 159, -284.53, 97.13
5913, 159, -284.53, 97.13, 224, 51.58, 295.70
5914, 224, 51.58, 295.70, 246, 182.23, 238.11
5915, 246, 182.23, 238.11, 3, 299.14, -18.91
5916, 3, 299.14, -18.91, 171, -250.14, 166.76
5917, 171, -250.14, 166.76, 230, 89.40, 286.25
5918, 230, 89.40, 286.25, 179, -217.48, 208.02
5919, 179, -217.48, 208.02, 228, 77.36, 290.54
5920, 228, 77.36, 290.54, 140, -299.14, -25.79
5921, 140, -299.14, -25.79, 272, 281.09, 103.15
5922, 272, 281.09, 103.15, 204, -78.22, 290.54
5923, 204, -78.22, 290.54, 175, -234.67, 188.25
5924, 175, -234.67, 188.25, 144, -300.00, -0.00
5925, 144, -300.00, -0.00, 23, 262.18, -143.55
5926, 23, 262.18, -143.55, 273, 283.67, 97.13
5927, 273, 283.67, 97.13, 194, -139.26, 266.48
5928, 194, -139.26, 266.48, 127, -280.23, -108.31
5929, 127, -280.23, -108.31, 185, -188.25, 234.67
5930, 185, -188.25, 234.67, 227, 70.49, 291.40
5931, 227, 70.49, 291.40, 253, 216.62, 208.02
5932, 253, 216.62, 208.02, 189, -166.76, 250.14
5933, 189, -166.76, 250.14, 142, -300.00, -12.89
5934, 142, -300.00, -12.89, 262, 252.72, 161.60
5935, 262, 252.72, 161.60, 56, 102.29, -281.09
5936, 56, 102.29, -281.09, 24, 259.60, -149.57
5937, 24, 259.60, -149.57, 269, 274.21, 121.20
5938, 269, 274.21, 121.20, 160, -281.95, 103.15
5939, 160, -281.95, 103.15, 60, 77.36, -289.68
5940, 60, 77.36, -289.68, 211, -32.66, 298.28
5941, 211, -32.66, 298.28, 145, -300.00, 6.88
5942, 145, -300.00, 6.88, 247, 187.39, 234.67
5943, 247, 187.39, 234.67, 36, 211.46, -211.46
5944, 36, 211.46, -211.46, 230, 89.40, 286.25
5945, 230, 89.40, 286.25, 17, 279.37, -108.31
5946, 17, 279.37, -108.31, 249, 197.71, 226.07
5947, 249, 197.71, 226.07, 199, -109.17, 280.23
5948, 199, -109.17, 280.23, 51, 132.38, -269.05
5949, 51, 132.38, -269.05, 157, -288.83, 84.24
5950, 157, -288.83, 84.24, 206, -65.33, 293.12
5951, 206, -65.33, 293.12, 276, 289.68, 78.22
5952, 276, 289.68, 78.22, 120, -260.46, -149.57
5953, 120, -260.46, -149.57, 195, -133.24, 269.91
5954, 195, -133.24, 269.91, 125, -275.07, -120.34
5955, 125, -275.07, -120.34, 280, 294.84, 52.44
5956, 280, 294.84, 52.44, 19, 274.21, -120.34
5957, 19, 274.21, -120.34, 235, 120.34, 275.07
5958, 235, 120.34, 275.07, 156, -290.54, 78.22
5959, 156, -290.54, 78.22, 57, 96.28, -283.67
5960, 57, 96.28, -283.67, 240, 149.57, 260.46
5961, 240, 149.57, 260.46, 14, 285.39, -89.40
5962, 14, 285.39, -89.40, 257, 233.81, 188.25
5963, 257, 233.81, 188.25, 184, -193.41, 230.37
5964, 184, -193.41, 230.37, 207, -59.31, 294.84
5965, 207, -59.31, 294.84, 57, 96.28, -283.67
5966, 57, 96.28, -283.67, 206, -65.33, 293.12
5967, 206, -65.33, 293.12, 254, 220.92, 202.87
5968, 254, 220.92, 202.87, 63, 58.45, -293.98
5969, 63, 58.45, -293.98, 166, -266.48, 139.26
5970, 166, -266.48, 139.26, 269, 274.21, 121.20
5971, 269, 274.21, 121.20, 246, 182.23, 238.11
5972, 246, 182.23, 238.11, 91, -121.20, -274.21
5973, 91, -121.20, -274.21, 251, 207.16, 217.48
5974, 251, 207.16, 217.48, 199, -109.17, 280.23
5975, 199, -109.17, 280.23, 145, -300.00, 6.88
5976, 145, -300.00, 6.88, 242, 160.74, 253.58
5977, 242, 160.74, 253.58, 61, 70.49, -290.54
5978, 61, 70.49, -290.54, 20, 271.63, -126.36
5979, 20, 271.63, -126.36, 147, -300.00, 19.77
5980, 147, -300.00, 19.77, 261, 249.28, 166.76
5981, 261, 249.28, 166.76, 226, 64.47, 293.12
5982, 226, 64.47, 293.12, 187, -177.94, 242.41
5983, 187, -177.94, 242.41, 231, 96.28, 284.53
5984, 231, 96.28, 284.53, 79, -46.42, -295.70
5985, 79, -46.42, -295.70, 30, 237.25, -182.23
5986, 30, 237.25, -182.23, 256, 229.51, 193.41
5987, 256, 229.51, 193.41, 202, -90.26, 286.25
5988, 202, -90.26, 286.25, 172, -245.85, 172.78
5989, 172, -245.85, 172.78, 223, 45.56, 296.56
5990, 223, 45.56, 296.56, 19, 274.21, -120.34
5991, 19, 274.21, -120.34, 282, 297.42, 39.54
5992, 282, 297.42, 39.54, 194, -139.26, 266.48
5993, 194, -139.26, 266.48, 261, 249.28, 166.76
5994, 261, 249.28, 166.76, 142, -300.00, -12.89
5995, 142, -300.00, -12.89, 260, 244.99, 172.78
5996, 260, 244.99, 172.78, 23, 262.18, -143.55
5997, 23, 262.18, -143.55, 74, -13.75, -299.14
5998, 74, -13.75, -299.14, 163, -275.07, 121.20
5999, 163, -275.07, 121.20, 142, -300.00, -12.89
6000, 142, -300.00, -12.89, 169, -257.02, 156.45
6001, 169, -257.02, 156.45, 192, -150.43, 260.46
6002, 192, -150.43, 260.46, 128, -281.95, -102.29
6003, 128, -281.95, -102.29, 202, -90.26, 286.25
6004, 202, -90.26, 286.25, 237, 132.38, 269.91
6005, 237, 132.38, 269.91, 148, -299.14, 26.65
6006, 148, -299.14, 26.65, 176, -230.37, 193.41
6007, 176, -230.37, 193.41, 227, 70.49, 291.40
6008, 227, 70.49, 291.40, 54, 114.33, -276.79
6009, 54, 114.33, -276.79, 194, -139.26, 266.48
6010, 194, -139.26, 266.48, 255, 225.21, 198.57
6011, 255, 225.21, 198.57, 29, 241.55, -177.08
6012, 29, 241.55, -177.08, 70, 12.89, -299.14
6013, 70, 12.89, -299.14, 35, 216.62, -207.16
6014, 35, 216.62, -207.16, 68, 25.79, -298.28
6015, 68, 25.79, -298.28, 2, 299.14, -12.89
6016, 2, 299.14, -12.89, 196, -127.22, 272.49
6017, 196, -127.22, 272.49, 135, -294.84, -58.45
6018, 135, -294.84, -58.45, 189, -166.76, 250.14
6019, 189, -166.76, 250.14, 266, 265.62, 139.26
6020, 266, 265.62, 139.26, 246, 182.23, 238.11
6021, 246, 182.23, 238.11, 16, 281.09, -102.29
6022, 16, 281.09, -102.29, 263, 256.16, 156.45
6023, 263, 256.16, 156.45, 9, 293.98, -58.45
6024, 9, 293.98, -58.45, 229, 83.38, 288.83
6025, 229, 83.38, 288.83, 82, -65.33, -292.26
6026, 82, -65.33, -292.26, 239, 143.55, 263.04
6027, 239, 143.55, 263.04, 141, -300.00, -18.91
6028, 141, -300.00, -18.91, 234, 114.33, 277.65
6029, 234, 114.33, 277.65, 90, -115.19, -276.79
6030, 90, -115.19, -276.79, 40, 192.55, -229.51
6031, 40, 192.55, -229.51, 4, 298.28, -25.79
6032, 4, 298.28, -25.79, 244, 171.92, 245.85
6033, 244, 171.92, 245.85, 160, -281.95, 103.15
6034, 160, -281.95, 103.15, 140, -299.14, -25.79
6035, 140, -299.14, -25.79, 216, -0.86, 300.00
6036, 216, -0.86, 300.00, 46, 160.74, -252.72
6037, 46, 160.74, -252.72, 158, -286.25, 90.26
6038, 158, -286.25, 90.26, 267, 269.05, 133.24
6039, 267, 269.05, 133.24, 242, 160.74, 253.58
6040, 242, 160.74, 253.58, 73, -6.88, -299.14
6041, 73, -6.88, -299.14, 228, 77.36, 290.54
6042, 228, 77.36, 290.54, 87, -97.13, -283.67
6043, 87, -97.13, -283.67, 179, -217.48, 208.02
6044, 179, -217.48, 208.02, 213, -19.77, 300.00
6045, 213, -19.77, 300.00, 164, -272.49, 127.22
6046, 164, -272.49, 127.22, 279, 293.98, 59.31
6047, 279, 293.98, 59.31, 200, -103.15, 281.95
6048, 200, -103.15, 281.95, 124, -272.49, -126.36
6049, 124, -272.49, -126.36, 208, -52.44, 295.70
6050, 208, -52.44, 295.70, 172, -245.85, 172.78
6051, 172, -245.85, 172.78, 231, 96.28, 284.53
6052, 231, 96.28, 284.53, 83, -71.35, -290.54
6053, 83, -71.35, -290.54, 238, 138.40, 266.48
6054, 238, 138.40, 266.48, 134, -293.12, -64.47
6055, 134, -293.12, -64.47, 193, -144.41, 263.04
6056, 193, -144.41, 263.04, 141, -300.00, -18.91
6057, 141, -300.00, -18.91, 183, -198.57, 226.07
6058, 183, -198.57, 226.07, 279, 293.98, 59.31
6059, 279, 293.98, 59.31, 251, 207.16, 217.48
6060, 251, 207.16, 217.48, 25, 256.16, -155.59
6061, 25, 256.16, -155.59, 152, -295.70, 52.44
6062, 152, -295.70, 52.44, 60, 77.36, -289.68
6063, 60, 77.36, -289.68, 18, 276.79, -114.33
6064, 18, 276.79, -114.33, 260, 244.99, 172.78
6065, 260, 244.99, 172.78, 10, 292.26, -64.47
6066, 10, 292.26, -64.47, 272, 281.09, 103.15
6067, 272, 281.09, 103.15, 101, -177.94, -241.55
6068, 101, -177.94, -241.55, 17, 279.37, -108.31
6069, 17, 279.37, -108.31, 242, 160.74, 253.58
6070, 242, 160.74, 253.58, 264, 259.60, 150.43
6071, 264, 259.60, 150.43, 218, 12.89, 300.00
6072, 218, 12.89, 300.00, 55, 108.31, -279.37
6073, 55, 108.31, -279.37, 262, 252.72, 161.60
6074, 262, 252.72, 161.60, 204, -78.22, 290.54
6075, 204, -78.22, 290.54, 256, 229.51, 193.41
6076, 256, 229.51, 193.41, 58, 89.40, -285.39
6077, 58, 89.40, -285.39, 210, -39.54, 298.28
6078, 210, -39.54, 298.28, 261, 249.28, 166.76
6079, 261, 249.28, 166.76, 193, -144.41, 263.04
6080, 193, -144.41, 263.04, 275, 287.97, 84.24
6081, 275, 287.97, 84.24, 129, -284.53, -96.28
6082, 129, -284.53, -96.28, 184, -193.41, 230.37
6083, 184, -193.41, 230.37, 140, -299.14, -25.79
6084, 140, -299.14, -25.79, 209, -46.42, 296.56
6085, 209, -46.42, 296.56, 158, -286.25, 90.26
6086, 158, -286.25, 90.26, 66, 38.68, -297.42
6087, 66, 38.68, -297.42, 281, 295.70, 46.42
6088, 281, 295.70, 46.42, 207, -59.31, 294.84
6089, 207, -59.31, 294.84, 6, 297.42, -38.68
6090, 6, 297.42, -38.68, 45, 165.90, -249.28
6091, 45, 165.90, -249.28, 158, -286.25, 90.26
6092, 158, -286.25, 90.26, 270, 276.79, 115.19
6093, 270, 276.79, 115.19, 154, -293.12, 65.33
6094, 154, -293.12, 65.33, 219, 18.91, 300.00
6095, 219, 18.91, 300.00, 65, 45.56, -295.70
6096, 65, 45.56, -295.70, 22, 265.62, -138.40
6097, 22, 265.62, -138.40, 269, 274.21, 121.20
6098, 269, 274.21, 121.20, 168, -260.46, 150.43
6099, 168, -260.46, 150.43, 282, 297.42, 39.54
6100, 282, 297.42, 39.54, 254, 220.92, 202.87
6101, 254, 220.92, 202.87, 201, -97.13, 284.53
6102, 201, -97.13, 284.53, 250, 202.01, 221.78
6103, 250, 202.01, 221.78, 29, 241.55, -177.08
6104, 29, 241.55, -177.08, 267, 269.05, 133.24
6105, 267, 269.05, 133.24, 109, -217.48, -207.16
6106, 109, -217.48, -207.16, 193, -144.41, 263.04
6107, 193, -144.41, 263.04, 139, -298.28, -31.81
6108, 139, -298.28, -31.81, 186, -183.09, 238.11
6109, 186, -183.09, 238.11, 161, -280.23, 109.17
6110, 161, -280.23, 109.17, 188, -172.78, 245.85
6111, 188, -172.78, 245.85, 52, 126.36, -271.63
6112, 52, 126.36, -271.63, 190, -161.60, 253.58
6113, 190, -161.60, 253.58, 257, 233.81, 188.25
6114, 257, 233.81, 188.25, 9, 293.98, -58.45
6115, 9, 293.98, -58.45, 273, 283.67, 97.13
6116, 273, 283.67, 97.13, 162, -277.65, 115.19
6117, 162, -277.65, 115.19, 71, 6.02, -299.14
6118, 71, 6.02, -299.14, 31, 233.81, -187.39
6119, 31, 233.81, -187.39, 268, 271.63, 127.22
6120, 268, 271.63, 127.22, 14, 285.39, -89.40
6121, 14, 285.39, -89.40, 237, 132.38, 269.91
6122, 237, 132.38, 269.91, 177, -226.07, 198.57
6123, 177, -226.07, 198.57, 141, -300.00, -18.91
6124, 141, -300.00, -18.91, 236, 126.36, 272.49
6125, 236, 126.36, 272.49, 190, -161.60, 253.58
6126, 190, -161.60, 253.58, 113, -234.67, -187.39
6127, 113, -234.67, -187.39, 47, 155.59, -256.16
6128, 47, 155.59, -256.16, 187, -177.94, 242.41
6129, 187, -177.94, 242.41, 248, 192.55, 230.37
6130, 248, 192.55, 230.37, 223, 45.56, 296.56
6131, 223, 45.56, 296.56, 174, -238.11, 183.09
6132, 174, -238.11, 183.09, 210, -39.54, 298.28
6133, 210, -39.54, 298.28, 0, 300.00, -0.00
6134, 0, 300.00, -0.00, 261, 249.28, 166.76
6135, 261, 249.28, 166.76, 198, -115.19, 277.65
6136, 198, -115.19, 277.65, 55, 108.31, -279.37
6137, 55, 108.31, -279.37, 242, 160.74, 253.58
6138, 242, 160.74, 253.58, 183, -198.57, 226.07
6139, 183, -198.57, 226.07, 217, 6.02, 300.00
6140, 217, 6.02, 300.00, 62, 64.47, -292.26
6141, 62, 64.47, -292.26, 238, 138.40, 266.48
6142, 238, 138.40, 266.48, 82, -65.33, -292.26
6143, 82, -65.33, -292.26, 170, -253.58, 161.60
6144, 170, -253.58, 161.60, 69, 18.91, -299.14
6145, 69, 18.91, -299.14, 33, 225.21, -197.71
6146, 33, 225.21, -197.71, 276, 289.68, 78.22
6147, 276, 289.68, 78.22, 161, -280.23, 109.17
6148, 161, -280.23, 109.17, 241, 155.59, 257.02
6149, 241, 155.59, 257.02, 142, -300.00, -12.89
6150, 142, -300.00, -12.89, 279, 293.98, 59.31
6151, 279, 293.98, 59.31, 221, 31.81, 298.28
6152, 221, 31.81, 298.28, 181, -208.02, 217.48
6153, 181, -208.02, 217.48, 144, -300.00, -0.00
6154, 144, -300.00, -0.00, 234, 114.33, 277.65
6155, 234, 114.33, 277.65, 12, 289.68, -77.36
6156, 12, 289.68, -77.36, 253, 216.62, 208.02
6157, 253, 216.62, 208.02, 18, 276.79, -114.33
6158, 18, 276.79, -114.33, 242, 160.74, 253.58
6159, 242, 160.74, 253.58, 216, -0.86, 300.00
6160, 216, -0.86, 300.00, 158, -286.25, 90.26
6161, 158, -286.25, 90.26, 228, 77.36, 290.54
6162, 228, 77.36, 290.54, 190, -161.60, 253.58
6163, 190, -161.60, 253.58, 254, 220.92, 202.87
6164, 254, 220.92, 202.87, 213, -19.77, 300.00
6165, 213, -19.77, 300.00, 254, 220.92, 202.87
6166, 254, 220.92, 202.87, 57, 96.28, -283.67
6167, 57, 96.28, -283.67, 226, 64.47, 293.12
6168, 226, 64.47, 293.12, 171, -250.14, 166.76
6169, 171, -250.14, 166.76, 144, -300.00, -0.00
6170, 144, -300.00, -0.00, 280, 294.84, 52.44
6171, 280, 294.84, 52.44, 163, -275.07, 121.20
6172, 163, -275.07, 121.20, 188, -172.78, 245.85
6173, 188, -172.78, 245.85, 123, -269.91, -132.38
6174, 123, -269.91, -132.38, 197, -121.20, 275.07
6175, 197, -121.20, 275.07, 258, 237.25, 183.09
6176, 258, 237.25, 183.09, 16, 281.09, -102.29
6177, 16, 281.09, -102.29, 278, 292.26, 65.33
6178, 278, 292.26, 65.33, 232, 102.29, 281.95
6179, 232, 102.29, 281.95, 76, -26.65, -298.28
6180, 76, -26.65, -298.28, 224, 51.58, 295.70
6181, 224, 51.58, 295.70, 166, -266.48, 139.26
6182, 166, -266.48, 139.26, 227, 70.49, 291.40
6183, 227, 70.49, 291.40, 175, -234.67, 188.25
6184, 175, -234.67, 188.25, 196, -127.22, 272.49
6185, 196, -127.22, 272.49, 220, 25.79, 299.14
6186, 220, 25.79, 299.14, 64, 51.58, -294.84
6187, 64, 51.58, -294.84, 173, -242.41, 177.94
6188, 173, -242.41, 177.94, 282, 297.42, 39.54
6189, 282, 297.42, 39.54, 42, 182.23, -237.25
6190, 42, 182.23, -237.25, 5, 297.42, -31.81
6191, 5, 297.42, -31.81, 202, -90.26, 286.25
6192, 202, -90.26, 286.25, 248, 192.55, 230.37
6193, 248, 192.55, 230.37, 138, -298.28, -38.68
6194, 138, -298.28, -38.68, 199, -109.17, 280.23
6195, 199, -109.17, 280.23, 10, 292.26, -64.47
6196, 10, 292.26, -64.47, 254, 220.92, 202.87
6197, 254, 220.92, 202.87, 65, 45.56, -295.70
6198, 65, 45.56, -295.70, 185, -188.25, 234.67
6199, 185, -188.25, 234.67, 223, 45.56, 296.56
6200, 223, 45.56, 296.56, 2, 299.14, -12.89
6201, 2, 299.14, -12.89, 200, -103.15, 281.95
6202, 200, -103.15, 281.95, 133, -291.40, -70.49
6203, 133, -291.40, -70.49, 204, -78.22, 290.54
6204, 204, -78.22, 290.54, 148, -299.14, 26.65
6205, 148, -299.14, 26.65, 35, 216.62, -207.16
6206, 35, 216.62, -207.16, 272, 281.09, 103.15
6207, 272, 281.09, 103.15, 114, -238.11, -182.23
6208, 114, -238.11, -182.23, 276, 289.68, 78.22
6209, 276, 289.68, 78.22, 217, 6.02, 300.00
6210, 217, 6.02, 300.00, 56, 102.29, -281.09
6211, 56, 102.29, -281.09, 130, -286.25, -89.40
6212, 130, -286.25, -89.40, 183, -198.57, 226.07
6213, 183, -198.57, 226.07, 247, 187.39, 234.67
6214, 247, 187.39, 234.67, 163, -275.07, 121.20
6215, 163, -275.07, 121.20, 224, 51.58, 295.70
6216, 224, 51.58, 295.70, 269, 274.21, 121.20
6217, 269, 274.21, 121.20, 153, -294.84, 59.31
6218, 153, -294.84, 59.31, 56, 102.29, -281.09
6219, 56, 102.29, -281.09, 261, 249.28, 166.76
6220, 261, 249.28, 166.76, 15, 283.67, -96.28
6221, 15, 283.67, -96.28, 55, 108.31, -279.37
6222, 55, 108.31, -279.37, 157, -288.83, 84.24
6223, 157, -288.83, 84.24, 199, -109.17, 280.23
6224, 199, -109.17, 280.23, 250, 202.01, 221.78
6225, 250, 202.01, 221.78, 149, -298.28, 32.66
6226, 149, -298.28, 32.66, 262, 252.72, 161.60
6227, 262, 252.72, 161.60, 8, 294.84, -51.58
6228, 8, 294.84, -51.58, 270, 276.79, 115.19
6229, 270, 276.79, 115.19, 192, -150.43, 260.46
6230, 192, -150.43, 260.46, 111, -226.07, -197.71
6231, 111, -226.07, -197.71, 48, 149.57, -259.60
6232, 48, 149.57, -259.60, 151, -296.56, 46.42
6233, 151, -296.56, 46.42, 245, 177.08, 242.41
6234, 245, 177.08, 242.41, 157, -288.83, 84.24
6235, 157, -288.83, 84.24, 71, 6.02, -299.14
6236, 71, 6.02, -299.14, 27, 249.28, -165.90
6237, 27, 249.28, -165.90, 275, 287.97, 84.24
6238, 275, 287.97, 84.24, 39, 197.71, -225.21
6239, 39, 197.71, -225.21, 285, 299.14, 19.77
6240, 285, 299.14, 19.77, 199, -109.17, 280.23
6241, 199, -109.17, 280.23, 110, -221.78, -202.01
6242, 110, -221.78, -202.01, 50, 138.40, -265.62
6243, 50, 138.40, -265.62, 88, -103.15, -281.09
6244, 88, -103.15, -281.09, 242, 160.74, 253.58
6245, 242, 160.74, 253.58, 89, -109.17, -279.37
6246, 89, -109.17, -279.37, 34, 220.92, -202.01
6247, 34, 220.92, -202.01, 271, 279.37, 109.17
6248, 271, 279.37, 109.17, 117, -250.14, -165.90
6249, 117, -250.14, -165.90, 45, 165.90, -249.28
6250, 45, 165.90, -249.28, 282, 297.42, 39.54
6251, 282, 297.42, 39.54, 17, 279.37, -108.31
6252, 17, 279.37, -108.31, 120, -260.46, -149.57
6253, 120, -260.46, -149.57, 199, -109.17, 280.23
6254, 199, -109.17, 280.23, 256, 229.51, 193.41
6255, 256, 229.51, 193.41, 176, -230.37, 193.41
6256, 176, -230.37, 193.41, 283, 297.42, 32.66
6257, 283, 297.42, 32.66, 200, -103.15, 281.95
6258, 200, -103.15, 281.95, 142, -300.00, -12.89
6259, 142, -300.00, -12.89, 237, 132.38, 269.91
6260, 237, 132.38, 269.91, 166, -266.48, 139.26
6261, 166, -266.48, 139.26, 73, -6.88, -299.14
6262, 73, -6.88, -299.14, 24, 259.60, -149.57
6263, 24, 259.60, -149.57, 187, -177.94, 242.41
6264, 187, -177.94, 242.41, 225, 58.45, 294.84
6265, 225, 58.45, 294.84, 252, 211.46, 212.32
6266, 252, 211.46, 212.32, 279, 293.98, 59.31
6267, 279, 293.98, 59.31, 257, 233.81, 188.25
6268, 257, 233.81, 188.25, 6, 297.42, -38.68
6269, 6, 297.42, -38.68, 248, 192.55, 230.37
6270, 248, 192.55, 230.37, 151, -296.56, 46.42
6271, 151, -296.56, 46.42, 60, 77.36, -289.68
6272, 60, 77.36, -289.68, 33, 225.21, -197.71
6273, 33, 225.21, -197.71, 228, 77.36, 290.54
6274, 228, 77.36, 290.54, 165, -269.91, 133.24
6275, 165, -269.91, 133.24, 78, -39.54, -297.42
6276, 78, -39.54, -297.42, 235, 120.34, 275.07
6277, 235, 120.34, 275.07, 206, -65.33, 293.12
6278, 206, -65.33, 293.12, 60, 77.36, -289.68
6279, 60, 77.36, -289.68, 217, 6.02, 300.00
6280, 217, 6.02, 300.00, 155, -291.40, 71.35
6281, 155, -291.40, 71.35, 248, 192.55, 230.37
6282, 248, 192.55, 230.37, 200, -103.15, 281.95
6283, 200, -103.15, 281.95, 169, -257.02, 156.45
6284, 169, -257.02, 156.45, 84, -78.22, -289.68
6285, 84, -78.22, -289.68, 237, 132.38, 269.91
6286, 237, 132.38, 269.91, 271, 279.37, 109.17
6287, 271, 279.37, 109.17, 225, 58.45, 294.84
6288, 225, 58.45, 294.84, 187, -177.94, 242.41
6289, 187, -177.94, 242.41, 125, -275.07, -120.34
6290, 125, -275.07, -120.34, 199, -109.17, 280.23
6291, 199, -109.17, 280.23, 272, 281.09, 103.15
6292, 272, 281.09, 103.15, 246, 182.23, 238.11
6293, 246, 182.23, 238.11, 15, 283.67, -96.28
6294, 15, 283.67, -96.28, 46, 160.74, -252.72
6295, 46, 160.74, -252.72, 219, 18.91, 300.00
6296, 219, 18.91, 300.00, 167, -263.04, 144.41
6297, 167, -263.04, 144.41, 223, 45.56, 296.56
6298, 223, 45.56, 296.56, 253, 216.62, 208.02
6299, 253, 216.62, 208.02, 194, -139.26, 266.48
6300, 194, -139.26, 266.48, 286, 299.14, 13.75
6301, 286, 299.14, 13.75, 105, -198.57, -225.21
6302, 105, -198.57, -225.21, 271, 279.37, 109.17
6303, 271, 279.37, 109.17, 144, -300.00, -0.00
6304, 144, -300.00, -0.00, 263, 256.16, 156.45
6305, 263, 256.16, 156.45, 284, 298.28, 26.65
6306, 284, 298.28, 26.65, 16, 281.09, -102.29
6307, 16, 281.09, -102.29, 60, 77.36, -289.68
6308, 60, 77.36, -289.68, 21, 269.05, -132.38
6309, 21, 269.05, -132.38, 181, -208.02, 217.48
6310, 181, -208.02, 217.48, 278, 292.26, 65.33
6311, 278, 292.26, 65.33, 234, 114.33, 277.65
6312, 234, 114.33, 277.65, 212, -26.65, 299.14
6313, 212, -26.65, 299.14, 150, -298.28, 39.54
6314, 150, -298.28, 39.54, 261, 249.28, 166.76
6315, 261, 249.28, 166.76, 203, -84.24, 288.83
6316, 203, -84.24, 288.83, 247, 187.39, 234.67
6317, 247, 187.39, 234.67, 139, -298.28, -31.81
6318, 139, -298.28, -31.81, 197, -121.20, 275.07
6319, 197, -121.20, 275.07, 278, 292.26, 65.33
6320, 278, 292.26, 65.33, 250, 202.01, 221.78
6321, 250, 202.01, 221.78, 150, -298.28, 39.54
6322, 150, -298.28, 39.54, 40, 192.55, -229.51
6323, 40, 192.55, -229.51, 121, -263.04, -143.55
6324, 121, -263.04, -143.55, 198, -115.19, 277.65
6325, 198, -115.19, 277.65, 148, -299.14, 26.65
6326, 148, -299.14, 26.65, 286, 299.14, 13.75
6327, 286, 299.14, 13.75, 24, 259.60, -149.57
6328, 24, 259.60, -149.57, 110, -221.78, -202.01
6329, 110, -221.78, -202.01, 268, 271.63, 127.22
6330, 268, 271.63, 127.22, 193, -144.41, 263.04
6331, 193, -144.41, 263.04, 129, -284.53, -96.28
6332, 129, -284.53, -96.28, 55, 108.31, -279.37
6333, 55, 108.31, -279.37, 191, -156.45, 257.02
6334, 191, -156.45, 257.02, 53, 120.34, -274.21
6335, 53, 120.34, -274.21, 137, -296.56, -45.56
6336, 137, -296.56, -45.56, 206, -65.33, 293.12
6337, 206, -65.33, 293.12, 264, 259.60, 150.43
6338, 264, 259.60, 150.43, 101, -177.94, -241.55
6339, 101, -177.94, -241.55, 44, 171.92, -244.99
6340, 44, 171.92, -244.99, 160, -281.95, 103.15
6341, 160, -281.95, 103.15, 77, -32.66, -297.42
6342, 77, -32.66, -297.42, 253, 216.62, 208.02
6343, 253, 216.62, 208.02, 155, -291.40, 71.35
6344, 155, -291.40, 71.35, 210, -39.54, 298.28
6345, 210, -39.54, 298.28, 238, 138.40, 266.48
6346, 238, 138.40, 266.48, 158, -286.25, 90.26
6347, 158, -286.25, 90.26, 80, -52.44, -294.84
6348, 80, -52.44, -294.84, 258, 237.25, 183.09
6349, 258, 237.25, 183.09, 189, -166.76, 250.14
6350, 189, -166.76, 250.14, 50, 138.40, -265.62
6351, 50, 138.40, -265.62, 7, 295.70, -45.56
6352, 7, 295.70, -45.56, 264, 259.60, 150.43
6353, 264, 259.60, 150.43, 24, 259.60, -149.57
6354, 24, 259.60, -149.57, 70, 12.89, -299.14
6355, 70, 12.89, -299.14, 31, 233.81, -187.39
6356, 31, 233.81, -187.39, 274, 285.39, 90.26
6357, 274, 285.39, 90.26, 166, -266.48, 139.26
6358, 166, -266.48, 139.26, 243, 165.90, 250.14
6359, 243, 165.90, 250.14, 211, -32.66, 298.28
6360, 211, -32.66, 298.28, 154, -293.12, 65.33
6361, 154, -293.12, 65.33, 244, 171.92, 245.85
6362, 244, 171.92, 245.85, 141, -300.00, -18.91
6363, 141, -300.00, -18.91, 192, -150.43, 260.46
6364, 192, -150.43, 260.46, 233, 108.31, 280.23
6365, 233, 108.31, 280.23, 157, -288.83, 84.24
6366, 157, -288.83, 84.24, 239, 143.55, 263.04
6367, 239, 143.55, 263.04, 179, -217.48, 208.02
6368, 179, -217.48, 208.02, 287, 299.14, 6.88
6369, 287, 299.14, 6.88, 241, 155.59, 257.02
6370, 241, 155.59, 257.02, 148, -299.14, 26.65
6371, 148, -299.14, 26.65, 200, -103.15, 281.95
6372, 200, -103.15, 281.95, 9, 293.98, -58.45
6373, 9, 293.98, -58.45, 52, 126.36, -271.63
6374, 52, 126.36, -271.63, 161, -280.23, 109.17
6375, 161, -280.23, 109.17, 249, 197.71, 226.07
6376, 249, 197.71, 226.07, 153, -294.84, 59.31
6377, 153, -294.84, 59.31, 196, -127.22, 272.49
6378, 196, -127.22, 272.49, 275, 287.97, 84.24
6379, 275, 287.97, 84.24, 35, 216.62, -207.16
6380, 35, 216.62, -207.16, 62, 64.47, -292.26
6381, 62, 64.47, -292.26, 208, -52.44, 295.70
6382, 208, -52.44, 295.70, 232, 102.29, 281.95
6383, 232, 102.29, 281.95, 21, 269.05, -132.38
6384, 21, 269.05, -132.38, 273, 283.67, 97.13
6385, 273, 283.67, 97.13, 36, 211.46, -211.46
6386, 36, 211.46, -211.46, 1, 299.14, -6.02
6387, 1, 299.14, -6.02, 242, 160.74, 253.58
6388, 242, 160.74, 253.58, 22, 265.62, -138.40
6389, 22, 265.62, -138.40, 145, -300.00, 6.88
6390, 145, -300.00, 6.88, 180, -212.32, 212.32
6391, 180, -212.32, 212.32, 150, -298.28, 39.54
6392, 150, -298.28, 39.54, 173, -242.41, 177.94
6393, 173, -242.41, 177.94, 216, -0.86, 300.00
6394, 216, -0.86, 300.00, 248, 192.55, 230.37
6395, 248, 192.55, 230.37, 165, -269.91, 133.24
6396, 165, -269.91, 133.24, 278, 292.26, 65.33
6397, 278, 292.26, 65.33, 30, 237.25, -182.23
6398, 30, 237.25, -182.23, 239, 143.55, 263.04
6399, 239, 143.55, 263.04, 61, 70.49, -290.54
6400, 61, 70.49, -290.54, 212, -26.65, 299.14
6401, 212, -26.65, 299.14, 49, 143.55, -262.18
6402, 49, 143.55, -262.18, 189, -166.76, 250.14
6403, 189, -166.76, 250.14, 252, 211.46, 212.32
6404, 252, 211.46, 212.32, 50, 138.40, -265.62
6405, 50, 138.40, -265.62, 224, 51.58, 295.70
6406, 224, 51.58, 295.70, 10, 292.26, -64.47
6407, 10, 292.26, -64.47, 203, -84.24, 288.83
6408, 203, -84.24, 288.83, 139, -298.28, -31.81
6409, 139, -298.28, -31.81, 209, -46.42, 296.56
6410, 209, -46.42, 296.56, 265, 262.18, 144.41
6411, 265, 262.18, 144.41, 145, -300.00, 6.88
6412, 145, -300.00, 6.88, 187, -177.94, 242.41
6413, 187, -177.94, 242.41, 138, -298.28, -38.68
6414, 138, -298.28, -38.68, 204, -78.22, 290.54
6415, 204, -78.22, 290.54, 232, 102.29, 281.95
6416, 232, 102.29, 281.95, 178, -221.78, 202.87
6417, 178, -221.78, 202.87, 152, -295.70, 52.44
6418, 152, -295.70, 52.44, 59, 83.38, -287.97
6419, 59, 83.38, -287.97, 208, -52.44, 295.70
6420, 208, -52.44, 295.70, 245, 177.08, 242.41
6421, 245, 177.08, 242.41, 182, -202.87, 221.78
6422, 182, -202.87, 221.78, 232, 102.29, 281.95
6423, 232, 102.29, 281.95, 91, -121.20, -274.21
6424, 91, -121.20, -274.21, 39, 197.71, -225.21
6425, 39, 197.71, -225.21, 246, 182.23, 238.11
6426, 246, 182.23, 238.11, 166, -266.48, 139.26
6427, 166, -266.48, 139.26, 189, -166.76, 250.14
6428, 189, -166.76, 250.14, 47, 155.59, -256.16
6429, 47, 155.59, -256.16, 173, -242.41, 177.94
6430, 173, -242.41, 177.94, 234, 114.33, 277.65
6431, 234, 114.33, 277.65, 171, -250.14, 166.76
6432, 171, -250.14, 166.76, 77, -32.66, -297.42
6433, 77, -32.66, -297.42, 28, 244.99, -171.92
6434, 28, 244.99, -171.92, 266, 265.62, 139.26
6435, 266, 265.62, 139.26, 230, 89.40, 286.25
6436, 230, 89.40, 286.25, 17, 279.37, -108.31
6437, 17, 279.37, -108.31, 235, 120.34, 275.07
6438, 235, 120.34, 275.07, 273, 283.67, 97.13
6439, 273, 283.67, 97.13, 110, -221.78, -202.01
6440, 110, -221.78, -202.01, 195, -133.24, 269.91
6441, 195, -133.24, 269.91, 274, 285.39, 90.26
6442, 274, 285.39, 90.26, 199, -109.17, 280.23
6443, 199, -109.17, 280.23, 134, -293.12, -64.47
6444, 134, -293.12, -64.47, 43, 177.08, -241.55
6445, 43, 177.08, -241.55, 287, 299.14, 6.88
6446, 287, 299.14, 6.88, 172, -245.85, 172.78
6447, 172, -245.85, 172.78, 221, 31.81, 298.28
6448, 221, 31.81, 298.28, 66, 38.68, -297.42
6449, 66, 38.68, -297.42, 27, 249.28, -165.90
6450, 27, 249.28, -165.90, 271, 279.37, 109.17
6451, 271, 279.37, 109.17, 68, 25.79, -298.28
6452, 68, 25.79, -298.28, 163, -275.07, 121.20
6453, 163, -275.07, 121.20, 81, -59.31, -293.98
6454, 81, -59.31, -293.98, 174, -238.11, 183.09
6455, 174, -238.11, 183.09, 238, 138.40, 266.48
6456, 238, 138.40, 266.48, 212, -26.65, 299.14
6457, 212, -26.65, 299.14, 58, 89.40, -285.39
6458, 58, 89.40, -285.39, 220, 25.79, 299.14
6459, 220, 25.79, 299.14, 169, -257.02, 156.45
6460, 169, -257.02, 156.45, 2, 299.14, -12.89
6461, 2, 299.14, -12.89, 227, 70.49, 291.40
6462, 227, 70.49, 291.40, 207, -59.31, 294.84
6463, 207, -59.31, 294.84, 155, -291.40, 71.35
6464, 155, -291.40, 71.35, 49, 143.55, -262.18
6465, 49, 143.55, -262.18, 8, 294.84, -51.58
6466, 8, 294.84, -51.58, 254, 220.92, 202.87
6467, 254, 220.92, 202.87, 16, 281.09, -102.29
6468, 16, 281.09, -102.29, 235, 120.34, 275.07
6469, 235, 120.34, 275.07, 172, -245.85, 172.78
6470, 172, -245.85, 172.78, 92, -127.22, -271.63
6471, 92, -127.22, -271.63, 249, 197.71, 226.07
6472, 249, 197.71, 226.07, 144, -300.00, -0.00
6473, 144, -300.00, -0.00, 222, 38.68, 298.28
6474, 222, 38.68, 298.28, 64, 51.58, -294.84
6475, 64, 51.58, -294.84, 249, 197.71, 226.07
6476, 249, 197.71, 226.07, 19, 274.21, -120.34
6477, 19, 274.21, -120.34, 172, -245.85, 172.78
6478, 172, -245.85, 172.78, 82, -65.33, -292.26
6479, 82, -65.33, -292.26, 28, 244.99, -171.92
6480, 28, 244.99, -171.92, 0, 300.00, -0.00
6481, 0, 300.00, -0.00, 204, -78.22, 290.54
6482, 204, -78.22, 290.54, 262, 252.72, 161.60
6483, 262, 252.72, 161.60, 140, -299.14, -25.79
6484, 140, -299.14, -25.79, 246, 182.23, 238.11
6485, 246, 182.23, 238.11, 210, -39.54, 298.28
6486, 210, -39.54, 298.28, 6, 297.42, -38.68
6487, 6, 297.42, -38.68, 156, -290.54, 78.22
6488, 156, -290.54, 78.22, 218, 12.89, 300.00
6489, 218, 12.89, 300.00, 59, 83.38, -287.97
6490, 59, 83.38, -287.97, 251, 207.16, 217.48
6491, 251, 207.16, 217.48, 97, -156.45, -256.16
6492, 97, -156.45, -256.16, 178, -221.78, 202.87
6493, 178, -221.78, 202.87, 215, -6.88, 300.00
6494, 215, -6.88, 300.00, 59, 83.38, -287.97
6495, 59, 83.38, -287.97, 18, 276.79, -114.33
6496, 18, 276.79, -114.33, 165, -269.91, 133.24
6497, 165, -269.91, 133.24, 276, 289.68, 78.22
6498, 276, 289.68, 78.22, 194, -139.26, 266.48
6499, 194, -139.26, 266.48, 122, -266.48, -138.40
6500, 122, -266.48, -138.40, 36, 211.46, -211.46
6501, 36, 211.46, -211.46, 69, 18.91, -299.14
6502, 69, 18.91, -299.14, 280, 294.84, 52.44
6503, 280, 294.84, 52.44, 142, -300.00, -12.89
6504, 142, -300.00, -12.89, 14, 285.39, -89.40
6505, 14, 285.39, -89.40, 264, 259.60, 150.43
6506, 264, 259.60, 150.43, 202, -90.26, 286.25
6507, 202, -90.26, 286.25, 141, -300.00, -18.91
6508, 141, -300.00, -18.91, 172, -245.85, 172.78
6509, 172, -245.85, 172.78, 229, 83.38, 288.83
6510, 229, 83.38, 288.83, 191, -156.45, 257.02
6511, 191, -156.45, 257.02, 125, -275.07, -120.34
6512, 125, -275.07, -120.34, 193, -144.41, 263.04
6513, 193, -144.41, 263.04, 159, -284.53, 97.13
6514, 159, -284.53, 97.13, 278, 292.26, 65.33
6515, 278, 292.26, 65.33, 37, 207.16, -216.62
6516, 37, 207.16, -216.62, 75, -19.77, -299.14
6517, 75, -19.77, -299.14, 31, 233.81, -187.39
6518, 31, 233.81, -187.39, 3, 299.14, -18.91
6519, 3, 299.14, -18.91, 196, -127.22, 272.49
6520, 196, -127.22, 272.49, 260, 244.99, 172.78
6521, 260, 244.99, 172.78, 11, 290.54, -70.49
6522, 11, 290.54, -70.49, 198, -115.19, 277.65
6523, 198, -115.19, 277.65, 53, 120.34, -274.21
6524, 53, 120.34, -274.21, 223, 45.56, 296.56
6525, 223, 45.56, 296.56, 54, 114.33, -276.79
6526, 54, 114.33, -276.79, 229, 83.38, 288.83
6527, 229, 83.38, 288.83, 266, 265.62, 139.26
6528, 266, 265.62, 139.26, 100, -172.78, -244.99
6529, 100, -172.78, -244.99, 45, 165.90, -249.28
6530, 45, 165.90, -249.28, 156, -290.54, 78.22
6531, 156, -290.54, 78.22, 253, 216.62, 208.02
6532, 253, 216.62, 208.02, 163, -275.07, 121.20
6533, 163, -275.07, 121.20, 188, -172.78, 245.85
6534, 188, -172.78, 245.85, 214, -13.75, 300.00
6535, 214, -13.75, 300.00, 140, -299.14, -25.79
6536, 140, -299.14, -25.79, 267, 269.05, 133.24
6537, 267, 269.05, 133.24, 202, -90.26, 286.25
6538, 202, -90.26, 286.25, 144, -300.00, -0.00
6539, 144, -300.00, -0.00, 189, -166.76, 250.14
6540, 189, -166.76, 250.14, 131, -288.83, -83.38
6541, 131, -288.83, -83.38, 192, -150.43, 260.46
6542, 192, -150.43, 260.46, 52, 126.36, -271.63
6543, 52, 126.36, -271.63, 187, -177.94, 242.41
6544, 187, -177.94, 242.41, 256, 229.51, 193.41
6545, 256, 229.51, 193.41, 187, -177.94, 242.41
6546, 187, -177.94, 242.41, 257, 233.81, 188.25
6547, 257, 233.81, 188.25, 207, -59.31, 294.84
6548, 207, -59.31, 294.84, 234, 114.33, 277.65
6549, 234, 114.33, 277.65, 80, -52.44, -294.84
6550, 80, -52.44, -294.84, 168, -260.46, 150.43
6551, 168, -260.46, 150.43, 86, -90.26, -285.39
6552, 86, -90.26, -285.39, 230, 89.40, 286.25
6553, 230, 89.40, 286.25, 278, 292.26, 65.33
6554, 278, 292.26, 65.33, 23, 262.18, -143.55
6555, 23, 262.18, -143.55, 60, 77.36, -289.68
6556, 60, 77.36, -289.68, 158, -286.25, 90.26
6557, 158, -286.25, 90.26, 212, -26.65, 299.14
6558, 212, -26.65, 299.14, 280, 294.84, 52.44
6559, 280, 294.84, 52.44, 231, 96.28, 284.53
6560, 231, 96.28, 284.53, 56, 102.29, -281.09
6561, 56, 102.29, -281.09, 194, -139.26, 266.48
6562, 194, -139.26, 266.48, 107, -208.02, -216.62
6563, 107, -208.02, -216.62, 192, -150.43, 260.46
6564, 192, -150.43, 260.46, 113, -234.67, -187.39
6565, 113, -234.67, -187.39, 273, 283.67, 97.13
6566, 273, 283.67, 97.13, 236, 126.36, 272.49
6567, 236, 126.36, 272.49, 203, -84.24, 288.83
6568, 203, -84.24, 288.83, 4, 298.28, -25.79
6569, 4, 298.28, -25.79, 48, 149.57, -259.60
6570, 48, 149.57, -259.60, 186, -183.09, 238.11
6571, 186, -183.09, 238.11, 259, 241.55, 177.94
6572, 259, 241.55, 177.94, 206, -65.33, 293.12
6573, 206, -65.33, 293.12, 14, 285.39, -89.40
6574, 14, 285.39, -89.40, 113, -234.67, -187.39
6575, 113, -234.67, -187.39, 187, -177.94, 242.41
6576, 187, -177.94, 242.41, 224, 51.58, 295.70
6577, 224, 51.58, 295.70, 247, 187.39, 234.67
6578, 247, 187.39, 234.67, 94, -139.26, -265.62
6579, 94, -139.26, -265.62, 248, 192.55, 230.37
6580, 248, 192.55, 230.37, 17, 279.37, -108.31
6581, 17, 279.37, -108.31, 241, 155.59, 257.02
6582, 241, 155.59, 257.02, 279, 293.98, 59.31
6583, 279, 293.98, 59.31, 12, 289.68, -77.36
6584, 12, 289.68, -77.36, 227, 70.49, 291.40
6585, 227, 70.49, 291.40, 71, 6.02, -299.14
6586, 71, 6.02, -299.14, 35, 216.62, -207.16
6587, 35, 216.62, -207.16, 63, 58.45, -293.98
6588, 63, 58.45, -293.98, 259, 241.55, 177.94
6589, 259, 241.55, 177.94, 215, -6.88, 300.00
6590, 215, -6.88, 300.00, 249, 197.71, 226.07
6591, 249, 197.71, 226.07, 141, -300.00, -18.91
6592, 141, -300.00, -18.91, 243, 165.90, 250.14
6593, 243, 165.90, 250.14, 198, -115.19, 277.65
6594, 198, -115.19, 277.65, 138, -298.28, -38.68
6595, 138, -298.28, -38.68, 240, 149.57, 260.46
6596, 240, 149.57, 260.46, 206, -65.33, 293.12
6597, 206, -65.33, 293.12, 181, -208.02, 217.48
6598, 181, -208.02, 217.48, 126, -277.65, -114.33
6599, 126, -277.65, -114.33, 196, -127.22, 272.49
6600, 196, -127.22, 272.49, 282, 297.42, 39.54
6601, 282, 297.42, 39.54, 69, 18.91, -299.14
6602, 69, 18.91, -299.14, 37, 207.16, -216.62
6603, 37, 207.16, -216.62, 274, 285.39, 90.26
6604, 274, 285.39, 90.26, 26, 252.72, -160.74
6605, 26, 252.72, -160.74, 190, -161.60, 253.58
6606, 190, -161.60, 253.58, 143, -300.00, -6.02
6607, 143, -300.00, -6.02, 207, -59.31, 294.84
6608, 207, -59.31, 294.84, 7, 295.70, -45.56
6609, 7, 295.70, -45.56, 206, -65.33, 293.12
6610, 206, -65.33, 293.12, 255, 225.21, 198.57
6611, 255, 225.21, 198.57, 78, -39.54, -297.42
6612, 78, -39.54, -297.42, 27, 249.28, -165.90
6613, 27, 249.28, -165.90, 269, 274.21, 121.20
6614, 269, 274.21, 121.20, 198, -115.19, 277.65
6615, 198, -115.19, 277.65, 252, 211.46, 212.32
6616, 252, 211.46, 212.32, 211, -32.66, 298.28
6617, 211, -32.66, 298.28, 149, -298.28, 32.66
6618, 149, -298.28, 32.66, 237, 132.38, 269.91
6619, 237, 132.38, 269.91, 82, -65.33, -292.26
6620, 82, -65.33, -292.26, 259, 241.55, 177.94
6621, 259, 241.55, 177.94, 221, 31.81, 298.28
6622, 221, 31.81, 298.28, 194, -139.26, 266.48
6623, 194, -139.26, 266.48, 141, -300.00, -18.91
6624, 141, -300.00, -18.91, 182, -202.87, 221.78
6625, 182, -202.87, 221.78, 147, -300.00, 19.77
6626, 147, -300.00, 19.77, 31, 233.81, -187.39
6627, 31, 233.81, -187.39, 255, 225.21, 198.57
6628, 255, 225.21, 198.57, 201, -97.13, 284.53
6629, 201, -97.13, 284.53, 229, 83.38, 288.83
6630, 229, 83.38, 288.83, 188, -172.78, 245.85
6631, 188, -172.78, 245.85, 140, -299.14, -25.79
6632, 140, -299.14, -25.79, 186, -183.09, 238.11
6633, 186, -183.09, 238.11, 114, -238.11, -182.23
6634, 114, -238.11, -182.23, 44, 171.92, -244.99
6635, 44, 171.92, -244.99, 20, 271.63, -126.36
6636, 20, 271.63, -126.36, 249, 197.71, 226.07
6637, 249, 197.71, 226.07, 61, 70.49, -290.54
6638, 61, 70.49, -290.54, 219, 18.91, 300.00
6639, 219, 18.91, 300.00, 159, -284.53, 97.13
6640, 159, -284.53, 97.13, 70, 12.89, -299.14
6641, 70, 12.89, -299.14, 25, 256.16, -155.59
6642, 25, 256.16, -155.59, 284, 298.28, 26.65
6643, 284, 298.28, 26.65, 163, -275.07, 121.20
6644, 163, -275.07, 121.20, 195, -133.24, 269.91
6645, 195, -133.24, 269.91, 241, 155.59, 257.02
6646, 241, 155.59, 257.02, 12, 289.68, -77.36
6647, 12, 289.68, -77.36, 47, 155.59, -256.16
6648, 47, 155.59, -256.16, 153, -294.84, 59.31
6649, 153, -294.84, 59.31, 215, -6.88, 300.00
6650, 215, -6.88, 300.00, 168, -260.46, 150.43
6651, 168, -260.46, 150.43, 142, -300.00, -12.89
6652, 142, -300.00, -12.89, 274, 285.39, 90.26
6653, 274, 285.39, 90.26, 34, 220.92, -202.01
6654, 34, 220.92, -202.01, 3, 299.14, -18.91
6655, 3, 299.14, -18.91, 201, -97.13, 284.53
6656, 201, -97.13, 284.53, 240, 149.57, 260.46
6657, 240, 149.57, 260.46, 22, 265.62, -138.40
6658, 22, 265.62, -138.40, 262, 252.72, 161.60
6659, 262, 252.72, 161.60, 220, 25.79, 299.14
6660, 220, 25.79, 299.14, 240, 149.57, 260.46
6661, 240, 149.57, 260.46, 18, 276.79, -114.33
6662, 18, 276.79, -114.33, 176, -230.37, 193.41
6663, 176, -230.37, 193.41, 218, 12.89, 300.00
6664, 218, 12.89, 300.00, 48, 149.57, -259.60
6665, 48, 149.57, -259.60, 185, -188.25, 234.67
6666, 185, -188.25, 234.67, 254, 220.92, 202.87
6667, 254, 220.92, 202.87, 169, -257.02, 156.45
6668, 169, -257.02, 156.45, 137, -296.56, -45.56
6669, 137, -296.56, -45.56, 192, -150.43, 260.46
6670, 192, -150.43, 260.46, 152, -295.70, 52.44
6671, 152, -295.70, 52.44, 41, 187.39, -233.81
6672, 41, 187.39, -233.81, 281, 295.70, 46.42
6673, 281, 295.70, 46.42, 40, 192.55, -229.51
6674, 40, 192.55, -229.51, 284, 298.28, 26.65
6675, 284, 298.28, 26.65, 140, -299.14, -25.79
6676, 140, -299.14, -25.79, 260, 244.99, 172.78
6677, 260, 244.99, 172.78, 13, 287.97, -83.38
6678, 13, 287.97, -83.38, 275, 287.97, 84.24
6679, 275, 287.97, 84.24, 29, 241.55, -177.08
6680, 29, 241.55, -177.08, 72, 0.00, -300.00
6681, 72, 0.00, -300.00, 225, 58.45, 294.84
6682, 225, 58.45, 294.84, 175, -234.67, 188.25
6683, 175, -234.67, 188.25, 236, 126.36, 272.49
6684, 236, 126.36, 272.49, 211, -32.66, 298.28
6685, 211, -32.66, 298.28, 188, -172.78, 245.85
6686, 188, -172.78, 245.85, 133, -291.40, -70.49
6687, 133, -291.40, -70.49, 185, -188.25, 234.67
6688, 185, -188.25, 234.67, 147, -300.00, 19.77
6689, 147, -300.00, 19.77, 242, 160.74, 253.58
6690, 242, 160.74, 253.58, 141, -300.00, -18.91
6691, 141, -300.00, -18.91, 209, -46.42, 296.56
6692, 209, -46.42, 296.56, 57, 96.28, -283.67
6693, 57, 96.28, -283.67, 230, 89.40, 286.25
6694, 230, 89.40, 286.25, 15, 283.67, -96.28
6695, 15, 283.67, -96.28, 56, 102.29, -281.09
6696, 56, 102.29, -281.09, 196, -127.22, 272.49
6697, 196, -127.22, 272.49, 271, 279.37, 109.17
6698, 271, 279.37, 109.17, 233, 108.31, 280.23
6699, 233, 108.31, 280.23, 6, 297.42, -38.68
6700, 6, 297.42, -38.68, 199, -109.17, 280.23
6701, 199, -109.17, 280.23, 140, -299.14, -25.79
6702, 140, -299.14, -25.79, 173, -242.41, 177.94
6703, 173, -242.41, 177.94, 213, -19.77, 300.00
6704, 213, -19.77, 300.00, 184, -193.41, 230.37
6705, 184, -193.41, 230.37, 244, 171.92, 245.85
6706, 244, 171.92, 245.85, 165, -269.91, 133.24
6707, 165, -269.91, 133.24, 145, -300.00, 6.88
6708, 145, -300.00, 6.88, 183, -198.57, 226.07
6709, 183, -198.57, 226.07, 68, 25.79, -298.28
6710, 68, 25.79, -298.28, 39, 197.71, -225.21
6711, 39, 197.71, -225.21, 19, 274.21, -120.34
6712, 19, 274.21, -120.34, 180, -212.32, 212.32
6713, 180, -212.32, 212.32, 243, 165.90, 250.14
6714, 243, 165.90, 250.14, 146, -300.00, 13.75
6715, 146, -300.00, 13.75, 238, 138.40, 266.48
6716, 238, 138.40, 266.48, 203, -84.24, 288.83
6717, 203, -84.24, 288.83, 133, -291.40, -70.49
6718, 133, -291.40, -70.49, 203, -84.24, 288.83
6719, 203, -84.24, 288.83, 58, 89.40, -285.39
6720, 58, 89.40, -285.39, 169, -257.02, 156.45
6721, 169, -257.02, 156.45, 216, -0.86, 300.00
6722, 216, -0.86, 300.00, 268, 271.63, 127.22
6723, 268, 271.63, 127.22, 140, -299.14, -25.79
6724, 140, -299.14, -25.79, 60, 77.36, -289.68
6725, 60, 77.36, -289.68, 167, -263.04, 144.41
6726, 167, -263.04, 144.41, 147, -300.00, 19.77
6727, 147, -300.00, 19.77, 180, -212.32, 212.32
6728, 180, -212.32, 212.32, 202, -90.26, 286.25
6729, 202, -90.26, 286.25, 54, 114.33, -276.79
6730, 54, 114.33, -276.79, 202, -90.26, 286.25
6731, 202, -90.26, 286.25, 155, -291.40, 71.35
6732, 155, -291.40, 71.35, 88, -103.15, -281.09
6733, 88, -103.15, -281.09, 246, 182.23, 238.11
6734, 246, 182.23, 238.11, 145, -300.00, 6.88
6735, 145, -300.00, 6.88, 19, 274.21, -120.34
6736, 19, 274.21, -120.34, 257, 233.81, 188.25
6737, 257, 233.81, 188.25, 61, 70.49, -290.54
6738, 61, 70.49, -290.54, 210, -39.54, 298.28
6739, 210, -39.54, 298.28, 257, 233.81, 188.25
6740, 257, 233.81, 188.25, 185, -188.25, 234.67
6741, 185, -188.25, 234.67, 46, 160.74, -252.72
6742, 46, 160.74, -252.72, 172, -245.85, 172.78
6743, 172, -245.85, 172.78, 257, 233.81, 188.25
6744, 257, 233.81, 188.25, 201, -97.13, 284.53
6745, 201, -97.13, 284.53, 10, 292.26, -64.47
6746, 10, 292.26, -64.47, 261, 249.28, 166.76
6747, 261, 249.28, 166.76, 199, -109.17, 280.23
6748, 199, -109.17, 280.23, 277, 290.54, 71.35
6749, 277, 290.54, 71.35, 38, 202.01, -220.92
6750, 38, 202.01, -220.92, 119, -257.02, -155.59
6751, 119, -257.02, -155.59, 197, -121.20, 275.07
6752, 197, -121.20, 275.07, 116, -245.85, -171.92
6753, 116, -245.85, -171.92, 272, 281.09, 103.15
6754, 272, 281.09, 103.15, 33, 225.21, -197.71
6755, 33, 225.21, -197.71, 74, -13.75, -299.14
6756, 74, -13.75, -299.14, 233, 108.31, 280.23
6757, 233, 108.31, 280.23, 211, -32.66, 298.28
6758, 211, -32.66, 298.28, 15, 283.67, -96.28
6759, 15, 283.67, -96.28, 203, -84.24, 288.83
6760, 203, -84.24, 288.83, 235, 120.34, 275.07
6761, 235, 120.34, 275.07, 187, -177.94, 242.41
6762, 187, -177.94, 242.41, 158, -286.25, 90.26
6763, 158, -286.25, 90.26, 205, -71.35, 291.40
6764, 205, -71.35, 291.40, 154, -293.12, 65.33
6765, 154, -293.12, 65.33, 56, 102.29, -281.09
6766, 56, 102.29, -281.09, 152, -295.70, 52.44
6767, 152, -295.70, 52.44, 281, 295.70, 46.42
6768, 281, 295.70, 46.42, 235, 120.34, 275.07
6769, 235, 120.34, 275.07, 87, -97.13, -283.67
6770, 87, -97.13, -283.67, 162, -277.65, 115.19
6771, 162, -277.65, 115.19, 224, 51.58, 295.70
6772, 224, 51.58, 295.70, 5, 297.42, -31.81
6773, 5, 297.42, -31.81, 35, 216.62, -207.16
6774, 35, 216.62, -207.16, 88, -103.15, -281.09
6775, 88, -103.15, -281.09, 178, -221.78, 202.87
6776, 178, -221.78, 202.87, 215, -6.88, 300.00
6777, 215, -6.88, 300.00, 248, 192.55, 230.37
6778, 248, 192.55, 230.37, 141, -300.00, -18.91
6779, 141, -300.00, -18.91, 195, -133.24, 269.91
6780, 195, -133.24, 269.91, 50, 138.40, -265.62
6781, 50, 138.40, -265.62, 216, -0.86, 300.00
6782, 216, -0.86, 300.00, 149, -298.28, 32.66
6783, 149, -298.28, 32.66, 282, 297.42, 39.54
6784, 282, 297.42, 39.54, 250, 202.01, 221.78
6785, 250, 202.01, 221.78, 194, -139.26, 266.48
6786, 194, -139.26, 266.48, 128, -281.95, -102.29
6787, 128, -281.95, -102.29, 200, -103.15, 281.95
6788, 200, -103.15, 281.95, 234, 114.33, 277.65
6789, 234, 114.33, 277.65, 156, -290.54, 78.22
6790, 156, -290.54, 78.22, 267, 269.05, 133.24
6791, 267, 269.05, 133.24, 4, 298.28, -25.79
6792, 4, 298.28, -25.79, 225, 58.45, 294.84
6793, 225, 58.45, 294.84, 201, -97.13, 284.53
6794, 201, -97.13, 284.53, 245, 177.08, 242.41
6795, 245, 177.08, 242.41, 86, -90.26, -285.39
6796, 86, -90.26, -285.39, 165, -269.91, 133.24
6797, 165, -269.91, 133.24, 77, -32.66, -297.42
6798, 77, -32.66, -297.42, 227, 70.49, 291.40
6799, 227, 70.49, 291.40, 6, 297.42, -38.68
6800, 6, 297.42, -38.68, 170, -253.58, 161.60
6801, 170, -253.58, 161.60, 199, -109.17, 280.23
6802, 199, -109.17, 280.23, 142, -300.00, -12.89
6803, 142, -300.00, -12.89, 239, 143.55, 263.04
6804, 239, 143.55, 263.04, 154, -293.12, 65.33
6805, 154, -293.12, 65.33, 218, 12.89, 300.00
6806, 218, 12.89, 300.00, 242, 160.74, 253.58
6807, 242, 160.74, 253.58, 0, 300.00, -0.00
6808, 0, 300.00, -0.00, 45, 165.90, -249.28
6809, 45, 165.90, -249.28, 247, 187.39, 234.67
6810, 247, 187.39, 234.67, 144, -300.00, -0.00
6811, 144, -300.00, -0.00, 172, -245.85, 172.78
6812, 172, -245.85, 172.78, 138, -298.28, -38.68
6813, 138, -298.28, -38.68, 218, 12.89, 300.00
6814, 218, 12.89, 300.00, 65, 45.56, -295.70
6815, 65, 45.56, -295.70, 226, 64.47, 293.12
6816, 226, 64.47, 293.12, 162, -277.65, 115.19
6817, 162, -277.65, 115.19, 279, 293.98, 59.31
6818, 279, 293.98, 59.31, 239, 143.55, 263.04
6819, 239, 143.55, 263.04, 22, 265.62, -138.40
6820, 22, 265.62, -138.40, 59, 83.38, -287.97
6821, 59, 83.38, -287.97, 35, 216.62, -207.16
6822, 35, 216.62, -207.16, 13, 287.97, -83.38
6823, 13, 287.97, -83.38, 205, -71.35, 291.40
6824, 205, -71.35, 291.40, 252, 211.46, 212.32
6825, 252, 211.46, 212.32, 159, -284.53, 97.13
6826, 159, -284.53, 97.13, 222, 38.68, 298.28
6827, 222, 38.68, 298.28, 168, -260.46, 150.43
6828, 168, -260.46, 150.43, 82, -65.33, -292.26
6829, 82, -65.33, -292.26, 227, 70.49, 291.40
6830, 227, 70.49, 291.40, 173, -242.41, 177.94
6831, 173, -242.41, 177.94, 253, 216.62, 208.02
6832, 253, 216.62, 208.02, 202, -90.26, 286.25
6833, 202, -90.26, 286.25, 254, 220.92, 202.87
6834, 254, 220.92, 202.87, 186, -183.09, 238.11
6835, 186, -183.09, 238.11, 129, -284.53, -96.28
6836, 129, -284.53, -96.28, 189, -166.76, 250.14
6837, 189, -166.76, 250.14, 235, 120.34, 275.07
6838, 235, 120.34, 275.07, 277, 290.54, 71.35
6839, 277, 290.54, 71.35, 157, -288.83, 84.24
6840, 157, -288.83, 84.24, 258, 237.25, 183.09
6841, 258, 237.25, 183.09, 233, 108.31, 280.23
6842, 233, 108.31, 280.23, 176, -230.37, 193.41
6843, 176, -230.37, 193.41, 20, 271.63, -126.36
6844, 20, 271.63, -126.36, 274, 285.39, 90.26
6845, 274, 285.39, 90.26, 162, -277.65, 115.19
6846, 162, -277.65, 115.19, 214, -13.75, 300.00
6847, 214, -13.75, 300.00, 142, -300.00, -12.89
6848, 142, -300.00, -12.89, 204, -78.22, 290.54
6849, 204, -78.22, 290.54, 162, -277.65, 115.19
6850, 162, -277.65, 115.19, 242, 160.74, 253.58
6851, 242, 160.74, 253.58, 19, 274.21, -120.34
6852, 19, 274.21, -120.34, 57, 96.28, -283.67
6853, 57, 96.28, -283.67, 13, 287.97, -83.38
6854, 13, 287.97, -83.38, 265, 262.18, 144.41
6855, 265, 262.18, 144.41, 6, 297.42, -38.68
6856, 6, 297.42, -38.68, 239, 143.55, 263.04
6857, 239, 143.55, 263.04, 267, 269.05, 133.24
6858, 267, 269.05, 133.24, 26, 252.72, -160.74
6859, 26, 252.72, -160.74, 278, 292.26, 65.33
6860, 278, 292.26, 65.33, 163, -275.07, 121.20
6861, 163, -275.07, 121.20, 62, 64.47, -292.26
6862, 62, 64.47, -292.26, 21, 269.05, -132.38
6863, 21, 269.05, -132.38, 256, 229.51, 193.41
6864, 256, 229.51, 193.41, 224, 51.58, 295.70
6865, 224, 51.58, 295.70, 197, -121.20, 275.07
6866, 197, -121.20, 275.07, 227, 70.49, 291.40
6867, 227, 70.49, 291.40, 168, -260.46, 150.43
6868, 168, -260.46, 150.43, 1, 299.14, -6.02
6869, 1, 299.14, -6.02, 44, 171.92, -244.99
6870, 44, 171.92, -244.99, 282, 297.42, 39.54
6871, 282, 297.42, 39.54, 93, -133.24, -269.05
6872, 93, -133.24, -269.05, 249, 197.71, 226.07
6873, 249, 197.71, 226.07, 140, -299.14, -25.79
6874, 140, -299.14, -25.79, 181, -208.02, 217.48
6875, 181, -208.02, 217.48, 217, 6.02, 300.00
6876, 217, 6.02, 300.00, 52, 126.36, -271.63
6877, 52, 126.36, -271.63, 224, 51.58, 295.70
6878, 224, 51.58, 295.70, 73, -6.88, -299.14
6879, 73, -6.88, -299.14, 34, 220.92, -202.01
6880, 34, 220.92, -202.01, 95, -144.41, -262.18
6881, 95, -144.41, -262.18, 248, 192.55, 230.37
6882, 248, 192.55, 230.37, 91, -121.20, -274.21
6883, 91, -121.20, -274.21, 165, -269.91, 133.24
6884, 165, -269.91, 133.24, 272, 281.09, 103.15
6885, 272, 281.09, 103.15, 112, -230.37, -192.55
6886, 112, -230.37, -192.55, 194, -139.26, 266.48
6887, 194, -139.26, 266.48, 121, -263.04, -143.55
6888, 121, -263.04, -143.55, 201, -97.13, 284.53
6889, 201, -97.13, 284.53, 225, 58.45, 294.84
6890, 225, 58.45, 294.84, 174, -238.11, 183.09
6891, 174, -238.11, 183.09, 139, -298.28, -31.81
6892, 139, -298.28, -31.81, 206, -65.33, 293.12
6893, 206, -65.33, 293.12, 136, -295.70, -51.58
6894, 136, -295.70, -51.58, 187, -177.94, 242.41
6895, 187, -177.94, 242.41, 252, 211.46, 212.32
6896, 252, 211.46, 212.32, 164, -272.49, 127.22
6897, 164, -272.49, 127.22, 277, 290.54, 71.35
6898, 277, 290.54, 71.35, 31, 233.81, -187.39
6899, 31, 233.81, -187.39, 85, -84.24, -287.97
6900, 85, -84.24, -287.97, 233, 108.31, 280.23
6901, 233, 108.31, 280.23, 158, -286.25, 90.26
6902, 158, -286.25, 90.26, 62, 64.47, -292.26
6903, 62, 64.47, -292.26, 248, 192.55, 230.37
6904, 248, 192.55, 230.37, 23, 262.18, -143.55
6905, 23, 262.18, -143.55, 263, 256.16, 156.45
6906, 263, 256.16, 156.45, 205, -71.35, 291.40
6907, 205, -71.35, 291.40, 284, 298.28, 26.65
6908, 284, 298.28, 26.65, 28, 244.99, -171.92
6909, 28, 244.99, -171.92, 64, 51.58, -294.84
6910, 64, 51.58, -294.84, 255, 225.21, 198.57
6911, 255, 225.21, 198.57, 14, 285.39, -89.40
6912, 14, 285.39, -89.40, 233, 108.31, 280.23
6913, 233, 108.31, 280.23, 161, -280.23, 109.17
6914, 161, -280.23, 109.17, 220, 25.79, 299.14
6915, 220, 25.79, 299.14, 254, 220.92, 202.87
6916, 254, 220.92, 202.87, 12, 289.68, -77.36
6917, 12, 289.68, -77.36, 257, 233.81, 188.25
6918, 257, 233.81, 188.25, 11, 290.54, -70.49
6919, 11, 290.54, -70.49, 279, 293.98, 59.31
6920, 279, 293.98, 59.31, 139, -298.28, -31.81
6921, 139, -298.28, -31.81, 191, -156.45, 257.02
6922, 191, -156.45, 257.02, 264, 259.60, 150.43
6923, 264, 259.60, 150.43, 99, -166.76, -249.28
6924, 99, -166.76, -249.28, 207, -59.31, 294.84
6925, 207, -59.31, 294.84, 138, -298.28, -38.68
6926, 138, -298.28, -38.68, 195, -133.24, 269.91
6927, 195, -133.24, 269.91, 111, -226.07, -197.71
6928, 111, -226.07, -197.71, 274, 285.39, 90.26
6929, 274, 285.39, 90.26, 20, 271.63, -126.36
6930, 20, 271.63, -126.36, 248, 192.55, 230.37
6931, 248, 192.55, 230.37, 101, -177.94, -241.55
6932, 101, -177.94, -241.55, 268, 271.63, 127.22
6933, 268, 271.63, 127.22, 200, -103.15, 281.95
6934, 200, -103.15, 281.95, 50, 138.40, -265.62
6935, 50, 138.40, -265.62, 184, -193.41, 230.37
6936, 184, -193.41, 230.37, 142, -300.00, -12.89
6937, 142, -300.00, -12.89, 175, -234.67, 188.25
6938, 175, -234.67, 188.25, 287, 299.14, 6.88
6939, 287, 299.14, 6.88, 196, -127.22, 272.49
6940, 196, -127.22, 272.49, 5, 297.42, -31.81
6941, 5, 297.42, -31.81, 39, 197.71, -225.21
6942, 39, 197.71, -225.21, 68, 25.79, -298.28
6943, 68, 25.79, -298.28, 45, 165.90, -249.28
6944, 45, 165.90, -249.28, 160, -281.95, 103.15
6945, 160, -281.95, 103.15, 46, 160.74, -252.72
6946, 46, 160.74, -252.72, 154, -293.12, 65.33
6947, 154, -293.12, 65.33, 242, 160.74, 253.58
6948, 242, 160.74, 253.58, 196, -127.22, 272.49
6949, 196, -127.22, 272.49, 122, -266.48, -138.40
6950, 122, -266.48, -138.40, 39, 197.71, -225.21
6951, 39, 197.71, -225.21, 73, -6.88, -299.14
6952, 73, -6.88, -299.14, 170, -253.58, 161.60
6953, 170, -253.58, 161.60, 227, 70.49, 291.40
6954, 227, 70.49, 291.40, 179, -217.48, 208.02
6955, 179, -217.48, 208.02, 275, 287.97, 84.24
6956, 275, 287.97, 84.24, 140, -299.14, -25.79
6957, 140, -299.14, -25.79, 206, -65.33, 293.12
6958, 206, -65.33, 293.12, 227, 70.49, 291.40
6959, 227, 70.49, 291.40, 191, -156.45, 257.02
6960, 191, -156.45, 257.02, 275, 287.97, 84.24
6961, 275, 287.97, 84.24, 195, -133.24, 269.91
6962, 195, -133.24, 269.91, 244, 171.92, 245.85
6963, 244, 171.92, 245.85, 0, 300.00, -0.00
6964, 0, 300.00, -0.00, 159, -284.53, 97.13
6965, 159, -284.53, 97.13, 263, 256.16, 156.45
6966, 263, 256.16, 156.45, 102, -183.09, -237.25
6967, 102, -183.09, -237.25, 43, 177.08, -241.55
6968, 43, 177.08, -241.55, 115, -242.41, -177.08
6969, 115, -242.41, -177.08, 38, 202.01, -220.92
6970, 38, 202.01, -220.92, 6, 297.42, -38.68
6971, 6, 297.42, -38.68, 233, 108.31, 280.23
6972, 233, 108.31, 280.23, 40, 192.55, -229.51
6973, 40, 192.55, -229.51, 63, 58.45, -293.98
6974, 63, 58.45, -293.98, 30, 237.25, -182.23
6975, 30, 237.25, -182.23, 270, 276.79, 115.19
6976, 270, 276.79, 115.19, 190, -161.60, 253.58
6977, 190, -161.60, 253.58, 253, 216.62, 208.02
6978, 253, 216.62, 208.02, 87, -97.13, -283.67
6979, 87, -97.13, -283.67, 246, 182.23, 238.11
6980, 246, 182.23, 238.11, 195, -133.24, 269.91
6981, 195, -133.24, 269.91, 284, 298.28, 26.65
6982, 284, 298.28, 26.65, 163, -275.07, 121.20
6983, 163, -275.07, 121.20, 217, 6.02, 300.00
6984, 217, 6.02, 300.00, 173, -242.41, 177.94
6985, 173, -242.41, 177.94, 143, -300.00, -6.02
6986, 143, -300.00, -6.02, 272, 281.09, 103.15
6987, 272, 281.09, 103.15, 20, 271.63, -126.36
6988, 20, 271.63, -126.36, 0, 300.00, -0.00
6989, 0, 300.00, -0.00, 260, 244.99, 172.78
6990, 260, 244.99, 172.78, 191, -156.45, 257.02
6991, 191, -156.45, 257.02, 244, 171.92, 245.85
6992, 244, 171.92, 245.85, 162, -277.65, 115.19
6993, 162, -277.65, 115.19, 219, 18.91, 300.00
6994, 219, 18.91, 300.00, 60, 77.36, -289.68
6995, 60, 77.36, -289.68, 212, -26.65, 299.14
6996, 212, -26.65, 299.14, 47, 155.59, -256.16
6997, 47, 155.59, -256.16, 247, 187.39, 234.67
6998, 247, 187.39, 234.67, 142, -300.00, -12.89
6999, 142, -300.00, -12.89, 191, -156.45, 257.02
7000, 191, -156.45, 257.02, 249, 197.71, 226.07
7001, 249, 197.71, 226.07, 9, 293.98, -58.45
7002, 9, 293.98, -58.45, 276, 289.68, 78.22
7003, 276, 289.68, 78.22, 127, -280.23, -108.31
7004, 127, -280.23, -108.31, 192, -150.43, 260.46
7005, 192, -150.43, 260.46, 259, 241.55, 177.94
7006, 259, 241.55, 177.94, 79, -46.42, -295.70
7007, 79, -46.42, -295.70, 229, 83.38, 288.83
7008, 229, 83.38, 288.83, 88, -103.15, -281.09
7009, 88, -103.15, -281.09, 219, 18.91, 300.00
7010, 219, 18.91, 300.00, 169, -257.02, 156.45
7011, 169, -257.02, 156.45, 214, -13.75, 300.00
7012, 214, -13.75, 300.00, 10, 292.26, -64.47
7013, 10, 292.26, -64.47, 200, -103.15, 281.95
7014, 200, -103.15, 281.95, 228, 77.36, 290.54
7015, 228, 77.36, 290.54, 8, 294.84, -51.58
7016, 8, 294.84, -51.58, 267, 269.05, 133.24
7017, 267, 269.05, 133.24, 16, 281.09, -102.29
7018, 16, 281.09, -102.29, 118, -253.58, -160.74
7019, 118, -253.58, -160.74, 197, -121.20, 275.07
7020, 197, -121.20, 275.07, 125, -275.07, -120.34
7021, 125, -275.07, -120.34, 38, 202.01, -220.92
7022, 38, 202.01, -220.92, 283, 297.42, 32.66
7023, 283, 297.42, 32.66, 41, 187.39, -233.81
7024, 41, 187.39, -233.81, 66, 38.68, -297.42
7025, 66, 38.68, -297.42, 161, -280.23, 109.17
7026, 161, -280.23, 109.17, 225, 58.45, 294.84
7027, 225, 58.45, 294.84, 166, -266.48, 139.26
7028, 166, -266.48, 139.26, 72, 0.00, -300.00
7029, 72, 0.00, -300.00, 26, 252.72, -160.74
7030, 26, 252.72, -160.74, 81, -59.31, -293.98
7031, 81, -59.31, -293.98, 238, 138.40, 266.48
7032, 238, 138.40, 266.48, 155, -291.40, 71.35
7033, 155, -291.40, 71.35, 217, 6.02, 300.00
7034, 217, 6.02, 300.00, 67, 31.81, -297.42
7035, 67, 31.81, -297.42, 20, 271.63, -126.36
7036, 20, 271.63, -126.36, 40, 192.55, -229.51
7037, 40, 192.55, -229.51, 276, 289.68, 78.22
7038, 276, 289.68, 78.22, 158, -286.25, 90.26
7039, 158, -286.25, 90.26, 246, 182.23, 238.11
7040, 246, 182.23, 238.11, 204, -78.22, 290.54
7041, 204, -78.22, 290.54, 55, 108.31, -279.37
7042, 55, 108.31, -279.37, 156, -290.54, 78.22
7043, 156, -290.54, 78.22, 237, 132.38, 269.91
7044, 237, 132.38, 269.91, 191, -156.45, 257.02
7045, 191, -156.45, 257.02, 211, -32.66, 298.28
7046, 211, -32.66, 298.28, 58, 89.40, -285.39
7047, 58, 89.40, -285.39, 205, -71.35, 291.40
7048, 205, -71.35, 291.40, 140, -299.14, -25.79
7049, 140, -299.14, -25.79, 183, -198.57, 226.07
7050, 183, -198.57, 226.07, 131, -288.83, -83.38
7051, 131, -288.83, -83.38, 195, -133.24, 269.91
7052, 195, -133.24, 269.91, 278, 292.26, 65.33
7053, 278, 292.26, 65.33, 28, 244.99, -171.92
7054, 28, 244.99, -171.92, 75, -19.77, -299.14
7055, 75, -19.77, -299.14, 24, 259.60, -149.57
7056, 24, 259.60, -149.57, 0, 300.00, -0.00
7057, 0, 300.00, -0.00, 140, -299.14, -25.79
7058, 140, -299.14, -25.79, 241, 155.59, 257.02
7059, 241, 155.59, 257.02, 199, -109.17, 280.23
7060, 199, -109.17, 280.23, 51, 132.38, -269.05
7061, 51, 132.38, -269.05, 8, 294.84, -51.58
7062, 8, 294.84, -51.58, 98, -161.60, -252.72
7063, 98, -161.60, -252.72, 258, 237.25, 183.09
7064, 258, 237.25, 183.09, 217, 6.02, 300.00
7065, 217, 6.02, 300.00, 165, -269.91, 133.24
7066, 165, -269.91, 133.24, 225, 58.45, 294.84
7067, 225, 58.45, 294.84, 180, -212.32, 212.32
7068, 180, -212.32, 212.32, 147, -300.00, 19.77
7069, 147, -300.00, 19.77, 28, 244.99, -171.92
7070, 28, 244.99, -171.92, 285, 299.14, 19.77
7071, 285, 299.14, 19.77, 251, 207.16, 217.48
7072, 251, 207.16, 217.48, 75, -19.77, -299.14
7073, 75, -19.77, -299.14, 231, 96.28, 284.53
7074, 231, 96.28, 284.53, 133, -291.40, -70.49
7075, 133, -291.40, -70.49, 208, -52.44, 295.70
7076, 208, -52.44, 295.70, 244, 171.92, 245.85
7077, 244, 171.92, 245.85, 267, 269.05, 133.24
7078, 267, 269.05, 133.24, 177, -226.07, 198.57
7079, 177, -226.07, 198.57, 199, -109.17, 280.23
7080, 199, -109.17, 280.23, 280, 294.84, 52.44
7081, 280, 294.84, 52.44, 17, 279.37, -108.31
7082, 17, 279.37, -108.31, 284, 298.28, 26.65
7083, 284, 298.28, 26.65, 37, 207.16, -216.62
7084, 37, 207.16, -216.62, 71, 6.02, -299.14
7085, 71, 6.02, -299.14, 30, 237.25, -182.23
7086, 30, 237.25, -182.23, 273, 283.67, 97.13
7087, 273, 283.67, 97.13, 32, 229.51, -192.55
7088, 32, 229.51, -192.55, 270, 276.79, 115.19
7089, 270, 276.79, 115.19, 111, -226.07, -197.71
7090, 111, -226.07, -197.71, 201, -97.13, 284.53
7091, 201, -97.13, 284.53, 10, 292.26, -64.47
7092, 10, 292.26, -64.47, 249, 197.71, 226.07
7093, 249, 197.71, 226.07, 144, -300.00, -0.00
7094, 144, -300.00, -0.00, 203, -84.24, 288.83
7095, 203, -84.24, 288.83, 263, 256.16, 156.45
7096, 263, 256.16, 156.45, 207, -59.31, 294.84
7097, 207, -59.31, 294.84, 278, 292.26, 65.33
7098, 278, 292.26, 65.33, 243, 165.90, 250.14
7099, 243, 165.90, 250.14, 12, 289.68, -77.36
7100, 12, 289.68, -77.36, 237, 132.38, 269.91
7101, 237, 132.38, 269.91, 187, -177.94, 242.41
7102, 187, -177.94, 242.41, 140, -299.14, -25.79
7103, 140, -299.14, -25.79, 175, -234.67, 188.25
7104, 175, -234.67, 188.25, 208, -52.44, 295.70
7105, 208, -52.44, 295.70, 149, -298.28, 32.66
7106, 149, -298.28, 32.66, 228, 77.36, 290.54
7107, 228, 77.36, 290.54, 88, -103.15, -281.09
7108, 88, -103.15, -281.09, 230, 89.40, 286.25
7109, 230, 89.40, 286.25, 184, -193.41, 230.37
7110, 184, -193.41, 230.37, 250, 202.01, 221.78
7111, 250, 202.01, 221.78, 151, -296.56, 46.42
7112, 151, -296.56, 46.42, 206, -65.33, 293.12
7113, 206, -65.33, 293.12, 268, 271.63, 127.22
7114, 268, 271.63, 127.22, 223, 45.56, 296.56
7115, 223, 45.56, 296.56, 281, 295.70, 46.42
7116, 281, 295.70, 46.42, 89, -109.17, -279.37
7117, 89, -109.17, -279.37, 41, 187.39, -233.81
7118, 41, 187.39, -233.81, 62, 64.47, -292.26
7119, 62, 64.47, -292.26, 218, 12.89, 300.00
7120, 218, 12.89, 300.00, 162, -277.65, 115.19
7121, 162, -277.65, 115.19, 141, -300.00, -18.91
7122, 141, -300.00, -18.91, 211, -32.66, 298.28
7123, 211, -32.66, 298.28, 231, 96.28, 284.53
7124, 231, 96.28, 284.53, 0, 300.00, -0.00
7125, 0, 300.00, -0.00, 20, 271.63, -126.36
7126, 20, 271.63, -126.36, 178, -221.78, 202.87
7127, 178, -221.78, 202.87, 91, -121.20, -274.21
7128, 91, -121.20, -274.21, 32, 229.51, -192.55
7129, 32, 229.51, -192.55, 257, 233.81, 188.25
7130, 257, 233.81, 188.25, 236, 126.36, 272.49
7131, 236, 126.36, 272.49, 194, -139.26, 266.48
7132, 194, -139.26, 266.48, 147, -300.00, 19.77
7133, 147, -300.00, 19.77, 177, -226.07, 198.57
7134, 177, -226.07, 198.57, 140, -299.14, -25.79
7135, 140, -299.14, -25.79, 200, -103.15, 281.95
7136, 200, -103.15, 281.95, 135, -294.84, -58.45
7137, 135, -294.84, -58.45, 192, -150.43, 260.46
7138, 192, -150.43, 260.46, 126, -277.65, -114.33
7139, 126, -277.65, -114.33, 194, -139.26, 266.48
7140, 194, -139.26, 266.48, 55, 108.31, -279.37
7141, 55, 108.31, -279.37, 14, 285.39, -89.40
7142, 14, 285.39, -89.40, 263, 256.16, 156.45
7143, 263, 256.16, 156.45, 236, 126.36, 272.49
7144, 236, 126.36, 272.49, 169, -257.02, 156.45
7145, 169, -257.02, 156.45, 141, -300.00, -18.91
7146, 141, -300.00, -18.91, 176, -230.37, 193.41
7147, 176, -230.37, 193.41, 235, 120.34, 275.07
7148, 235, 120.34, 275.07, 201, -97.13, 284.53
7149, 201, -97.13, 284.53, 221, 31.81, 298.28
7150, 221, 31.81, 298.28, 53, 120.34, -274.21
7151, 53, 120.34, -274.21, 213, -19.77, 300.00
7152, 213, -19.77, 300.00, 147, -300.00, 19.77
7153, 147, -300.00, 19.77, 247, 187.39, 234.67
7154, 247, 187.39, 234.67, 149, -298.28, 32.66
7155, 149, -298.28, 32.66, 245, 177.08, 242.41
7156, 245, 177.08, 242.41, 187, -177.94, 242.41
7157, 187, -177.94, 242.41, 244, 171.92, 245.85
7158, 244, 171.92, 245.85, 57, 96.28, -283.67
7159, 57, 96.28, -283.67, 263, 256.16, 156.45
7160, 263, 256.16, 156.45, 164, -272.49, 127.22
7161, 164, -272.49, 127.22, 143, -300.00, -6.02
7162, 143, -300.00, -6.02, 210, -39.54, 298.28
7163, 210, -39.54, 298.28, 231, 96.28, 284.53
7164, 231, 96.28, 284.53, 183, -198.57, 226.07
7165, 183, -198.57, 226.07, 254, 220.92, 202.87
7166, 254, 220.92, 202.87, 198, -115.19, 277.65
7167, 198, -115.19, 277.65, 109, -217.48, -207.16
7168, 109, -217.48, -207.16, 51, 132.38, -269.05
7169, 51, 132.38, -269.05, 7, 295.70, -45.56
7170, 7, 295.70, -45.56, 251, 207.16, 217.48
7171, 251, 207.16, 217.48, 226, 64.47, 293.12
7172, 226, 64.47, 293.12, 10, 292.26, -64.47
7173, 10, 292.26, -64.47, 268, 271.63, 127.22
7174, 268, 271.63, 127.22, 222, 38.68, 298.28
7175, 222, 38.68, 298.28, 1, 299.14, -6.02
7176, 1, 299.14, -6.02, 23, 262.18, -143.55
7177, 23, 262.18, -143.55, 109, -217.48, -207.16
7178, 109, -217.48, -207.16, 269, 274.21, 121.20
7179, 269, 274.21, 121.20, 215, -6.88, 300.00
7180, 215, -6.88, 300.00, 188, -172.78, 245.85
7181, 188, -172.78, 245.85, 165, -269.91, 133.24
7182, 165, -269.91, 133.24, 83, -71.35, -290.54
7183, 83, -71.35, -290.54, 206, -65.33, 293.12
7184, 206, -65.33, 293.12, 141, -300.00, -18.91
7185, 141, -300.00, -18.91, 171, -250.14, 166.76
7186, 171, -250.14, 166.76, 232, 102.29, 281.95
7187, 232, 102.29, 281.95, 18, 276.79, -114.33
7188, 18, 276.79, -114.33, 263, 256.16, 156.45
7189, 263, 256.16, 156.45, 26, 252.72, -160.74
7190, 26, 252.72, -160.74, 76, -26.65, -298.28
7191, 76, -26.65, -298.28, 35, 216.62, -207.16
7192, 35, 216.62, -207.16, 286, 299.14, 13.75
7193, 286, 299.14, 13.75, 197, -121.20, 275.07
7194, 197, -121.20, 275.07, 251, 207.16, 217.48
7195, 251, 207.16, 217.48, 275, 287.97, 84.24
7196, 275, 287.97, 84.24, 19, 274.21, -120.34
7197, 19, 274.21, -120.34, 66, 38.68, -297.42
7198, 66, 38.68, -297.42, 220, 25.79, 299.14
7199, 220, 25.79, 299.14, 160, -281.95, 103.15
7200, 160, -281.95, 103.15, 250, 202.01, 221.78
7201, 250, 202.01, 221.78, 203, -84.24, 288.83
7202, 203, -84.24, 288.83, 139, -298.28, -31.81
7203, 139, -298.28, -31.81, 246, 182.23, 238.11
7204, 246, 182.23, 238.11, 158, -286.25, 90.26
7205, 158, -286.25, 90.26, 179, -217.48, 208.02
7206, 179, -217.48, 208.02, 236, 126.36, 272.49
7207, 236, 126.36, 272.49, 139, -298.28, -31.81
7208, 139, -298.28, -31.81, 205, -71.35, 291.40
7209, 205, -71.35, 291.40, 279, 293.98, 59.31
7210, 279, 293.98, 59.31, 69, 18.91, -299.14
7211, 69, 18.91, -299.14, 38, 202.01, -220.92
7212, 38, 202.01, -220.92, 249, 197.71, 226.07
7213, 249, 197.71, 226.07, 82, -65.33, -292.26
7214, 82, -65.33, -292.26, 36, 211.46, -211.46
7215, 36, 211.46, -211.46, 274, 285.39, 90.26
7216, 274, 285.39, 90.26, 28, 244.99, -171.92
7217, 28, 244.99, -171.92, 285, 299.14, 19.77
7218, 285, 299.14, 19.77, 238, 138.40, 266.48
7219, 238, 138.40, 266.48, 6, 297.42, -38.68
7220, 6, 297.42, -38.68, 214, -13.75, 300.00
7221, 214, -13.75, 300.00, 180, -212.32, 212.32
7222, 180, -212.32, 212.32, 96, -150.43, -259.60
7223, 96, -150.43, -259.60, 182, -202.87, 221.78
7224, 182, -202.87, 221.78, 146, -300.00, 13.75
7225, 146, -300.00, 13.75, 189, -166.76, 250.14
7226, 189, -166.76, 250.14, 286, 299.14, 13.75
7227, 286, 299.14, 13.75, 91, -121.20, -274.21
7228, 91, -121.20, -274.21, 260, 244.99, 172.78
7229, 260, 244.99, 172.78, 141, -300.00, -18.91
7230, 141, -300.00, -18.91, 236, 126.36, 272.49
7231, 236, 126.36, 272.49, 186, -183.09, 238.11
7232, 186, -183.09, 238.11, 255, 225.21, 198.57
7233, 255, 225.21, 198.57, 17, 279.37, -108.31
7234, 17, 279.37, -108.31, 217, 6.02, 300.00
7235, 217, 6.02, 300.00, 58, 89.40, -285.39
7236, 58, 89.40, -285.39, 156, -290.54, 78.22
7237, 156, -290.54, 78.22, 273, 283.67, 97.13
7238, 273, 283.67, 97.13, 6, 297.42, -38.68
7239, 6, 297.42, -38.68, 258, 237.25, 183.09
7240, 258, 237.25, 183.09, 191, -156.45, 257.02
7241, 191, -156.45, 257.02, 265, 262.18, 144.41
7242, 265, 262.18, 144.41, 153, -294.84, 59.31
7243, 153, -294.84, 59.31, 210, -39.54, 298.28
7244, 210, -39.54, 298.28, 60, 77.36, -289.68
7245, 60, 77.36, -289.68, 137, -296.56, -45.56
7246, 137, -296.56, -45.56, 185, -188.25, 234.67
7247, 185, -188.25, 234.67, 243, 165.90, 250.14
7248, 243, 165.90, 250.14, 177, -226.07, 198.57
7249, 177, -226.07, 198.57, 216, -0.86, 300.00
7250, 216, -0.86, 300.00, 184, -193.41, 230.37
7251, 184, -193.41, 230.37, 253, 216.62, 208.02
7252, 253, 216.62, 208.02, 98, -161.60, -252.72
7253, 98, -161.60, -252.72, 179, -217.48, 208.02
7254, 179, -217.48, 208.02, 148, -299.14, 26.65
7255, 148, -299.14, 26.65, 240, 149.57, 260.46
7256, 240, 149.57, 260.46, 168, -260.46, 150.43
7257, 168, -260.46, 150.43, 208, -52.44, 295.70
7258, 208, -52.44, 295.70, 276, 289.68, 78.22
7259, 276, 289.68, 78.22, 19, 274.21, -120.34
7260, 19, 274.21, -120.34, 254, 220.92, 202.87
7261, 254, 220.92, 202.87, 27, 249.28, -165.90
7262, 27, 249.28, -165.90, 57, 96.28, -283.67
7263, 57, 96.28, -283.67, 203, -84.24, 288.83
7264, 203, -84.24, 288.83, 282, 297.42, 39.54
7265, 282, 297.42, 39.54, 240, 149.57, 260.46
7266, 240, 149.57, 260.46, 84, -78.22, -289.68
7267, 84, -78.22, -289.68, 164, -272.49, 127.22
7268, 164, -272.49, 127.22, 225, 58.45, 294.84
7269, 225, 58.45, 294.84, 187, -177.94, 242.41
7270, 187, -177.94, 242.41, 243, 165.90, 250.14
7271, 243, 165.90, 250.14, 139, -298.28, -31.81
7272, 139, -298.28, -31.81, 244, 171.92, 245.85
7273, 244, 171.92, 245.85, 142, -300.00, -12.89
7274, 142, -300.00, -12.89, 193, -144.41, 263.04
7275, 193, -144.41, 263.04, 246, 182.23, 238.11
7276, 246, 182.23, 238.11, 197, -121.20, 275.07
7277, 197, -121.20, 275.07, 120, -260.46, -149.57
7278, 120, -260.46, -149.57, 273, 283.67, 97.13
7279, 273, 283.67, 97.13, 200, -103.15, 281.95
7280, 200, -103.15, 281.95, 221, 31.81, 298.28
7281, 221, 31.81, 298.28, 251, 207.16, 217.48
7282, 251, 207.16, 217.48, 189, -166.76, 250.14
7283, 189, -166.76, 250.14, 132, -290.54, -77.36
7284, 132, -290.54, -77.36, 201, -97.13, 284.53
7285, 201, -97.13, 284.53, 54, 114.33, -276.79
7286, 54, 114.33, -276.79, 13, 287.97, -83.38
7287, 13, 287.97, -83.38, 237, 132.38, 269.91
7288, 237, 132.38, 269.91, 197, -121.20, 275.07
7289, 197, -121.20, 275.07, 117, -250.14, -165.90
7290, 117, -250.14, -165.90, 41, 187.39, -233.81
7291, 41, 187.39, -233.81, 102, -183.09, -237.25
7292, 102, -183.09, -237.25, 266, 265.62, 139.26
7293, 266, 265.62, 139.26, 101, -177.94, -241.55
7294, 101, -177.94, -241.55, 263, 256.16, 156.45
7295, 263, 256.16, 156.45, 149, -298.28, 32.66
7296, 149, -298.28, 32.66, 25, 256.16, -155.59
7297, 25, 256.16, -155.59, 113, -234.67, -187.39
7298, 113, -234.67, -187.39, 52, 126.36, -271.63
7299, 52, 126.36, -271.63, 198, -115.19, 277.65
7300, 198, -115.19, 277.65, 2, 299.14, -12.89
7301, 2, 299.14, -12.89, 206, -65.33, 293.12
7302, 206, -65.33, 293.12, 262, 252.72, 161.60
7303, 262, 252.72, 161.60, 6, 297.42, -38.68
7304, 6, 297.42, -38.68, 226, 64.47, 293.12
7305, 226, 64.47, 293.12, 75, -19.77, -299.14
7306, 75, -19.77, -299.14, 167, -263.04, 144.41
7307, 167, -263.04, 144.41, 216, -0.86, 300.00
7308, 216, -0.86, 300.00, 62, 64.47, -292.26
7309, 62, 64.47, -292.26, 254, 220.92, 202.87
7310, 254, 220.92, 202.87, 287, 299.14, 6.88
7311, 287, 299.14, 6.88, 247, 187.39, 234.67
7312, 247, 187.39, 234.67, 183, -198.57, 226.07
7313, 183, -198.57, 226.07, 50, 138.40, -265.62
7314, 50, 138.40, -265.62, 161, -280.23, 109.17
7315, 161, -280.23, 109.17, 245, 177.08, 242.41
7316, 245, 177.08, 242.41, 194, -139.26, 266.48
7317, 194, -139.26, 266.48, 124, -272.49, -126.36
7318, 124, -272.49, -126.36, 199, -109.17, 280.23
7319, 199, -109.17, 280.23, 1, 299.14, -6.02
7320, 1, 299.14, -6.02, 27, 249.28, -165.90
7321, 27, 249.28, -165.90, 60, 77.36, -289.68
7322, 60, 77.36, -289.68, 37, 207.16, -216.62
7323, 37, 207.16, -216.62, 147, -300.00, 19.77
7324, 147, -300.00, 19.77, 15, 283.67, -96.28
7325, 15, 283.67, -96.28, 282, 297.42, 39.54
7326, 282, 297.42, 39.54, 213, -19.77, 300.00
7327, 213, -19.77, 300.00, 149, -298.28, 32.66
7328, 149, -298.28, 32.66, 201, -97.13, 284.53
7329, 201, -97.13, 284.53, 256, 229.51, 193.41
7330, 256, 229.51, 193.41, 3, 299.14, -18.91
7331, 3, 299.14, -18.91, 222, 38.68, 298.28
7332, 222, 38.68, 298.28, 251, 207.16, 217.48
7333, 251, 207.16, 217.48, 147, -300.00, 19.77
7334, 147, -300.00, 19.77, 175, -234.67, 188.25
7335, 175, -234.67, 188.25, 234, 114.33, 277.65
7336, 234, 114.33, 277.65, 263, 256.16, 156.45
7337, 263, 256.16, 156.45, 189, -166.76, 250.14
7338, 189, -166.76, 250.14, 248, 192.55, 230.37
7339, 248, 192.55, 230.37, 211, -32.66, 298.28
7340, 211, -32.66, 298.28, 266, 265.62, 139.26
7341, 266, 265.62, 139.26, 17, 279.37, -108.31
7342, 17, 279.37, -108.31, 58, 89.40, -285.39
7343, 58, 89.40, -285.39, 253, 216.62, 208.02
7344, 253, 216.62, 208.02, 199, -109.17, 280.23
7345, 199, -109.17, 280.23, 141, -300.00, -18.91
7346, 141, -300.00, -18.91, 176, -230.37, 193.41
7347, 176, -230.37, 193.41, 240, 149.57, 260.46
7348, 240, 149.57, 260.46, 58, 89.40, -285.39
7349, 58, 89.40, -285.39, 221, 31.81, 298.28
7350, 221, 31.81, 298.28, 275, 287.97, 84.24
7351, 275, 287.97, 84.24, 9, 293.98, -58.45
7352, 9, 293.98, -58.45, 197, -121.20, 275.07
7353, 197, -121.20, 275.07, 271, 279.37, 109.17
7354, 271, 279.37, 109.17, 100, -172.78, -244.99
7355, 100, -172.78, -244.99, 284, 298.28, 26.65
7356, 284, 298.28, 26.65, 215, -6.88, 300.00
7357, 215, -6.88, 300.00, 160, -281.95, 103.15
7358, 160, -281.95, 103.15, 63, 58.45, -293.98
7359, 63, 58.45, -293.98, 24, 259.60, -149.57
7360, 24, 259.60, -149.57, 61, 70.49, -290.54
7361, 61, 70.49, -290.54, 27, 249.28, -165.90
7362, 27, 249.28, -165.90, 148, -299.14, 26.65
7363, 148, -299.14, 26.65, 240, 149.57, 260.46
7364, 240, 149.57, 260.46, 209, -46.42, 296.56
7365, 209, -46.42, 296.56, 140, -299.14, -25.79
7366, 140, -299.14, -25.79, 278, 292.26, 65.33
7367, 278, 292.26, 65.33, 18, 276.79, -114.33
7368, 18, 276.79, -114.33, 57, 96.28, -283.67
7369, 57, 96.28, -283.67, 202, -90.26, 286.25
7370, 202, -90.26, 286.25, 154, -293.12, 65.33
7371, 154, -293.12, 65.33, 259, 241.55, 177.94
7372, 259, 241.55, 177.94, 91, -121.20, -274.21
7373, 91, -121.20, -274.21, 231, 96.28, 284.53
7374, 231, 96.28, 284.53, 204, -78.22, 290.54
7375, 204, -78.22, 290.54, 60, 77.36, -289.68
7376, 60, 77.36, -289.68, 219, 18.91, 300.00
7377, 219, 18.91, 300.00, 64, 51.58, -294.84
7378, 64, 51.58, -294.84, 215, -6.88, 300.00
7379, 215, -6.88, 300.00, 152, -295.70, 52.44
7380, 152, -295.70, 52.44, 188, -172.78, 245.85
7381, 188, -172.78, 245.85, 252, 211.46, 212.32
7382, 252, 211.46, 212.32, 219, 18.91, 300.00
7383, 219, 18.91, 300.00, 267, 269.05, 133.24
7384, 267, 269.05, 133.24, 195, -133.24, 269.91
7385, 195, -133.24, 269.91, 136, -295.70, -51.58
7386, 136, -295.70, -51.58, 197, -121.20, 275.07
7387, 197, -121.20, 275.07, 262, 252.72, 161.60
7388, 262, 252.72, 161.60, 53, 120.34, -274.21
7389, 53, 120.34, -274.21, 190, -161.60, 253.58
7390, 190, -161.60, 253.58, 138, -298.28, -38.68
7391, 138, -298.28, -38.68, 247, 187.39, 234.67
7392, 247, 187.39, 234.67, 4, 298.28, -25.79
7393, 4, 298.28, -25.79, 31, 233.81, -187.39
7394, 31, 233.81, -187.39, 268, 271.63, 127.22
7395, 268, 271.63, 127.22, 114, -238.11, -182.23
7396, 114, -238.11, -182.23, 48, 149.57, -259.60
7397, 48, 149.57, -259.60, 183, -198.57, 226.07
7398, 183, -198.57, 226.07, 207, -59.31, 294.84
7399, 207, -59.31, 294.84, 145, -300.00, 6.88
7400, 145, -300.00, 6.88, 171, -250.14, 166.76
7401, 171, -250.14, 166.76, 65, 45.56, -295.70
7402, 65, 45.56, -295.70, 33, 225.21, -197.71
7403, 33, 225.21, -197.71, 281, 295.70, 46.42
7404, 281, 295.70, 46.42, 64, 51.58, -294.84
7405, 64, 51.58, -294.84, 39, 197.71, -225.21
7406, 39, 197.71, -225.21, 13, 287.97, -83.38
7407, 13, 287.97, -83.38, 226, 64.47, 293.12
7408, 226, 64.47, 293.12, 36, 211.46, -211.46
7409, 36, 211.46, -211.46, 7, 295.70, -45.56
7410, 7, 295.70, -45.56, 257, 233.81, 188.25
7411, 257, 233.81, 188.25, 208, -52.44, 295.70
7412, 208, -52.44, 295.70, 1, 299.14, -6.02
7413, 1, 299.14, -6.02, 197, -121.20, 275.07
7414, 197, -121.20, 275.07, 9, 293.98, -58.45
7415, 9, 293.98, -58.45, 45, 165.90, -249.28
7416, 45, 165.90, -249.28, 216, -0.86, 300.00
7417, 216, -0.86, 300.00, 50, 138.40, -265.62
7418, 50, 138.40, -265.62, 157, -288.83, 84.24
7419, 157, -288.83, 84.24, 77, -32.66, -297.42
7420, 77, -32.66, -297.42, 223, 45.56, 296.56
7421, 223, 45.56, 296.56, 165, -269.91, 133.24
7422, 165, -269.91, 133.24, 244, 171.92, 245.85
7423, 244, 171.92, 245.85, 188, -172.78, 245.85
7424, 188, -172.78, 245.85, 111, -226.07, -197.71
7425, 111, -226.07, -197.71, 191, -156.45, 257.02
7426, 191, -156.45, 257.02, 144, -300.00, -0.00
7427, 144, -300.00, -0.00, 211, -32.66, 298.28
7428, 211, -32.66, 298.28, 260, 244.99, 172.78
7429, 260, 244.99, 172.78, 186, -183.09, 238.11
7430, 186, -183.09, 238.11, 146, -300.00, 13.75
7431, 146, -300.00, 13.75, 40, 192.55, -229.51
7432, 40, 192.55, -229.51, 71, 6.02, -299.14
7433, 71, 6.02, -299.14, 28, 244.99, -171.92
7434, 28, 244.99, -171.92, 268, 271.63, 127.22
7435, 268, 271.63, 127.22, 217, 6.02, 300.00
7436, 217, 6.02, 300.00, 56, 102.29, -281.09
7437, 56, 102.29, -281.09, 191, -156.45, 257.02
7438, 191, -156.45, 257.02, 127, -280.23, -108.31
7439, 127, -280.23, -108.31, 181, -208.02, 217.48
7440, 181, -208.02, 217.48, 158, -286.25, 90.26
7441, 158, -286.25, 90.26, 279, 293.98, 59.31
7442, 279, 293.98, 59.31, 215, -6.88, 300.00
7443, 215, -6.88, 300.00, 150, -298.28, 39.54
7444, 150, -298.28, 39.54, 246, 182.23, 238.11
7445, 246, 182.23, 238.11, 60, 77.36, -289.68
7446, 60, 77.36, -289.68, 213, -19.77, 300.00
7447, 213, -19.77, 300.00, 178, -221.78, 202.87
7448, 178, -221.78, 202.87, 243, 165.90, 250.14
7449, 243, 165.90, 250.14, 140, -299.14, -25.79
7450, 140, -299.14, -25.79, 234, 114.33, 277.65
7451, 234, 114.33, 277.65, 84, -78.22, -289.68
7452, 84, -78.22, -289.68, 32, 229.51, -192.55
7453, 32, 229.51, -192.55, 66, 38.68, -297.42
7454, 66, 38.68, -297.42, 220, 25.79, 299.14
7455, 220, 25.79, 299.14, 9, 293.98, -58.45
7456, 9, 293.98, -58.45, 57, 96.28, -283.67
7457, 57, 96.28, -283.67, 205, -71.35, 291.40
7458, 205, -71.35, 291.40, 134, -293.12, -64.47
7459, 134, -293.12, -64.47, 187, -177.94, 242.41
7460, 187, -177.94, 242.41, 257, 233.81, 188.25
7461, 257, 233.81, 188.25, 30, 237.25, -182.23
7462, 30, 237.25, -182.23, 146, -300.00, 13.75
7463, 146, -300.00, 13.75, 25, 256.16, -155.59
7464, 25, 256.16, -155.59, 281, 295.70, 46.42
7465, 281, 295.70, 46.42, 250, 202.01, 221.78
7466, 250, 202.01, 221.78, 194, -139.26, 266.48
7467, 194, -139.26, 266.48, 137, -296.56, -45.56
7468, 137, -296.56, -45.56, 231, 96.28, 284.53
7469, 231, 96.28, 284.53, 158, -286.25, 90.26
7470, 158, -286.25, 90.26, 184, -193.41, 230.37
7471, 184, -193.41, 230.37, 148, -299.14, 26.65
7472, 148, -299.14, 26.65, 205, -71.35, 291.40
7473, 205, -71.35, 291.40, 246, 182.23, 238.11
7474, 246, 182.23, 238.11, 162, -277.65, 115.19
7475, 162, -277.65, 115.19, 239, 143.55, 263.04
7476, 239, 143.55, 263.04, 275, 287.97, 84.24
7477, 275, 287.97, 84.24, 35, 216.62, -207.16
7478, 35, 216.62, -207.16, 81, -59.31, -293.98
7479, 81, -59.31, -293.98, 231, 96.28, 284.53
7480, 231, 96.28, 284.53, 211, -32.66, 298.28
7481, 211, -32.66, 298.28, 265, 262.18, 144.41
7482, 265, 262.18, 144.41, 169, -257.02, 156.45
7483, 169, -257.02, 156.45, 2, 299.14, -12.89
7484, 2, 299.14, -12.89, 195, -133.24, 269.91
7485, 195, -133.24, 269.91, 258, 237.25, 183.09
7486, 258, 237.25, 183.09, 195, -133.24, 269.91
7487, 195, -133.24, 269.91, 259, 241.55, 177.94
7488, 259, 241.55, 177.94, 9, 293.98, -58.45
7489, 9, 293.98, -58.45, 218, 12.89, 300.00
7490, 218, 12.89, 300.00, 157, -288.83, 84.24
7491, 157, -288.83, 84.24, 247, 187.39, 234.67
7492, 247, 187.39, 234.67, 136, -295.70, -51.58
7493, 136, -295.70, -51.58, 210, -39.54, 298.28
7494, 210, -39.54, 298.28, 145, -300.00, 6.88
7495, 145, -300.00, 6.88, 210, -39.54, 298.28
7496, 210, -39.54, 298.28, 236, 126.36, 272.49
7497, 236, 126.36, 272.49, 190, -161.60, 253.58
7498, 190, -161.60, 253.58, 102, -183.09, -237.25
7499, 102, -183.09, -237.25, 44, 171.92, -244.99
7500, 44, 171.92, -244.99, 18, 276.79, -114.33
7501, 18, 276.79, -114.33, 247, 187.39, 234.67
7502, 247, 187.39, 234.67, 193, -144.41, 263.04
7503, 193, -144.41, 263.04, 274, 285.39, 90.26
7504, 274, 285.39, 90.26, 113, -234.67, -187.39
7505, 113, -234.67, -187.39, 16, 281.09, -102.29
7506, 16, 281.09, -102.29, 257, 233.81, 188.25
7507, 257, 233.81, 188.25, 194, -139.26, 266.48
7508, 194, -139.26, 266.48, 234, 114.33, 277.65
7509, 234, 114.33, 277.65, 282, 297.42, 39.54
7510, 282, 297.42, 39.54, 22, 265.62, -138.40
7511, 22, 265.62, -138.40, 73, -6.88, -299.14
7512, 73, -6.88, -299.14, 29, 241.55, -177.08
7513, 29, 241.55, -177.08, 59, 83.38, -287.97
7514, 59, 83.38, -287.97, 38, 202.01, -220.92
7515, 38, 202.01, -220.92, 166, -266.48, 139.26
7516, 166, -266.48, 139.26, 217, 6.02, 300.00
7517, 217, 6.02, 300.00, 279, 293.98, 59.31
7518, 279, 293.98, 59.31, 30, 237.25, -182.23
7519, 30, 237.25, -182.23, 268, 271.63, 127.22
7520, 268, 271.63, 127.22, 208, -52.44, 295.70
7521, 208, -52.44, 295.70, 143, -300.00, -6.02
7522, 143, -300.00, -6.02, 174, -238.11, 183.09
7523, 174, -238.11, 183.09, 226, 64.47, 293.12
7524, 226, 64.47, 293.12, 140, -299.14, -25.79
7525, 140, -299.14, -25.79, 202, -90.26, 286.25
7526, 202, -90.26, 286.25, 262, 252.72, 161.60
7527, 262, 252.72, 161.60, 21, 269.05, -132.38
7528, 21, 269.05, -132.38, 64, 51.58, -294.84
7529, 64, 51.58, -294.84, 34, 220.92, -202.01
7530, 34, 220.92, -202.01, 70, 12.89, -299.14
7531, 70, 12.89, -299.14, 164, -272.49, 127.22
7532, 164, -272.49, 127.22, 211, -32.66, 298.28
7533, 211, -32.66, 298.28, 155, -291.40, 71.35
7534, 155, -291.40, 71.35, 73, -6.88, -299.14
7535, 73, -6.88, -299.14, 158, -286.25, 90.26
7536, 158, -286.25, 90.26, 272, 281.09, 103.15
7537, 272, 281.09, 103.15, 8, 294.84, -51.58
7538, 8, 294.84, -51.58, 227, 70.49, 291.40
7539, 227, 70.49, 291.40, 200, -103.15, 281.95
7540, 200, -103.15, 281.95, 167, -263.04, 144.41
7541, 167, -263.04, 144.41, 3, 299.14, -18.91
7542, 3, 299.14, -18.91, 271, 279.37, 109.17
7543, 271, 279.37, 109.17, 25, 256.16, -155.59
7544, 25, 256.16, -155.59, 45, 165.90, -249.28
7545, 45, 165.90, -249.28, 198, -115.19, 277.65
7546, 198, -115.19, 277.65, 236, 126.36, 272.49
7547, 236, 126.36, 272.49, 143, -300.00, -6.02
7548, 143, -300.00, -6.02, 173, -242.41, 177.94
7549, 173, -242.41, 177.94, 228, 77.36, 290.54
7550, 228, 77.36, 290.54, 144, -300.00, -0.00
7551, 144, -300.00, -0.00, 195, -133.24, 269.91
7552, 195, -133.24, 269.91, 123, -269.91, -132.38
7553, 123, -269.91, -132.38, 200, -103.15, 281.95
7554, 200, -103.15, 281.95, 1, 299.14, -6.02
7555, 1, 299.14, -6.02, 232, 102.29, 281.95
7556, 232, 102.29, 281.95, 258, 237.25, 183.09
7557, 258, 237.25, 183.09, 11, 290.54, -70.49
7558, 11, 290.54, -70.49, 270, 276.79, 115.19
7559, 270, 276.79, 115.19, 141, -300.00, -18.91
7560, 141, -300.00, -18.91, 175, -234.67, 188.25
7561, 175, -234.67, 188.25, 196, -127.22, 272.49
7562, 196, -127.22, 272.49, 0, 300.00, -0.00
7563, 0, 300.00, -0.00, 241, 155.59, 257.02
7564, 241, 155.59, 257.02, 208, -52.44, 295.70
7565, 208, -52.44, 295.70, 60, 77.36, -289.68
7566, 60, 77.36, -289.68, 210, -39.54, 298.28
7567, 210, -39.54, 298.28, 143, -300.00, -6.02
7568, 143, -300.00, -6.02, 242, 160.74, 253.58
7569, 242, 160.74, 253.58, 8, 294.84, -51.58
7570, 8, 294.84, -51.58, 266, 265.62, 139.26
7571, 266, 265.62, 139.26, 22, 265.62, -138.40
7572, 22, 265.62, -138.40, 61, 70.49, -290.54
7573, 61, 70.49, -290.54, 214, -13.75, 300.00
7574, 214, -13.75, 300.00, 172, -245.85, 172.78
7575, 172, -245.85, 172.78, 145, -300.00, 6.88
7576, 145, -300.00, 6.88, 165, -269.91, 133.24
7577, 165, -269.91, 133.24, 204, -78.22, 290.54
7578, 204, -78.22, 290.54, 253, 216.62, 208.02
7579, 253, 216.62, 208.02, 166, -266.48, 139.26
7580, 166, -266.48, 139.26, 228, 77.36, 290.54
7581, 228, 77.36, 290.54, 188, -172.78, 245.85
7582, 188, -172.78, 245.85, 130, -286.25, -89.40
7583, 130, -286.25, -89.40, 214, -13.75, 300.00
7584, 214, -13.75, 300.00, 287, 299.14, 6.88
7585, 287, 299.14, 6.88, 240, 149.57, 260.46
7586, 240, 149.57, 260.46, 143, -300.00, -6.02
7587, 143, -300.00, -6.02, 192, -150.43, 260.46
7588, 192, -150.43, 260.46, 51, 132.38, -269.05
7589, 51, 132.38, -269.05, 10, 292.26, -64.47
7590, 10, 292.26, -64.47, 253, 216.62, 208.02
7591, 253, 216.62, 208.02, 76, -26.65, -298.28
7592, 76, -26.65, -298.28, 24, 259.60, -149.57
7593, 24, 259.60, -149.57, 71, 6.02, -299.14
7594, 71, 6.02, -299.14, 159, -284.53, 97.13
7595, 159, -284.53, 97.13, 72, 0.00, -300.00
7596, 72, 0.00, -300.00, 32, 229.51, -192.55
7597, 32, 229.51, -192.55, 86, -90.26, -285.39
7598, 86, -90.26, -285.39, 232, 102.29, 281.95
7599, 232, 102.29, 281.95, 209, -46.42, 296.56
7600, 209, -46.42, 296.56, 59, 83.38, -287.97
7601, 59, 83.38, -287.97, 219, 18.91, 300.00
7602, 219, 18.91, 300.00, 13, 287.97, -83.38
7603, 13, 287.97, -83.38, 231, 96.28, 284.53
7604, 231, 96.28, 284.53, 141, -300.00, -18.91
7605, 141, -300.00, -18.91, 184, -193.41, 230.37
7606, 184, -193.41, 230.37, 248, 192.55, 230.37
7607, 248, 192.55, 230.37, 98, -161.60, -252.72
7608, 98, -161.60, -252.72, 43, 177.08, -241.55
7609, 43, 177.08, -241.55, 71, 6.02, -299.14
7610, 71, 6.02, -299.14, 223, 45.56, 296.56
7611, 223, 45.56, 296.56, 4, 298.28, -25.79
7612, 4, 298.28, -25.79, 198, -115.19, 277.65
7613, 198, -115.19, 277.65, 254, 220.92, 202.87
7614, 254, 220.92, 202.87, 109, -217.48, -207.16
7615, 109, -217.48, -207.16, 12, 289.68, -77.36
7616, 12, 289.68, -77.36, 264, 259.60, 150.43
7617, 264, 259.60, 150.43, 207, -59.31, 294.84
7618, 207, -59.31, 294.84, 140, -299.14, -25.79
7619, 140, -299.14, -25.79, 238, 138.40, 266.48
7620, 238, 138.40, 266.48, 153, -294.84, 59.31
7621, 153, -294.84, 59.31, 217, 6.02, 300.00
7622, 217, 6.02, 300.00, 168, -260.46, 150.43
7623, 168, -260.46, 150.43, 144, -300.00, -0.00
7624, 144, -300.00, -0.00, 206, -65.33, 293.12
7625, 206, -65.33, 293.12, 266, 265.62, 139.26
7626, 266, 265.62, 139.26, 149, -298.28, 32.66
7627, 149, -298.28, 32.66, 250, 202.01, 221.78
7628, 250, 202.01, 221.78, 55, 108.31, -279.37
7629, 55, 108.31, -279.37, 263, 256.16, 156.45
7630, 263, 256.16, 156.45, 1, 299.14, -6.02
7631, 1, 299.14, -6.02, 244, 171.92, 245.85
7632, 244, 171.92, 245.85, 215, -6.88, 300.00
7633, 215, -6.88, 300.00, 155, -291.40, 71.35
7634, 155, -291.40, 71.35, 231, 96.28, 284.53
7635, 231, 96.28, 284.53, 77, -32.66, -297.42
7636, 77, -32.66, -297.42, 234, 114.33, 277.65
7637, 234, 114.33, 277.65, 9, 293.98, -58.45
7638, 9, 293.98, -58.45, 44, 171.92, -244.99
7639, 44, 171.92, -244.99, 10, 292.26, -64.47
7640, 10, 292.26, -64.47, 251, 207.16, 217.48
7641, 251, 207.16, 217.48, 25, 256.16, -155.59
7642, 25, 256.16, -155.59, 61, 70.49, -290.54
7643, 61, 70.49, -290.54, 218, 12.89, 300.00
7644, 218, 12.89, 300.00, 192, -150.43, 260.46
7645, 192, -150.43, 260.46, 275, 287.97, 84.24
7646, 275, 287.97, 84.24, 24, 259.60, -149.57
7647, 24, 259.60, -149.57, 3, 299.14, -18.91
7648, 3, 299.14, -18.91, 46, 160.74, -252.72
7649, 46, 160.74, -252.72, 115, -242.41, -177.08
7650, 115, -242.41, -177.08, 267, 269.05, 133.24
7651, 267, 269.05, 133.24, 216, -0.86, 300.00
7652, 216, -0.86, 300.00, 56, 102.29, -281.09
7653, 56, 102.29, -281.09, 188, -172.78, 245.85
7654, 188, -172.78, 245.85, 155, -291.40, 71.35
7655, 155, -291.40, 71.35, 39, 197.71, -225.21
7656, 39, 197.71, -225.21, 276, 289.68, 78.22
7657, 276, 289.68, 78.22, 29, 241.55, -177.08
7658, 29, 241.55, -177.08, 185, -188.25, 234.67
7659, 185, -188.25, 234.67, 250, 202.01, 221.78
7660, 250, 202.01, 221.78, 228, 77.36, 290.54
7661, 228, 77.36, 290.54, 203, -84.24, 288.83
7662, 203, -84.24, 288.83, 11, 290.54, -70.49
7663, 11, 290.54, -70.49, 253, 216.62, 208.02
7664, 253, 216.62, 208.02, 233, 108.31, 280.23
7665, 233, 108.31, 280.23, 170, -253.58, 161.60
7666, 170, -253.58, 161.60, 144, -300.00, -0.00
7667, 144, -300.00, -0.00, 221, 31.81, 298.28
7668, 221, 31.81, 298.28, 190, -161.60, 253.58
7669, 190, -161.60, 253.58, 271, 279.37, 109.17
7670, 271, 279.37, 109.17, 33, 225.21, -197.71
7671, 33, 225.21, -197.71, 3, 299.14, -18.91
7672, 3, 299.14, -18.91, 257, 233.81, 188.25
7673, 257, 233.81, 188.25, 179, -217.48, 208.02
7674, 179, -217.48, 208.02, 151, -296.56, 46.42
7675, 151, -296.56, 46.42, 171, -250.14, 166.76
7676, 171, -250.14, 166.76, 84, -78.22, -289.68
7677, 84, -78.22, -289.68, 242, 160.74, 253.58
7678, 242, 160.74, 253.58, 216, -0.86, 300.00
7679, 216, -0.86, 300.00, 161, -280.23, 109.17
7680, 161, -280.23, 109.17, 186, -183.09, 238.11
7681, 186, -183.09, 238.11, 238, 138.40, 266.48
7682, 238, 138.40, 266.48, 185, -188.25, 234.67
7683, 185, -188.25, 234.67, 23, 262.18, -143.55
7684, 23, 262.18, -143.55, 242, 160.74, 253.58
7685, 242, 160.74, 253.58, 181, -208.02, 217.48
7686, 181, -208.02, 217.48, 141, -300.00, -18.91
7687, 141, -300.00, -18.91, 198, -115.19, 277.65
7688, 198, -115.19, 277.65, 259, 241.55, 177.94
7689, 259, 241.55, 177.94, 4, 298.28, -25.79
7690, 4, 298.28, -25.79, 116, -245.85, -171.92
7691, 116, -245.85, -171.92, 196, -127.22, 272.49
7692, 196, -127.22, 272.49, 121, -263.04, -143.55
7693, 121, -263.04, -143.55, 199, -109.17, 280.23
7694, 199, -109.17, 280.23, 127, -280.23, -108.31
7695, 127, -280.23, -108.31, 195, -133.24, 269.91
7696, 195, -133.24, 269.91, 271, 279.37, 109.17
7697, 271, 279.37, 109.17, 142, -300.00, -12.89
7698, 142, -300.00, -12.89, 194, -139.26, 266.48
7699, 194, -139.26, 266.48, 241, 155.59, 257.02
7700, 241, 155.59, 257.02, 178, -221.78, 202.87
7701, 178, -221.78, 202.87, 152, -295.70, 52.44
7702, 152, -295.70, 52.44, 58, 89.40, -285.39
7703, 58, 89.40, -285.39, 252, 211.46, 212.32
7704, 252, 211.46, 212.32, 17, 279.37, -108.31
7705, 17, 279.37, -108.31, 285, 299.14, 19.77
7706, 285, 299.14, 19.77, 197, -121.20, 275.07
7707, 197, -121.20, 275.07, 270, 276.79, 115.19
7708, 270, 276.79, 115.19, 104, -193.41, -229.51
7709, 104, -193.41, -229.51, 177, -226.07, 198.57
7710, 177, -226.07, 198.57, 224, 51.58, 295.70
7711, 224, 51.58, 295.70, 204, -78.22, 290.54
7712, 204, -78.22, 290.54, 135, -294.84, -58.45
7713, 135, -294.84, -58.45, 186, -183.09, 238.11
7714, 186, -183.09, 238.11, 223, 45.56, 296.56
7715, 223, 45.56, 296.56, 260, 244.99, 172.78
7716, 260, 244.99, 172.78, 16, 281.09, -102.29
7717, 16, 281.09, -102.29, 100, -172.78, -244.99
7718, 100, -172.78, -244.99, 262, 252.72, 161.60
7719, 262, 252.72, 161.60, 198, -115.19, 277.65
7720, 198, -115.19, 277.65, 5, 297.42, -31.81
7721, 5, 297.42, -31.81, 200, -103.15, 281.95
7722, 200, -103.15, 281.95, 163, -275.07, 121.20
7723, 163, -275.07, 121.20, 213, -19.77, 300.00
7724, 213, -19.77, 300.00, 0, 300.00, -0.00
7725, 0, 300.00, -0.00, 253, 216.62, 208.02
7726, 253, 216.62, 208.02, 205, -71.35, 291.40
7727, 205, -71.35, 291.40, 253, 216.62, 208.02
7728, 253, 216.62, 208.02, 65, 45.56, -295.70
7729, 65, 45.56, -295.70, 166, -266.48, 139.26
7730, 166, -266.48, 139.26, 212, -26.65, 299.14
7731, 212, -26.65, 299.14, 156, -290.54, 78.22
7732, 156, -290.54, 78.22, 25, 256.16, -155.59
7733, 25, 256.16, -155.59, 280, 294.84, 52.44
7734, 280, 294.84, 52.44, 67, 31.81, -297.42
7735, 67, 31.81, -297.42, 31, 233.81, -187.39
7736, 31, 233.81, -187.39, 269, 274.21, 121.20
7737, 269, 274.21, 121.20, 20, 271.63, -126.36
7738, 20, 271.63, -126.36, 276, 289.68, 78.22
7739, 276, 289.68, 78.22, 242, 160.74, 253.58
7740, 242, 160.74, 253.58, 143, -300.00, -6.02
7741, 143, -300.00, -6.02, 176, -230.37, 193.41
7742, 176, -230.37, 193.41, 235, 120.34, 275.07
7743, 235, 120.34, 275.07, 91, -121.20, -274.21
7744, 91, -121.20, -274.21, 52, 126.36, -271.63
7745, 52, 126.36, -271.63, 243, 165.90, 250.14
7746, 243, 165.90, 250.14, 222, 38.68, 298.28
7747, 222, 38.68, 298.28, 159, -284.53, 97.13
7748, 159, -284.53, 97.13, 65, 45.56, -295.70
7749, 65, 45.56, -295.70, 222, 38.68, 298.28
7750, 222, 38.68, 298.28, 187, -177.94, 242.41
7751, 187, -177.94, 242.41, 50, 138.40, -265.62
7752, 50, 138.40, -265.62, 9, 293.98, -58.45
7753, 9, 293.98, -58.45, 250, 202.01, 221.78
7754, 250, 202.01, 221.78, 59, 83.38, -287.97
7755, 59, 83.38, -287.97, 206, -65.33, 293.12
7756, 206, -65.33, 293.12, 141, -300.00, -18.91
7757, 141, -300.00, -18.91, 229, 83.38, 288.83
7758, 229, 83.38, 288.83, 201, -97.13, 284.53
7759, 201, -97.13, 284.53, 233, 108.31, 280.23
7760, 233, 108.31, 280.23, 201, -97.13, 284.53
7761, 201, -97.13, 284.53, 4, 298.28, -25.79
7762, 4, 298.28, -25.79, 266, 265.62, 139.26
7763, 266, 265.62, 139.26, 161, -280.23, 109.17
7764, 161, -280.23, 109.17, 254, 220.92, 202.87
7765, 254, 220.92, 202.87, 204, -78.22, 290.54
7766, 204, -78.22, 290.54, 137, -296.56, -45.56
7767, 137, -296.56, -45.56, 247, 187.39, 234.67
7768, 247, 187.39, 234.67, 4, 298.28, -25.79
7769, 4, 298.28, -25.79, 28, 244.99, -171.92
7770, 28, 244.99, -171.92, 60, 77.36, -289.68
7771, 60, 77.36, -289.68, 254, 220.92, 202.87
7772, 254, 220.92, 202.87, 218, 12.89, 300.00
7773, 218, 12.89, 300.00, 13, 287.97, -83.38
7774, 13, 287.97, -83.38, 256, 229.51, 193.41
7775, 256, 229.51, 193.41, 61, 70.49, -290.54
7776, 61, 70.49, -290.54, 208, -52.44, 295.70
7777, 208, -52.44, 295.70, 139, -298.28, -31.81
7778, 139, -298.28, -31.81, 182, -202.87, 221.78
7779, 182, -202.87, 221.78, 148, -299.14, 26.65
7780, 148, -299.14, 26.65, 22, 265.62, -138.40
7781, 22, 265.62, -138.40, 272, 281.09, 103.15
7782, 272, 281.09, 103.15, 126, -277.65, -114.33
7783, 126, -277.65, -114.33, 200, -103.15, 281.95
7784, 200, -103.15, 281.95, 249, 197.71, 226.07
7785, 249, 197.71, 226.07, 147, -300.00, 19.77
7786, 147, -300.00, 19.77, 167, -263.04, 144.41
7787, 167, -263.04, 144.41, 189, -166.76, 250.14
7788, 189, -166.76, 250.14, 139, -298.28, -31.81
7789, 139, -298.28, -31.81, 256, 229.51, 193.41
7790, 256, 229.51, 193.41, 200, -103.15, 281.95
7791, 200, -103.15, 281.95, 139, -298.28, -31.81
7792, 139, -298.28, -31.81, 229, 83.38, 288.83
7793, 229, 83.38, 288.83, 262, 252.72, 161.60
7794, 262, 252.72, 161.60, 16, 281.09, -102.29
7795, 16, 281.09, -102.29, 148, -299.14, 26.65
7796, 148, -299.14, 26.65, 259, 241.55, 177.94
7797, 259, 241.55, 177.94, 224, 51.58, 295.70
7798, 224, 51.58, 295.70, 202, -90.26, 286.25
7799, 202, -90.26, 286.25, 7, 295.70, -45.56
7800, 7, 295.70, -45.56, 263, 256.16, 156.45
7801, 263, 256.16, 156.45, 196, -127.22, 272.49
7802, 196, -127.22, 272.49, 283, 297.42, 32.66
7803, 283, 297.42, 32.66, 34, 220.92, -202.01
7804, 34, 220.92, -202.01, 286, 299.14, 13.75
7805, 286, 299.14, 13.75, 198, -115.19, 277.65
7806, 198, -115.19, 277.65, 12, 289.68, -77.36
7807, 12, 289.68, -77.36, 271, 279.37, 109.17
7808, 271, 279.37, 109.17, 243, 165.90, 250.14
7809, 243, 165.90, 250.14, 18, 276.79, -114.33
7810, 18, 276.79, -114.33, 239, 143.55, 263.04
7811, 239, 143.55, 263.04, 284, 298.28, 26.65
7812, 284, 298.28, 26.65, 256, 229.51, 193.41
7813, 256, 229.51, 193.41, 285, 299.14, 19.77
7814, 285, 299.14, 19.77, 202, -90.26, 286.25
7815, 202, -90.26, 286.25, 130, -286.25, -89.40
7816, 130, -286.25, -89.40, 193, -144.41, 263.04
7817, 193, -144.41, 263.04, 143, -300.00, -6.02
7818, 143, -300.00, -6.02, 246, 182.23, 238.11
7819, 246, 182.23, 238.11, 79, -46.42, -295.70
7820, 79, -46.42, -295.70, 234, 114.33, 277.65
7821, 234, 114.33, 277.65, 7, 295.70, -45.56
7822, 7, 295.70, -45.56, 199, -109.17, 280.23
7823, 199, -109.17, 280.23, 3, 299.14, -18.91
7824, 3, 299.14, -18.91, 39, 197.71, -225.21
7825, 39, 197.71, -225.21, 59, 83.38, -287.97
7826, 59, 83.38, -287.97, 225, 58.45, 294.84
7827, 225, 58.45, 294.84, 179, -217.48, 208.02
7828, 179, -217.48, 208.02, 89, -109.17, -279.37
7829, 89, -109.17, -279.37, 13, 287.97, -83.38
7830, 13, 287.97, -83.38, 205, -71.35, 291.40
7831, 205, -71.35, 291.40, 276, 289.68, 78.22
7832, 276, 289.68, 78.22, 235, 120.34, 275.07
7833, 235, 120.34, 275.07, 174, -238.11, 183.09
7834, 174, -238.11, 183.09, 148, -299.14, 26.65
7835, 148, -299.14, 26.65, 47, 155.59, -256.16
7836, 47, 155.59, -256.16, 2, 299.14, -12.89
7837, 2, 299.14, -12.89, 264, 259.60, 150.43
7838, 264, 259.60, 150.43, 97, -156.45, -256.16
7839, 97, -156.45, -256.16, 8, 294.84, -51.58
7840, 8, 294.84, -51.58, 193, -144.41, 263.04
7841, 193, -144.41, 263.04, 252, 211.46, 212.32
7842, 252, 211.46, 212.32, 160, -281.95, 103.15
7843, 160, -281.95, 103.15, 74, -13.75, -299.14
7844, 74, -13.75, -299.14, 29, 241.55, -177.08
7845, 29, 241.55, -177.08, 280, 294.84, 52.44
7846, 280, 294.84, 52.44, 68, 25.79, -298.28
7847, 68, 25.79, -298.28, 29, 241.55, -177.08
7848, 29, 241.55, -177.08, 271, 279.37, 109.17
7849, 271, 279.37, 109.17, 113, -234.67, -187.39
7850, 113, -234.67, -187.39, 49, 143.55, -262.18
7851, 49, 143.55, -262.18, 181, -208.02, 217.48
7852, 181, -208.02, 217.48, 152, -295.70, 52.44
7853, 152, -295.70, 52.44, 245, 177.08, 242.41
7854, 245, 177.08, 242.41, 274, 285.39, 90.26
7855, 274, 285.39, 90.26, 213, -19.77, 300.00
7856, 213, -19.77, 300.00, 63, 58.45, -293.98
7857, 63, 58.45, -293.98, 37, 207.16, -216.62
7858, 37, 207.16, -216.62, 274, 285.39, 90.26
7859, 274, 285.39, 90.26, 161, -280.23, 109.17
7860, 161, -280.23, 109.17, 214, -13.75, 300.00
7861, 214, -13.75, 300.00, 244, 171.92, 245.85
7862, 244, 171.92, 245.85, 205, -71.35, 291.40
7863, 205, -71.35, 291.40, 242, 160.74, 253.58
7864, 242, 160.74, 253.58, 277, 290.54, 71.35
7865, 277, 290.54, 71.35, 36, 211.46, -211.46
7866, 36, 211.46, -211.46, 193, -144.41, 263.04
7867, 193, -144.41, 263.04, 258, 237.25, 183.09
7868, 258, 237.25, 183.09, 185, -188.25, 234.67
7869, 185, -188.25, 234.67, 229, 83.38, 288.83
7870, 229, 83.38, 288.83, 253, 216.62, 208.02
7871, 253, 216.62, 208.02, 202, -90.26, 286.25
7872, 202, -90.26, 286.25, 127, -280.23, -108.31
7873, 127, -280.23, -108.31, 37, 207.16, -216.62
7874, 37, 207.16, -216.62, 277, 290.54, 71.35
7875, 277, 290.54, 71.35, 170, -253.58, 161.60
7876, 170, -253.58, 161.60, 230, 89.40, 286.25
7877, 230, 89.40, 286.25, 207, -59.31, 294.84
7878, 207, -59.31, 294.84, 256, 229.51, 193.41
7879, 256, 229.51, 193.41, 76, -26.65, -298.28
7880, 76, -26.65, -298.28, 28, 244.99, -171.92
7881, 28, 244.99, -171.92, 287, 299.14, 6.88
7882, 287, 299.14, 6.88, 204, -78.22, 290.54
7883, 204, -78.22, 290.54, 270, 276.79, 115.19
7884, 270, 276.79, 115.19, 110, -221.78, -202.01
7885, 110, -221.78, -202.01, 194, -139.26, 266.48
7886, 194, -139.26, 266.48, 145, -300.00, 6.88
7887, 145, -300.00, 6.88, 195, -133.24, 269.91
7888, 195, -133.24, 269.91, 234, 114.33, 277.65
7889, 234, 114.33, 277.65, 59, 83.38, -287.97
7890, 59, 83.38, -287.97, 168, -260.46, 150.43
7891, 168, -260.46, 150.43, 144, -300.00, -0.00
7892, 144, -300.00, -0.00, 175, -234.67, 188.25
7893, 175, -234.67, 188.25, 219, 18.91, 300.00
7894, 219, 18.91, 300.00, 270, 276.79, 115.19
7895, 270, 276.79, 115.19, 6, 297.42, -38.68
7896, 6, 297.42, -38.68, 252, 211.46, 212.32
7897, 252, 211.46, 212.32, 1, 299.14, -6.02
7898, 1, 299.14, -6.02, 206, -65.33, 293.12
7899, 206, -65.33, 293.12, 10, 292.26, -64.47
7900, 10, 292.26, -64.47, 52, 126.36, -271.63
7901, 52, 126.36, -271.63, 186, -183.09, 238.11
7902, 186, -183.09, 238.11, 241, 155.59, 257.02
7903, 241, 155.59, 257.02, 182, -202.87, 221.78
7904, 182, -202.87, 221.78, 246, 182.23, 238.11
7905, 246, 182.23, 238.11, 187, -177.94, 242.41
7906, 187, -177.94, 242.41, 132, -290.54, -77.36
7907, 132, -290.54, -77.36, 194, -139.26, 266.48
7908, 194, -139.26, 266.48, 51, 132.38, -269.05
7909, 51, 132.38, -269.05, 260, 244.99, 172.78
7910, 260, 244.99, 172.78, 53, 120.34, -274.21
7911, 53, 120.34, -274.21, 192, -150.43, 260.46
7912, 192, -150.43, 260.46, 124, -272.49, -126.36
7913, 124, -272.49, -126.36, 188, -172.78, 245.85
7914, 188, -172.78, 245.85, 166, -266.48, 139.26
7915, 166, -266.48, 139.26, 207, -59.31, 294.84
7916, 207, -59.31, 294.84, 143, -300.00, -6.02
7917, 143, -300.00, -6.02, 233, 108.31, 280.23
7918, 233, 108.31, 280.23, 39, 197.71, -225.21
7919, 39, 197.71, -225.21, 8, 294.84, -51.58
7920, 8, 294.84, -51.58, 261, 249.28, 166.76
7921, 261, 249.28, 166.76, 201, -97.13, 284.53
7922, 201, -97.13, 284.53, 11, 290.54, -70.49
7923, 11, 290.54, -70.49, 210, -39.54, 298.28
7924, 210, -39.54, 298.28, 62, 64.47, -292.26
7925, 62, 64.47, -292.26, 215, -6.88, 300.00
7926, 215, -6.88, 300.00, 52, 126.36, -271.63
7927, 52, 126.36, -271.63, 199, -109.17, 280.23
7928, 199, -109.17, 280.23, 245, 177.08, 242.41
7929, 245, 177.08, 242.41, 280, 294.84, 52.44
7930, 280, 294.84, 52.44, 26, 252.72, -160.74
7931, 26, 252.72, -160.74, 66, 38.68, -297.42
7932, 66, 38.68, -297.42, 37, 207.16, -216.62
7933, 37, 207.16, -216.62, 6, 297.42, -38.68
7934, 6, 297.42, -38.68, 47, 155.59, -256.16
7935, 47, 155.59, -256.16, 161, -280.23, 109.17
7936, 161, -280.23, 109.17, 279, 293.98, 59.31
7937, 279, 293.98, 59.31, 85, -84.24, -287.97
7938, 85, -84.24, -287.97, 238, 138.40, 266.48
7939, 238, 138.40, 266.48, 216, -0.86, 300.00
7940, 216, -0.86, 300.00, 154, -293.12, 65.33
7941, 154, -293.12, 65.33, 180, -212.32, 212.32
7942, 180, -212.32, 212.32, 90, -115.19, -276.79
7943, 90, -115.19, -276.79, 34, 220.92, -202.01
7944, 34, 220.92, -202.01, 71, 6.02, -299.14
7945, 71, 6.02, -299.14, 161, -280.23, 109.17
7946, 161, -280.23, 109.17, 221, 31.81, 298.28
7947, 221, 31.81, 298.28, 138, -298.28, -38.68
7948, 138, -298.28, -38.68, 162, -277.65, 115.19
7949, 162, -277.65, 115.19, 191, -156.45, 257.02
7950, 191, -156.45, 257.02, 251, 207.16, 217.48
7951, 251, 207.16, 217.48, 271, 279.37, 109.17
7952, 271, 279.37, 109.17, 99, -166.76, -249.28
7953, 99, -166.76, -249.28, 17, 279.37, -108.31
7954, 17, 279.37, -108.31, 280, 294.84, 52.44
7955, 280, 294.84, 52.44, 164, -272.49, 127.22
7956, 164, -272.49, 127.22, 186, -183.09, 238.11
7957, 186, -183.09, 238.11, 140, -299.14, -25.79
7958, 140, -299.14, -25.79, 160, -281.95, 103.15
7959, 160, -281.95, 103.15, 246, 182.23, 238.11
7960, 246, 182.23, 238.11, 146, -300.00, 13.75
7961, 146, -300.00, 13.75, 166, -266.48, 139.26
7962, 166, -266.48, 139.26, 226, 64.47, 293.12
7963, 226, 64.47, 293.12, 168, -260.46, 150.43
7964, 168, -260.46, 150.43, 281, 295.70, 46.42
7965, 281, 295.70, 46.42, 20, 271.63, -126.36
7966, 20, 271.63, -126.36, 259, 241.55, 177.94
7967, 259, 241.55, 177.94, 204, -78.22, 290.54
7968, 204, -78.22, 290.54, 141, -300.00, -18.91
7969, 141, -300.00, -18.91, 200, -103.15, 281.95
7970, 200, -103.15, 281.95, 54, 114.33, -276.79
7971, 54, 114.33, -276.79, 256, 229.51, 193.41
7972, 256, 229.51, 193.41, 9, 293.98, -58.45
7973, 9, 293.98, -58.45, 224, 51.58, 295.70
7974, 224, 51.58, 295.70, 168, -260.46, 150.43
7975, 168, -260.46, 150.43, 139, -298.28, -31.81
7976, 139, -298.28, -31.81, 184, -193.41, 230.37
7977, 184, -193.41, 230.37, 232, 102.29, 281.95
7978, 232, 102.29, 281.95, 87, -97.13, -283.67
7979, 87, -97.13, -283.67, 262, 252.72, 161.60
7980, 262, 252.72, 161.60, 15, 283.67, -96.28
7981, 15, 283.67, -96.28, 228, 77.36, 290.54
7982, 228, 77.36, 290.54, 279, 293.98, 59.31
7983, 279, 293.98, 59.31, 36, 211.46, -211.46
7984, 36, 211.46, -211.46, 70, 12.89, -299.14
7985, 70, 12.89, -299.14, 282, 297.42, 39.54
7986, 282, 297.42, 39.54, 238, 138.40, 266.48
7987, 238, 138.40, 266.48, 195, -133.24, 269.91
7988, 195, -133.24, 269.91, 119, -257.02, -155.59
7989, 119, -257.02, -155.59, 190, -161.60, 253.58
7990, 190, -161.60, 253.58, 25, 256.16, -155.59
7991, 25, 256.16, -155.59, 55, 108.31, -279.37
7992, 55, 108.31, -279.37, 8, 294.84, -51.58
7993, 8, 294.84, -51.58, 77, -32.66, -297.42
7994, 77, -32.66, -297.42, 166, -266.48, 139.26
7995, 166, -266.48, 139.26, 197, -121.20, 275.07
7996, 197, -121.20, 275.07, 279, 293.98, 59.31
7997, 279, 293.98, 59.31, 168, -260.46, 150.43
7998, 168, -260.46, 150.43, 248, 192.55, 230.37
7999, 248, 192.55, 230.37, 274, 285.39, 90.26
8000, 274, 285.39, 90.26, 140, -299.14, -25.79
8001, 140, -299.14, -25.79, 209, -46.42, 296.56
8002, 209, -46.42, 296.56, 262, 252.72, 161.60
8003, 262, 252.72, 161.60, 141, -300.00, -18.91
8004, 141, -300.00, -18.91, 237, 132.38, 269.91
8005, 237, 132.38, 269.91, 284, 298.28, 26.65
8006, 284, 298.28, 26.65, 42, 182.23, -237.25
8007, 42, 182.23, -237.25, 185, -188.25, 234.67
8008, 185, -188.25, 234.67, 161, -280.23, 109.17
8009, 161, -280.23, 109.17, 13, 287.97, -83.38
8010, 13, 287.97, -83.38, 219, 18.91, 300.00
8011, 219, 18.91, 300.00, 240, 149.57, 260.46
8012, 240, 149.57, 260.46, 213, -19.77, 300.00
8013, 213, -19.77, 300.00, 181, -208.02, 217.48
8014, 181, -208.02, 217.48, 149, -298.28, 32.66
8015, 149, -298.28, 32.66, 213, -19.77, 300.00
8016, 213, -19.77, 300.00, 244, 171.92, 245.85
8017, 244, 171.92, 245.85, 179, -217.48, 208.02
8018, 179, -217.48, 208.02, 239, 143.55, 263.04
8019, 239, 143.55, 263.04, 187, -177.94, 242.41
8020, 187, -177.94, 242.41, 152, -295.70, 52.44
8021, 152, -295.70, 52.44, 64, 51.58, -294.84
8022, 64, 51.58, -294.84, 257, 233.81, 188.25
8023, 257, 233.81, 188.25, 286, 299.14, 13.75
8024, 286, 299.14, 13.75, 35, 216.62, -207.16
8025, 35, 216.62, -207.16, 57, 96.28, -283.67
8026, 57, 96.28, -283.67, 37, 207.16, -216.62
8027, 37, 207.16, -216.62, 59, 83.38, -287.97
8028, 59, 83.38, -287.97, 227, 70.49, 291.40
8029, 227, 70.49, 291.40, 185, -188.25, 234.67
8030, 185, -188.25, 234.67, 125, -275.07, -120.34
8031, 125, -275.07, -120.34, 40, 192.55, -229.51
8032, 40, 192.55, -229.51, 168, -260.46, 150.43
8033, 168, -260.46, 150.43, 225, 58.45, 294.84
8034, 225, 58.45, 294.84, 14, 285.39, -89.40
8035, 14, 285.39, -89.40, 263, 256.16, 156.45
8036, 263, 256.16, 156.45, 196, -127.22, 272.49
8037, 196, -127.22, 272.49, 234, 114.33, 277.65
8038, 234, 114.33, 277.65, 140, -299.14, -25.79
8039, 140, -299.14, -25.79, 285, 299.14, 19.77
8040, 285, 299.14, 19.77, 148, -299.14, 26.65
8041, 148, -299.14, 26.65, 41, 187.39, -233.81
8042, 41, 187.39, -233.81, 70, 12.89, -299.14
8043, 70, 12.89, -299.14, 21, 269.05, -132.38
8044, 21, 269.05, -132.38, 0, 300.00, -0.00
8045, 0, 300.00, -0.00, 267, 269.05, 133.24
8046, 267, 269.05, 133.24, 108, -212.32, -211.46
8047, 108, -212.32, -211.46, 196, -127.22, 272.49
8048, 196, -127.22, 272.49, 3, 299.14, -18.91
8049, 3, 299.14, -18.91, 253, 216.62, 208.02
8050, 253, 216.62, 208.02, 195, -133.24, 269.91
8051, 195, -133.24, 269.91, 55, 108.31, -279.37
8052, 55, 108.31, -279.37, 220, 25.79, 299.14
8053, 220, 25.79, 299.14, 159, -284.53, 97.13
8054, 159, -284.53, 97.13, 51, 132.38, -269.05
8055, 51, 132.38, -269.05, 111, -226.07, -197.71
8056, 111, -226.07, -197.71, 251, 207.16, 217.48
8057, 251, 207.16, 217.48, 167, -263.04, 144.41
8058, 167, -263.04, 144.41, 224, 51.58, 295.70
8059, 224, 51.58, 295.70, 65, 45.56, -295.70
8060, 65, 45.56, -295.70, 190, -161.60, 253.58
8061, 190, -161.60, 253.58, 254, 220.92, 202.87
8062, 254, 220.92, 202.87, 188, -172.78, 245.85
8063, 188, -172.78, 245.85, 128, -281.95, -102.29
8064, 128, -281.95, -102.29, 196, -127.22, 272.49
8065, 196, -127.22, 272.49, 52, 126.36, -271.63
8066, 52, 126.36, -271.63, 206, -65.33, 293.12
8067, 206, -65.33, 293.12, 258, 237.25, 183.09
8068, 258, 237.25, 183.09, 22, 265.62, -138.40
8069, 22, 265.62, -138.40, 63, 58.45, -293.98
8070, 63, 58.45, -293.98, 43, 177.08, -241.55
8071, 43, 177.08, -241.55, 157, -288.83, 84.24
8072, 157, -288.83, 84.24, 253, 216.62, 208.02
8073, 253, 216.62, 208.02, 92, -127.22, -271.63
8074, 92, -127.22, -271.63, 248, 192.55, 230.37
8075, 248, 192.55, 230.37, 7, 295.70, -45.56
8076, 7, 295.70, -45.56, 266, 265.62, 139.26
8077, 266, 265.62, 139.26, 212, -26.65, 299.14
8078, 212, -26.65, 299.14, 14, 285.39, -89.40
8079, 14, 285.39, -89.40, 253, 216.62, 208.02
8080, 253, 216.62, 208.02, 188, -172.78, 245.85
8081, 188, -172.78, 245.85, 146, -300.00, 13.75
8082, 146, -300.00, 13.75, 250, 202.01, 221.78
8083, 250, 202.01, 221.78, 162, -277.65, 115.19
8084, 162, -277.65, 115.19, 52, 126.36, -271.63
8085, 52, 126.36, -271.63, 200, -103.15, 281.95
8086, 200, -103.15, 281.95, 257, 233.81, 188.25
8087, 257, 233.81, 188.25, 199, -109.17, 280.23
8088, 199, -109.17, 280.23, 8, 294.84, -51.58
8089, 8, 294.84, -51.58, 236, 126.36, 272.49
8090, 236, 126.36, 272.49, 177, -226.07, 198.57
8091, 177, -226.07, 198.57, 142, -300.00, -12.89
8092, 142, -300.00, -12.89, 197, -121.20, 275.07
8093, 197, -121.20, 275.07, 114, -238.11, -182.23
8094, 114, -238.11, -182.23, 14, 285.39, -89.40
8095, 14, 285.39, -89.40, 239, 143.55, 263.04
8096, 239, 143.55, 263.04, 175, -234.67, 188.25
8097, 175, -234.67, 188.25, 216, -0.86, 300.00
8098, 216, -0.86, 300.00, 13, 287.97, -83.38
8099, 13, 287.97, -83.38, 261, 249.28, 166.76
8100, 261, 249.28, 166.76, 19, 274.21, -120.34
8101, 19, 274.21, -120.34, 69, 18.91, -299.14
8102, 69, 18.91, -299.14, 198, -115.19, 277.65
8103, 198, -115.19, 277.65, 178, -221.78, 202.87
8104, 178, -221.78, 202.87, 140, -299.14, -25.79
8105, 140, -299.14, -25.79, 217, 6.02, 300.00
8106, 217, 6.02, 300.00, 147, -300.00, 19.77
8107, 147, -300.00, 19.77, 170, -253.58, 161.60
8108, 170, -253.58, 161.60, 202, -90.26, 286.25
8109, 202, -90.26, 286.25, 0, 300.00, -0.00
8110, 0, 300.00, -0.00, 195, -133.24, 269.91
8111, 195, -133.24, 269.91, 227, 70.49, 291.40
8112, 227, 70.49, 291.40, 275, 287.97, 84.24
8113, 275, 287.97, 84.24, 235, 120.34, 275.07
8114, 235, 120.34, 275.07, 191, -156.45, 257.02
8115, 191, -156.45, 257.02, 230, 89.40, 286.25
8116, 230, 89.40, 286.25, 202, -90.26, 286.25
8117, 202, -90.26, 286.25, 13, 287.97, -83.38
8118, 13, 287.97, -83.38, 145, -300.00, 6.88
8119, 145, -300.00, 6.88, 195, -133.24, 269.91
8120, 195, -133.24, 269.91, 279, 293.98, 59.31
8121, 279, 293.98, 59.31, 31, 233.81, -187.39
8122, 31, 233.81, -187.39, 74, -13.75, -299.14
8123, 74, -13.75, -299.14, 38, 202.01, -220.92
8124, 38, 202.01, -220.92, 0, 300.00, -0.00
8125, 0, 300.00, -0.00, 243, 165.90, 250.14
8126, 243, 165.90, 250.14, 59, 83.38, -287.97
8127, 59, 83.38, -287.97, 164, -272.49, 127.22
8128, 164, -272.49, 127.22, 213, -19.77, 300.00
8129, 213, -19.77, 300.00, 150, -298.28, 39.54
8130, 150, -298.28, 39.54, 241, 155.59, 257.02
8131, 241, 155.59, 257.02, 85, -84.24, -287.97
8132, 85, -84.24, -287.97, 30, 237.25, -182.23
8133, 30, 237.25, -182.23, 277, 290.54, 71.35
8134, 277, 290.54, 71.35, 27, 249.28, -165.90
8135, 27, 249.28, -165.90, 265, 262.18, 144.41
8136, 265, 262.18, 144.41, 102, -183.09, -237.25
8137, 102, -183.09, -237.25, 177, -226.07, 198.57
8138, 177, -226.07, 198.57, 144, -300.00, -0.00
8139, 144, -300.00, -0.00, 59, 83.38, -287.97
8140, 59, 83.38, -287.97, 159, -284.53, 97.13
8141, 159, -284.53, 97.13, 221, 31.81, 298.28
8142, 221, 31.81, 298.28, 248, 192.55, 230.37
8143, 248, 192.55, 230.37, 207, -59.31, 294.84
8144, 207, -59.31, 294.84, 136, -295.70, -51.58
8145, 136, -295.70, -51.58, 191, -156.45, 257.02
8146, 191, -156.45, 257.02, 1, 299.14, -6.02
8147, 1, 299.14, -6.02, 255, 225.21, 198.57
8148, 255, 225.21, 198.57, 203, -84.24, 288.83
8149, 203, -84.24, 288.83, 245, 177.08, 242.41
8150, 245, 177.08, 242.41, 2, 299.14, -12.89
8151, 2, 299.14, -12.89, 242, 160.74, 253.58
8152, 242, 160.74, 253.58, 285, 299.14, 19.77
8153, 285, 299.14, 19.77, 206, -65.33, 293.12
8154, 206, -65.33, 293.12, 254, 220.92, 202.87
8155, 254, 220.92, 202.87, 30, 237.25, -182.23
8156, 30, 237.25, -182.23, 75, -19.77, -299.14
8157, 75, -19.77, -299.14, 159, -284.53, 97.13
8158, 159, -284.53, 97.13, 229, 83.38, 288.83
8159, 229, 83.38, 288.83, 209, -46.42, 296.56
8160, 209, -46.42, 296.56, 62, 64.47, -292.26
8161, 62, 64.47, -292.26, 38, 202.01, -220.92
8162, 38, 202.01, -220.92, 99, -166.76, -249.28
8163, 99, -166.76, -249.28, 259, 241.55, 177.94
8164, 259, 241.55, 177.94, 188, -172.78, 245.85
8165, 188, -172.78, 245.85, 219, 18.91, 300.00
8166, 219, 18.91, 300.00, 138, -298.28, -38.68
8167, 138, -298.28, -38.68, 245, 177.08, 242.41
8168, 245, 177.08, 242.41, 195, -133.24, 269.91
8169, 195, -133.24, 269.91, 224, 51.58, 295.70
8170, 224, 51.58, 295.70, 204, -78.22, 290.54
8171, 204, -78.22, 290.54, 171, -250.14, 166.76
8172, 171, -250.14, 166.76, 237, 132.38, 269.91
8173, 237, 132.38, 269.91, 199, -109.17, 280.23
8174, 199, -109.17, 280.23, 287, 299.14, 6.88
8175, 287, 299.14, 6.88, 260, 244.99, 172.78
8176, 260, 244.99, 172.78, 285, 299.14, 19.77
8177, 285, 299.14, 19.77, 25, 256.16, -155.59
8178, 25, 256.16, -155.59, 81, -59.31, -293.98
8179, 81, -59.31, -293.98, 264, 259.60, 150.43
8180, 264, 259.60, 150.43, 24, 259.60, -149.57
8181, 24, 259.60, -149.57, 80, -52.44, -294.84
8182, 80, -52.44, -294.84, 232, 102.29, 281.95
8183, 232, 102.29, 281.95, 139, -298.28, -31.81
8184, 139, -298.28, -31.81, 172, -245.85, 172.78
8185, 172, -245.85, 172.78, 152, -295.70, 52.44
8186, 152, -295.70, 52.44, 205, -71.35, 291.40
8187, 205, -71.35, 291.40, 185, -188.25, 234.67
8188, 185, -188.25, 234.67, 255, 225.21, 198.57
8189, 255, 225.21, 198.57, 198, -115.19, 277.65
8190, 198, -115.19, 277.65, 7, 295.70, -45.56
8191, 7, 295.70, -45.56, 199, -109.17, 280.23
8192, 199, -109.17, 280.23, 264, 259.60, 150.43
8193, 264, 259.60, 150.43, 11, 290.54, -70.49
8194, 11, 290.54, -70.49, 253, 216.62, 208.02
8195, 253, 216.62, 208.02, 201, -97.13, 284.53
8196, 201, -97.13, 284.53, 271, 279.37, 109.17
8197, 271, 279.37, 109.17, 155, -291.40, 71.35
8198, 155, -291.40, 71.35, 235, 120.34, 275.07
8199, 235, 120.34, 275.07, 140, -299.14, -25.79
8200, 140, -299.14, -25.79, 180, -212.32, 212.32
8201, 180, -212.32, 212.32, 235, 120.34, 275.07
8202, 235, 120.34, 275.07, 57, 96.28, -283.67
8203, 57, 96.28, -283.67, 210, -39.54, 298.28
8204, 210, -39.54, 298.28, 144, -300.00, -0.00
8205, 144, -300.00, -0.00, 183, -198.57, 226.07
8206, 183, -198.57, 226.07, 143, -300.00, -6.02
8207, 143, -300.00, -6.02, 165, -269.91, 133.24
8208, 165, -269.91, 133.24, 67, 31.81, -297.42
8209, 67, 31.81, -297.42, 258, 237.25, 183.09
8210, 258, 237.25, 183.09, 30, 237.25, -182.23
8211, 30, 237.25, -182.23, 287, 299.14, 6.88
8212, 287, 299.14, 6.88, 196, -127.22, 272.49
8213, 196, -127.22, 272.49, 284, 298.28, 26.65
8214, 284, 298.28, 26.65, 29, 241.55, -177.08
8215, 29, 241.55, -177.08, 273, 283.67, 97.13
8216, 273, 283.67, 97.13, 37, 207.16, -216.62
8217, 37, 207.16, -216.62, 276, 289.68, 78.22
8218, 276, 289.68, 78.22, 255, 225.21, 198.57
8219, 255, 225.21, 198.57, 166, -266.48, 139.26
8220, 166, -266.48, 139.26, 227, 70.49, 291.40
8221, 227, 70.49, 291.40, 172, -245.85, 172.78
8222, 172, -245.85, 172.78, 59, 83.38, -287.97
8223, 59, 83.38, -287.97, 212, -26.65, 299.14
8224, 212, -26.65, 299.14, 261, 249.28, 166.76
8225, 261, 249.28, 166.76, 223, 45.56, 296.56
8226, 223, 45.56, 296.56, 174, -238.11, 183.09
8227, 174, -238.11, 183.09, 145, -300.00, 6.88
8228, 145, -300.00, 6.88, 261, 249.28, 166.76
8229, 261, 249.28, 166.76, 52, 126.36, -271.63
8230, 52, 126.36, -271.63, 222, 38.68, 298.28
8231, 222, 38.68, 298.28, 10, 292.26, -64.47
8232, 10, 292.26, -64.47, 231, 96.28, 284.53
8233, 231, 96.28, 284.53, 85, -84.24, -287.97
8234, 85, -84.24, -287.97, 251, 207.16, 217.48
8235, 251, 207.16, 217.48, 64, 51.58, -294.84
8236, 64, 51.58, -294.84, 213, -19.77, 300.00
8237, 213, -19.77, 300.00, 162, -277.65, 115.19
8238, 162, -277.65, 115.19, 56, 102.29, -281.09
8239, 56, 102.29, -281.09, 204, -78.22, 290.54
8240, 204, -78.22, 290.54, 132, -290.54, -77.36
8241, 132, -290.54, -77.36, 194, -139.26, 266.48
8242, 194, -139.26, 266.48, 230, 89.40, 286.25
8243, 230, 89.40, 286.25, 150, -298.28, 39.54
8244, 150, -298.28, 39.54, 173, -242.41, 177.94
8245, 173, -242.41, 177.94, 100, -172.78, -244.99
8246, 100, -172.78, -244.99, 267, 269.05, 133.24
8247, 267, 269.05, 133.24, 14, 285.39, -89.40
8248, 14, 285.39, -89.40, 41, 187.39, -233.81
8249, 41, 187.39, -233.81, 9, 293.98, -58.45
8250, 9, 293.98, -58.45, 37, 207.16, -216.62
8251, 37, 207.16, -216.62, 165, -269.91, 133.24
8252, 165, -269.91, 133.24, 194, -139.26, 266.48
8253, 194, -139.26, 266.48, 242, 160.74, 253.58
8254, 242, 160.74, 253.58, 191, -156.45, 257.02
8255, 191, -156.45, 257.02, 260, 244.99, 172.78
8256, 260, 244.99, 172.78, 2, 299.14, -12.89
8257, 2, 299.14, -12.89, 202, -90.26, 286.25
8258, 202, -90.26, 286.25, 232, 102.29, 281.95
8259, 232, 102.29, 281.95, 148, -299.14, 26.65
8260, 148, -299.14, 26.65, 211, -32.66, 298.28
8261, 211, -32.66, 298.28, 178, -221.78, 202.87
8262, 178, -221.78, 202.87, 18, 276.79, -114.33
8263, 18, 276.79, -114.33, 239, 143.55, 263.04
8264, 239, 143.55, 263.04, 154, -293.12, 65.33
8265, 154, -293.12, 65.33, 58, 89.40, -285.39
8266, 58, 89.40, -285.39, 30, 237.25, -182.23
8267, 30, 237.25, -182.23, 149, -298.28, 32.66
8268, 149, -298.28, 32.66, 177, -226.07, 198.57
8269, 177, -226.07, 198.57, 47, 155.59, -256.16
8270, 47, 155.59, -256.16, 0, 300.00, -0.00
8271, 0, 300.00, -0.00, 255, 225.21, 198.57
8272, 255, 225.21, 198.57, 16, 281.09, -102.29
8273, 16, 281.09, -102.29, 103, -188.25, -233.81
8274, 103, -188.25, -233.81, 189, -166.76, 250.14
8275, 189, -166.76, 250.14, 239, 143.55, 263.04
8276, 239, 143.55, 263.04, 137, -296.56, -45.56
8277, 137, -296.56, -45.56, 241, 155.59, 257.02
8278, 241, 155.59, 257.02, 198, -115.19, 277.65
8279, 198, -115.19, 277.65, 168, -260.46, 150.43
8280, 168, -260.46, 150.43, 140, -299.14, -25.79
8281, 140, -299.14, -25.79, 210, -39.54, 298.28
8282, 210, -39.54, 298.28, 142, -300.00, -12.89
8283, 142, -300.00, -12.89, 166, -266.48, 139.26
8284, 166, -266.48, 139.26, 190, -161.60, 253.58
8285, 190, -161.60, 253.58, 250, 202.01, 221.78
8286, 250, 202.01, 221.78, 4, 298.28, -25.79
8287, 4, 298.28, -25.79, 260, 244.99, 172.78
8288, 260, 244.99, 172.78, 199, -109.17, 280.23
8289, 199, -109.17, 280.23, 279, 293.98, 59.31
8290, 279, 293.98, 59.31, 33, 225.21, -197.71
8291, 33, 225.21, -197.71, 69, 18.91, -299.14
8292, 69, 18.91, -299.14, 26, 252.72, -160.74
8293, 26, 252.72, -160.74, 78, -39.54, -297.42
8294, 78, -39.54, -297.42, 158, -286.25, 90.26
8295, 158, -286.25, 90.26, 216, -0.86, 300.00
8296, 216, -0.86, 300.00, 59, 83.38, -287.97
8297, 59, 83.38, -287.97, 247, 187.39, 234.67
8298, 247, 187.39, 234.67, 198, -115.19, 277.65
8299, 198, -115.19, 277.65, 122, -266.48, -138.40
8300, 122, -266.48, -138.40, 195, -133.24, 269.91
8301, 195, -133.24, 269.91, 144, -300.00, -0.00
8302, 144, -300.00, -0.00, 278, 292.26, 65.33
8303, 278, 292.26, 65.33, 196, -127.22, 272.49
8304, 196, -127.22, 272.49, 228, 77.36, 290.54
8305, 228, 77.36, 290.54, 89, -109.17, -279.37
8306, 89, -109.17, -279.37, 243, 165.90, 250.14
8307, 243, 165.90, 250.14, 142, -300.00, -12.89
8308, 142, -300.00, -12.89, 162, -277.65, 115.19
8309, 162, -277.65, 115.19, 237, 132.38, 269.91
8310, 237, 132.38, 269.91, 268, 271.63, 127.22
8311, 268, 271.63, 127.22, 139, -298.28, -31.81
8312, 139, -298.28, -31.81, 259, 241.55, 177.94
8313, 259, 241.55, 177.94, 203, -84.24, 288.83
8314, 203, -84.24, 288.83, 56, 102.29, -281.09
8315, 56, 102.29, -281.09, 207, -59.31, 294.84
8316, 207, -59.31, 294.84, 60, 77.36, -289.68
8317, 60, 77.36, -289.68, 32, 229.51, -192.55
8318, 32, 229.51, -192.55, 64, 51.58, -294.84
8319, 64, 51.58, -294.84, 163, -275.07, 121.20
8320, 163, -275.07, 121.20, 202, -90.26, 286.25
8321, 202, -90.26, 286.25, 276, 289.68, 78.22
8322, 276, 289.68, 78.22, 35, 216.62, -207.16
8323, 35, 216.62, -207.16, 55, 108.31, -279.37
8324, 55, 108.31, -279.37, 215, -6.88, 300.00
8325, 215, -6.88, 300.00, 46, 160.74, -252.72
8326, 46, 160.74, -252.72, 280, 294.84, 52.44
8327, 280, 294.84, 52.44, 196, -127.22, 272.49
8328, 196, -127.22, 272.49, 225, 58.45, 294.84
8329, 225, 58.45, 294.84, 9, 293.98, -58.45
8330, 9, 293.98, -58.45, 250, 202.01, 221.78
8331, 250, 202.01, 221.78, 197, -121.20, 275.07
8332, 197, -121.20, 275.07, 8, 294.84, -51.58
8333, 8, 294.84, -51.58, 235, 120.34, 275.07
8334, 235, 120.34, 275.07, 188, -172.78, 245.85
8335, 188, -172.78, 245.85, 138, -298.28, -38.68
8336, 138, -298.28, -38.68, 201, -97.13, 284.53
8337, 201, -97.13, 284.53, 5, 297.42, -31.81
8338, 5, 297.42, -31.81, 246, 182.23, 238.11
8339, 246, 182.23, 238.11, 205, -71.35, 291.40
8340, 205, -71.35, 291.40, 263, 256.16, 156.45
8341, 263, 256.16, 156.45, 3, 299.14, -18.91
8342, 3, 299.14, -18.91, 48, 149.57, -259.60
8343, 48, 149.57, -259.60, 187, -177.94, 242.41
8344, 187, -177.94, 242.41, 230, 89.40, 286.25
8345, 230, 89.40, 286.25, 254, 220.92, 202.87
8346, 254, 220.92, 202.87, 7, 295.70, -45.56
8347, 7, 295.70, -45.56, 51, 132.38, -269.05
8348, 51, 132.38, -269.05, 201, -97.13, 284.53
8349, 201, -97.13, 284.53, 252, 211.46, 212.32
8350, 252, 211.46, 212.32, 160, -281.95, 103.15
8351, 160, -281.95, 103.15, 70, 12.89, -299.14
8352, 70, 12.89, -299.14, 28, 244.99, -171.92
8353, 28, 244.99, -171.92, 270, 276.79, 115.19
8354, 270, 276.79, 115.19, 220, 25.79, 299.14
8355, 220, 25.79, 299.14, 68, 25.79, -298.28
8356, 68, 25.79, -298.28, 31, 233.81, -187.39
8357, 31, 233.81, -187.39, 61, 70.49, -290.54
8358, 61, 70.49, -290.54, 41, 187.39, -233.81
8359, 41, 187.39, -233.81, 0, 300.00, -0.00
8360, 0, 300.00, -0.00, 264, 259.60, 150.43
8361, 264, 259.60, 150.43, 285, 299.14, 19.77
8362, 285, 299.14, 19.77, 242, 160.74, 253.58
8363, 242, 160.74, 253.58, 151, -296.56, 46.42
8364, 151, -296.56, 46.42, 177, -226.07, 198.57
8365, 177, -226.07, 198.57, 241, 155.59, 257.02
8366, 241, 155.59, 257.02, 146, -300.00, 13.75
8367, 146, -300.00, 13.75, 218, 12.89, 300.00
8368, 218, 12.89, 300.00, 179, -217.48, 208.02
8369, 179, -217.48, 208.02, 244, 171.92, 245.85
8370, 244, 171.92, 245.85, 147, -300.00, 19.77
8371, 147, -300.00, 19.77, 240, 149.57, 260.46
8372, 240, 149.57, 260.46, 83, -71.35, -290.54
8373, 83, -71.35, -290.54, 173, -242.41, 177.94
8374, 173, -242.41, 177.94, 153, -294.84, 59.31
8375, 153, -294.84, 59.31, 55, 108.31, -279.37
8376, 55, 108.31, -279.37, 252, 211.46, 212.32
8377, 252, 211.46, 212.32, 174, -238.11, 183.09
8378, 174, -238.11, 183.09, 230, 89.40, 286.25
8379, 230, 89.40, 286.25, 19, 274.21, -120.34
8380, 19, 274.21, -120.34, 40, 192.55, -229.51
8381, 40, 192.55, -229.51, 226, 64.47, 293.12
8382, 226, 64.47, 293.12, 84, -78.22, -289.68
8383, 84, -78.22, -289.68, 260, 244.99, 172.78
8384, 260, 244.99, 172.78, 83, -71.35, -290.54
8385, 83, -71.35, -290.54, 236, 126.36, 272.49
8386, 236, 126.36, 272.49, 144, -300.00, -0.00
8387, 144, -300.00, -0.00, 214, -13.75, 300.00
8388, 214, -13.75, 300.00, 60, 77.36, -289.68
8389, 60, 77.36, -289.68, 161, -280.23, 109.17
8390, 161, -280.23, 109.17, 277, 290.54, 71.35
8391, 277, 290.54, 71.35, 184, -193.41, 230.37
8392, 184, -193.41, 230.37, 256, 229.51, 193.41
8393, 256, 229.51, 193.41, 188, -172.78, 245.85
8394, 188, -172.78, 245.85, 51, 132.38, -269.05
8395, 51, 132.38, -269.05, 13, 287.97, -83.38
8396, 13, 287.97, -83.38, 57, 96.28, -283.67
8397, 57, 96.28, -283.67, 220, 25.79, 299.14
8398, 220, 25.79, 299.14, 55, 108.31, -279.37
8399, 55, 108.31, -279.37, 205, -71.35, 291.40
8400, 205, -71.35, 291.40, 146, -300.00, 13.75
8401, 146, -300.00, 13.75, 228, 77.36, 290.54
8402, 228, 77.36, 290.54, 140, -299.14, -25.79
8403, 140, -299.14, -25.79, 248, 192.55, 230.37
8404, 248, 192.55, 230.37, 97, -156.45, -256.16
8405, 97, -156.45, -256.16, 257, 233.81, 188.25
8406, 257, 233.81, 188.25, 199, -109.17, 280.23
8407, 199, -109.17, 280.23, 0, 300.00, -0.00
8408, 0, 300.00, -0.00, 104, -193.41, -229.51
8409, 104, -193.41, -229.51, 188, -172.78, 245.85
8410, 188, -172.78, 245.85, 248, 192.55, 230.37
8411, 248, 192.55, 230.37, 139, -298.28, -31.81
8412, 139, -298.28, -31.81, 175, -234.67, 188.25
8413, 175, -234.67, 188.25, 85, -84.24, -287.97
8414, 85, -84.24, -287.97, 45, 165.90, -249.28
8415, 45, 165.90, -249.28, 161, -280.23, 109.17
8416, 161, -280.23, 109.17, 69, 18.91, -299.14
8417, 69, 18.91, -299.14, 30, 237.25, -182.23
8418, 30, 237.25, -182.23, 272, 281.09, 103.15
8419, 272, 281.09, 103.15, 197, -121.20, 275.07
8420, 197, -121.20, 275.07, 127, -280.23, -108.31
8421, 127, -280.23, -108.31, 190, -161.60, 253.58
8422, 190, -161.60, 253.58, 48, 149.57, -259.60
8423, 48, 149.57, -259.60, 112, -230.37, -192.55
8424, 112, -230.37, -192.55, 274, 285.39, 90.26
8425, 274, 285.39, 90.26, 129, -284.53, -96.28
8426, 129, -284.53, -96.28, 201, -97.13, 284.53
8427, 201, -97.13, 284.53, 286, 299.14, 13.75
8428, 286, 299.14, 13.75, 22, 265.62, -138.40
8429, 22, 265.62, -138.40, 183, -198.57, 226.07
8430, 183, -198.57, 226.07, 277, 290.54, 71.35
8431, 277, 290.54, 71.35, 200, -103.15, 281.95
8432, 200, -103.15, 281.95, 53, 120.34, -274.21
8433, 53, 120.34, -274.21, 196, -127.22, 272.49
8434, 196, -127.22, 272.49, 143, -300.00, -6.02
8435, 143, -300.00, -6.02, 183, -198.57, 226.07
8436, 183, -198.57, 226.07, 247, 187.39, 234.67
8437, 247, 187.39, 234.67, 143, -300.00, -6.02
8438, 143, -300.00, -6.02, 207, -59.31, 294.84
8439, 207, -59.31, 294.84, 238, 138.40, 266.48
8440, 238, 138.40, 266.48, 21, 269.05, -132.38
8441, 21, 269.05, -132.38, 275, 287.97, 84.24
8442, 275, 287.97, 84.24, 63, 58.45, -293.98
8443, 63, 58.45, -293.98, 211, -32.66, 298.28
8444, 211, -32.66, 298.28, 139, -298.28, -31.81
8445, 139, -298.28, -31.81, 173, -242.41, 177.94
8446, 173, -242.41, 177.94, 88, -103.15, -281.09
8447, 88, -103.15, -281.09, 236, 126.36, 272.49
8448, 236, 126.36, 272.49, 150, -298.28, 39.54
8449, 150, -298.28, 39.54, 29, 241.55, -177.08
8450, 29, 241.55, -177.08, 266, 265.62, 139.26
8451, 266, 265.62, 139.26, 13, 287.97, -83.38
8452, 13, 287.97, -83.38, 253, 216.62, 208.02
8453, 253, 216.62, 208.02, 286, 299.14, 13.75
8454, 286, 299.14, 13.75, 204, -78.22, 290.54
8455, 204, -78.22, 290.54, 280, 294.84, 52.44
8456, 280, 294.84, 52.44, 12, 289.68, -77.36
8457, 12, 289.68, -77.36, 46, 160.74, -252.72
8458, 46, 160.74, -252.72, 116, -245.85, -171.92
8459, 116, -245.85, -171.92, 41, 187.39, -233.81
8460, 41, 187.39, -233.81, 278, 292.26, 65.33
8461, 278, 292.26, 65.33, 25, 256.16, -155.59
8462, 25, 256.16, -155.59, 274, 285.39, 90.26
8463, 274, 285.39, 90.26, 196, -127.22, 272.49
8464, 196, -127.22, 272.49, 138, -298.28, -38.68
8465, 138, -298.28, -38.68, 185, -188.25, 234.67
8466, 185, -188.25, 234.67, 145, -300.00, 6.88
8467, 145, -300.00, 6.88, 227, 70.49, 291.40
8468, 227, 70.49, 291.40, 4, 298.28, -25.79
8469, 4, 298.28, -25.79, 168, -260.46, 150.43
8470, 168, -260.46, 150.43, 140, -299.14, -25.79
8471, 140, -299.14, -25.79, 232, 102.29, 281.95
8472, 232, 102.29, 281.95, 9, 293.98, -58.45
8473, 9, 293.98, -58.45, 203, -84.24, 288.83
8474, 203, -84.24, 288.83, 54, 114.33, -276.79
8475, 54, 114.33, -276.79, 192, -150.43, 260.46
8476, 192, -150.43, 260.46, 138, -298.28, -38.68
8477, 138, -298.28, -38.68, 205, -71.35, 291.40
8478, 205, -71.35, 291.40, 250, 202.01, 221.78
8479, 250, 202.01, 221.78, 185, -188.25, 234.67
8480, 185, -188.25, 234.67, 49, 143.55, -262.18
8481, 49, 143.55, -262.18, 157, -288.83, 84.24
8482, 157, -288.83, 84.24, 214, -13.75, 300.00
8483, 214, -13.75, 300.00, 148, -299.14, 26.65
8484, 148, -299.14, 26.65, 236, 126.36, 272.49
8485, 236, 126.36, 272.49, 262, 252.72, 161.60
8486, 262, 252.72, 161.60, 18, 276.79, -114.33
8487, 18, 276.79, -114.33, 282, 297.42, 39.54
8488, 282, 297.42, 39.54, 169, -257.02, 156.45
8489, 169, -257.02, 156.45, 232, 102.29, 281.95
8490, 232, 102.29, 281.95, 12, 289.68, -77.36
8491, 12, 289.68, -77.36, 229, 83.38, 288.83
8492, 229, 83.38, 288.83, 171, -250.14, 166.76
8493, 171, -250.14, 166.76, 147, -300.00, 19.77
8494, 147, -300.00, 19.77, 181, -208.02, 217.48
8495, 181, -208.02, 217.48, 245, 177.08, 242.41
8496, 245, 177.08, 242.41, 1, 299.14, -6.02
8497, 1, 299.14, -6.02, 200, -103.15, 281.95
8498, 200, -103.15, 281.95, 52, 126.36, -271.63
8499, 52, 126.36, -271.63, 31, 233.81, -187.39
8500, 31, 233.81, -187.39, 271, 279.37, 109.17
8501, 271, 279.37, 109.17, 222, 38.68, 298.28
8502, 222, 38.68, 298.28, 180, -212.32, 212.32
8503, 180, -212.32, 212.32, 231, 96.28, 284.53
8504, 231, 96.28, 284.53, 138, -298.28, -38.68
8505, 138, -298.28, -38.68, 206, -65.33, 293.12
8506, 206, -65.33, 293.12, 15, 283.67, -96.28
8507, 15, 283.67, -96.28, 279, 293.98, 59.31
8508, 279, 293.98, 59.31, 11, 290.54, -70.49
8509, 11, 290.54, -70.49, 216, -0.86, 300.00
8510, 216, -0.86, 300.00, 48, 149.57, -259.60
8511, 48, 149.57, -259.60, 10, 292.26, -64.47
8512, 10, 292.26, -64.47, 213, -19.77, 300.00
8513, 213, -19.77, 300.00, 249, 197.71, 226.07
8514, 249, 197.71, 226.07, 91, -121.20, -274.21
8515, 91, -121.20, -274.21, 34, 220.92, -202.01
8516, 34, 220.92, -202.01, 63, 58.45, -293.98
8517, 63, 58.45, -293.98, 171, -250.14, 166.76
8518, 171, -250.14, 166.76, 217, 6.02, 300.00
8519, 217, 6.02, 300.00, 177, -226.07, 198.57
8520, 177, -226.07, 198.57, 240, 149.57, 260.46
8521, 240, 149.57, 260.46, 81, -59.31, -293.98
8522, 81, -59.31, -293.98, 33, 225.21, -197.71
8523, 33, 225.21, -197.71, 59, 83.38, -287.97
8524, 59, 83.38, -287.97, 20, 271.63, -126.36
8525, 20, 271.63, -126.36, 62, 64.47, -292.26
8526, 62, 64.47, -292.26, 259, 241.55, 177.94
8527, 259, 241.55, 177.94, 219, 18.91, 300.00
8528, 219, 18.91, 300.00, 164, -272.49, 127.22
8529, 164, -272.49, 127.22, 250, 202.01, 221.78
8530, 250, 202.01, 221.78, 90, -115.19, -276.79
8531, 90, -115.19, -276.79, 13, 287.97, -83.38
8532, 13, 287.97, -83.38, 241, 155.59, 257.02
8533, 241, 155.59, 257.02, 192, -150.43, 260.46
8534, 192, -150.43, 260.46, 122, -266.48, -138.40
8535, 122, -266.48, -138.40, 279, 293.98, 59.31
8536, 279, 293.98, 59.31, 43, 177.08, -241.55
8537, 43, 177.08, -241.55, 286, 299.14, 13.75
8538, 286, 299.14, 13.75, 251, 207.16, 217.48
8539, 251, 207.16, 217.48, 206, -65.33, 293.12
8540, 206, -65.33, 293.12, 148, -299.14, 26.65
8541, 148, -299.14, 26.65, 187, -177.94, 242.41
8542, 187, -177.94, 242.41, 144, -300.00, -0.00
8543, 144, -300.00, -0.00, 246, 182.23, 238.11
8544, 246, 182.23, 238.11, 191, -156.45, 257.02
8545, 191, -156.45, 257.02, 131, -288.83, -83.38
8546, 131, -288.83, -83.38, 203, -84.24, 288.83
8547, 203, -84.24, 288.83, 141, -300.00, -18.91
8548, 141, -300.00, -18.91, 179, -217.48, 208.02
8549, 179, -217.48, 208.02, 236, 126.36, 272.49
8550, 236, 126.36, 272.49, 60, 77.36, -289.68
8551, 60, 77.36, -289.68, 25, 256.16, -155.59
8552, 25, 256.16, -155.59, 3, 299.14, -18.91
8553, 3, 299.14, -18.91, 244, 171.92, 245.85
8554, 244, 171.92, 245.85, 167, -263.04, 144.41
8555, 167, -263.04, 144.41, 280, 294.84, 52.44
8556, 280, 294.84, 52.44, 87, -97.13, -283.67
8557, 87, -97.13, -283.67, 31, 233.81, -187.39
8558, 31, 233.81, -187.39, 66, 38.68, -297.42
8559, 66, 38.68, -297.42, 159, -284.53, 97.13
8560, 159, -284.53, 97.13, 272, 281.09, 103.15
8561, 272, 281.09, 103.15, 27, 249.28, -165.90
8562, 27, 249.28, -165.90, 115, -242.41, -177.08
8563, 115, -242.41, -177.08, 196, -127.22, 272.49
8564, 196, -127.22, 272.49, 117, -250.14, -165.90
8565, 117, -250.14, -165.90, 16, 281.09, -102.29
8566, 16, 281.09, -102.29, 219, 18.91, 300.00
8567, 219, 18.91, 300.00, 269, 274.21, 121.20
8568, 269, 274.21, 121.20, 2, 299.14, -12.89
8569, 2, 299.14, -12.89, 199, -109.17, 280.23
8570, 199, -109.17, 280.23, 260, 244.99, 172.78
8571, 260, 244.99, 172.78, 5, 297.42, -31.81
8572, 5, 297.42, -31.81, 249, 197.71, 226.07
8573, 249, 197.71, 226.07, 167, -263.04, 144.41
8574, 167, -263.04, 144.41, 78, -39.54, -297.42
8575, 78, -39.54, -297.42, 226, 64.47, 293.12
8576, 226, 64.47, 293.12, 164, -272.49, 127.22
8577, 164, -272.49, 127.22, 144, -300.00, -0.00
8578, 144, -300.00, -0.00, 17, 279.37, -108.31
8579, 17, 279.37, -108.31, 258, 237.25, 183.09
8580, 258, 237.25, 183.09, 198, -115.19, 277.65
8581, 198, -115.19, 277.65, 142, -300.00, -12.89
8582, 142, -300.00, -12.89, 192, -150.43, 260.46
8583, 192, -150.43, 260.46, 220, 25.79, 299.14
8584, 220, 25.79, 299.14, 63, 58.45, -293.98
8585, 63, 58.45, -293.98, 165, -269.91, 133.24
8586, 165, -269.91, 133.24, 283, 297.42, 32.66
8587, 283, 297.42, 32.66, 200, -103.15, 281.95
8588, 200, -103.15, 281.95, 255, 225.21, 198.57
8589, 255, 225.21, 198.57, 184, -193.41, 230.37
8590, 184, -193.41, 230.37, 149, -298.28, 32.66
8591, 149, -298.28, 32.66, 237, 132.38, 269.91
8592, 237, 132.38, 269.91, 178, -221.78, 202.87
8593, 178, -221.78, 202.87, 243, 165.90, 250.14
8594, 243, 165.90, 250.14, 192, -150.43, 260.46
8595, 192, -150.43, 260.46, 26, 252.72, -160.74
8596, 26, 252.72, -160.74, 272, 281.09, 103.15
8597, 272, 281.09, 103.15, 190, -161.60, 253.58
8598, 190, -161.60, 253.58, 146, -300.00, 13.75
8599, 146, -300.00, 13.75, 172, -245.85, 172.78
8600, 172, -245.85, 172.78, 201, -97.13, 284.53
8601, 201, -97.13, 284.53, 10, 292.26, -64.47
8602, 10, 292.26, -64.47, 262, 252.72, 161.60
8603, 262, 252.72, 161.60, 197, -121.20, 275.07
8604, 197, -121.20, 275.07, 6, 297.42, -38.68
8605, 6, 297.42, -38.68, 273, 283.67, 97.13
8606, 273, 283.67, 97.13, 37, 207.16, -216.62
8607, 37, 207.16, -216.62, 76, -26.65, -298.28
8608, 76, -26.65, -298.28, 41, 187.39, -233.81
8609, 41, 187.39, -233.81, 6, 297.42, -38.68
8610, 6, 297.42, -38.68, 231, 96.28, 284.53
8611, 231, 96.28, 284.53, 89, -109.17, -279.37
8612, 89, -109.17, -279.37, 37, 207.16, -216.62
8613, 37, 207.16, -216.62, 281, 295.70, 46.42
8614, 281, 295.70, 46.42, 209, -46.42, 296.56
8615, 209, -46.42, 296.56, 155, -291.40, 71.35
8616, 155, -291.40, 71.35, 195, -133.24, 269.91
8617, 195, -133.24, 269.91, 54, 114.33, -276.79
8618, 54, 114.33, -276.79, 124, -272.49, -126.36
8619, 124, -272.49, -126.36, 197, -121.20, 275.07
8620, 197, -121.20, 275.07, 248, 192.55, 230.37
8621, 248, 192.55, 230.37, 99, -166.76, -249.28
8622, 99, -166.76, -249.28, 268, 271.63, 127.22
8623, 268, 271.63, 127.22, 3, 299.14, -18.91
8624, 3, 299.14, -18.91, 218, 12.89, 300.00
8625, 218, 12.89, 300.00, 194, -139.26, 266.48
8626, 194, -139.26, 266.48, 135, -294.84, -58.45
8627, 135, -294.84, -58.45, 197, -121.20, 275.07
8628, 197, -121.20, 275.07, 133, -291.40, -70.49
8629, 133, -291.40, -70.49, 40, 192.55, -229.51
8630, 40, 192.55, -229.51, 64, 51.58, -294.84
8631, 64, 51.58, -294.84, 174, -238.11, 183.09
8632, 174, -238.11, 183.09, 142, -300.00, -12.89
8633, 142, -300.00, -12.89, 202, -90.26, 286.25
8634, 202, -90.26, 286.25, 280, 294.84, 52.44
8635, 280, 294.84, 52.44, 247, 187.39, 234.67
8636, 247, 187.39, 234.67, 93, -133.24, -269.05
8637, 93, -133.24, -269.05, 177, -226.07, 198.57
8638, 177, -226.07, 198.57, 157, -288.83, 84.24
8639, 157, -288.83, 84.24, 217, 6.02, 300.00
8640, 217, 6.02, 300.00, 154, -293.12, 65.33
8641, 154, -293.12, 65.33, 252, 211.46, 212.32
8642, 252, 211.46, 212.32, 181, -208.02, 217.48
8643, 181, -208.02, 217.48, 60, 77.36, -289.68
8644, 60, 77.36, -289.68, 249, 197.71, 226.07
8645, 249, 197.71, 226.07, 219, 18.91, 300.00
8646, 219, 18.91, 300.00, 45, 165.90, -249.28
8647, 45, 165.90, -249.28, 8, 294.84, -51.58
8648, 8, 294.84, -51.58, 276, 289.68, 78.22
8649, 276, 289.68, 78.22, 17, 279.37, -108.31
8650, 17, 279.37, -108.31, 176, -230.37, 193.41
8651, 176, -230.37, 193.41, 227, 70.49, 291.40
8652, 227, 70.49, 291.40, 141, -300.00, -18.91
8653, 141, -300.00, -18.91, 164, -272.49, 127.22
8654, 164, -272.49, 127.22, 205, -71.35, 291.40
8655, 205, -71.35, 291.40, 238, 138.40, 266.48
8656, 238, 138.40, 266.48, 281, 295.70, 46.42
8657, 281, 295.70, 46.42, 200, -103.15, 281.95
8658, 200, -103.15, 281.95, 11, 290.54, -70.49
8659, 11, 290.54, -70.49, 216, -0.86, 300.00
8660, 216, -0.86, 300.00, 57, 96.28, -283.67
8661, 57, 96.28, -283.67, 35, 216.62, -207.16
8662, 35, 216.62, -207.16, 149, -298.28, 32.66
8663, 149, -298.28, 32.66, 169, -257.02, 156.45
8664, 169, -257.02, 156.45, 225, 58.45, 294.84
8665, 225, 58.45, 294.84, 140, -299.14, -25.79
8666, 140, -299.14, -25.79, 259, 241.55, 177.94
8667, 259, 241.55, 177.94, 10, 292.26, -64.47
8668, 10, 292.26, -64.47, 230, 89.40, 286.25
8669, 230, 89.40, 286.25, 140, -299.14, -25.79
8670, 140, -299.14, -25.79, 242, 160.74, 253.58
8671, 242, 160.74, 253.58, 145, -300.00, 6.88
8672, 145, -300.00, 6.88, 203, -84.24, 288.83
8673, 203, -84.24, 288.83, 265, 262.18, 144.41
8674, 265, 262.18, 144.41, 23, 262.18, -143.55
8675, 23, 262.18, -143.55, 72, 0.00, -300.00
8676, 72, 0.00, -300.00, 33, 225.21, -197.71
8677, 33, 225.21, -197.71, 270, 276.79, 115.19
8678, 270, 276.79, 115.19, 155, -291.40, 71.35
8679, 155, -291.40, 71.35, 193, -144.41, 263.04
8680, 193, -144.41, 263.04, 138, -298.28, -38.68
8681, 138, -298.28, -38.68, 189, -166.76, 250.14
8682, 189, -166.76, 250.14, 259, 241.55, 177.94
8683, 259, 241.55, 177.94, 284, 298.28, 26.65
8684, 284, 298.28, 26.65, 237, 132.38, 269.91
8685, 237, 132.38, 269.91, 161, -280.23, 109.17
8686, 161, -280.23, 109.17, 206, -65.33, 293.12
8687, 206, -65.33, 293.12, 8, 294.84, -51.58
8688, 8, 294.84, -51.58, 215, -6.88, 300.00
8689, 215, -6.88, 300.00, 56, 102.29, -281.09
8690, 56, 102.29, -281.09, 21, 269.05, -132.38
8691, 21, 269.05, -132.38, 260, 244.99, 172.78
8692, 260, 244.99, 172.78, 187, -177.94, 242.41
8693, 187, -177.94, 242.41, 142, -300.00, -12.89
8694, 142, -300.00, -12.89, 196, -127.22, 272.49
8695, 196, -127.22, 272.49, 51, 132.38, -269.05
8696, 51, 132.38, -269.05, 71, 6.02, -299.14
8697, 71, 6.02, -299.14, 25, 256.16, -155.59
8698, 25, 256.16, -155.59, 0, 300.00, -0.00
8699, 0, 300.00, -0.00, 268, 271.63, 127.22
8700, 268, 271.63, 127.22, 116, -245.85, -171.92
8701, 116, -245.85, -171.92, 198, -115.19, 277.65
8702, 198, -115.19, 277.65, 233, 108.31, 280.23
8703, 233, 108.31, 280.23, 138, -298.28, -38.68
8704, 138, -298.28, -38.68, 202, -90.26, 286.25
8705, 202, -90.26, 286.25, 256, 229.51, 193.41
8706, 256, 229.51, 193.41, 195, -133.24, 269.91
8707, 195, -133.24, 269.91, 129, -284.53, -96.28
8708, 129, -284.53, -96.28, 187, -177.94, 242.41
8709, 187, -177.94, 242.41, 249, 197.71, 226.07
8710, 249, 197.71, 226.07, 75, -19.77, -299.14
8711, 75, -19.77, -299.14, 27, 249.28, -165.90
8712, 27, 249.28, -165.90, 65, 45.56, -295.70
8713, 65, 45.56, -295.70, 39, 197.71, -225.21
8714, 39, 197.71, -225.21, 275, 287.97, 84.24
8715, 275, 287.97, 84.24, 160, -281.95, 103.15
8716, 160, -281.95, 103.15, 50, 138.40, -265.62
8717, 50, 138.40, -265.62, 6, 297.42, -38.68
8718, 6, 297.42, -38.68, 198, -115.19, 277.65
8719, 198, -115.19, 277.65, 262, 252.72, 161.60
8720, 262, 252.72, 161.60, 80, -52.44, -294.84
8721, 80, -52.44, -294.84, 34, 220.92, -202.01
8722, 34, 220.92, -202.01, 282, 297.42, 39.54
8723, 282, 297.42, 39.54, 235, 120.34, 275.07
8724, 235, 120.34, 275.07, 85, -84.24, -287.97
8725, 85, -84.24, -287.97, 166, -266.48, 139.26
8726, 166, -266.48, 139.26, 252, 211.46, 212.32
8727, 252, 211.46, 212.32, 186, -183.09, 238.11
8728, 186, -183.09, 238.11, 233, 108.31, 280.23
8729, 233, 108.31, 280.23, 140, -299.14, -25.79
8730, 140, -299.14, -25.79, 239, 143.55, 263.04
8731, 239, 143.55, 263.04, 202, -90.26, 286.25
8732, 202, -90.26, 286.25, 270, 276.79, 115.19
8733, 270, 276.79, 115.19, 156, -290.54, 78.22
8734, 156, -290.54, 78.22, 185, -188.25, 234.67
8735, 185, -188.25, 234.67, 153, -294.84, 59.31
8736, 153, -294.84, 59.31, 213, -19.77, 300.00
8737, 213, -19.77, 300.00, 242, 160.74, 253.58
8738, 242, 160.74, 253.58, 10, 292.26, -64.47
8739, 10, 292.26, -64.47, 198, -115.19, 277.65
8740, 198, -115.19, 277.65, 284, 298.28, 26.65
8741, 284, 298.28, 26.65, 194, -139.26, 266.48
8742, 194, -139.26, 266.48, 236, 126.36, 272.49
8743, 236, 126.36, 272.49, 277, 290.54, 71.35
8744, 277, 290.54, 71.35, 29, 241.55, -177.08
8745, 29, 241.55, -177.08, 83, -71.35, -290.54
8746, 83, -71.35, -290.54, 33, 225.21, -197.71
8747, 33, 225.21, -197.71, 55, 108.31, -279.37
8748, 55, 108.31, -279.37, 206, -65.33, 293.12
8749, 206, -65.33, 293.12, 145, -300.00, 6.88
8750, 145, -300.00, 6.88, 191, -156.45, 257.02
8751, 191, -156.45, 257.02, 143, -300.00, -6.02
8752, 143, -300.00, -6.02, 190, -161.60, 253.58
8753, 190, -161.60, 253.58, 261, 249.28, 166.76
8754, 261, 249.28, 166.76, 12, 289.68, -77.36
8755, 12, 289.68, -77.36, 213, -19.77, 300.00
8756, 213, -19.77, 300.00, 254, 220.92, 202.87
8757, 254, 220.92, 202.87, 99, -166.76, -249.28
8758, 99, -166.76, -249.28, 263, 256.16, 156.45
8759, 263, 256.16, 156.45, 58, 89.40, -285.39
8760, 58, 89.40, -285.39, 199, -109.17, 280.23
8761, 199, -109.17, 280.23, 161, -280.23, 109.17
8762, 161, -280.23, 109.17, 243, 165.90, 250.14
8763, 243, 165.90, 250.14, 138, -298.28, -38.68
8764, 138, -298.28, -38.68, 186, -183.09, 238.11
8765, 186, -183.09, 238.11, 248, 192.55, 230.37
8766, 248, 192.55, 230.37, 215, -6.88, 300.00
8767, 215, -6.88, 300.00, 236, 126.36, 272.49
8768, 236, 126.36, 272.49, 177, -226.07, 198.57
8769, 177, -226.07, 198.57, 155, -291.40, 71.35
8770, 155, -291.40, 71.35, 182, -202.87, 221.78
8771, 182, -202.87, 221.78, 213, -19.77, 300.00
8772, 213, -19.77, 300.00, 170, -253.58, 161.60
8773, 170, -253.58, 161.60, 2, 299.14, -12.89
8774, 2, 299.14, -12.89, 33, 225.21, -197.71
8775, 33, 225.21, -197.71, 67, 31.81, -297.42
8776, 67, 31.81, -297.42, 157, -288.83, 84.24
8777, 157, -288.83, 84.24, 184, -193.41, 230.37
8778, 184, -193.41, 230.37, 99, -166.76, -249.28
8779, 99, -166.76, -249.28, 260, 244.99, 172.78
8780, 260, 244.99, 172.78, 32, 229.51, -192.55
8781, 32, 229.51, -192.55, 269, 274.21, 121.20
8782, 269, 274.21, 121.20, 7, 295.70, -45.56
8783, 7, 295.70, -45.56, 95, -144.41, -262.18
8784, 95, -144.41, -262.18, 246, 182.23, 238.11
8785, 246, 182.23, 238.11, 283, 297.42, 32.66
8786, 283, 297.42, 32.66, 198, -115.19, 277.65
8787, 198, -115.19, 277.65, 278, 292.26, 65.33
8788, 278, 292.26, 65.33, 26, 252.72, -160.74
8789, 26, 252.72, -160.74, 65, 45.56, -295.70
8790, 65, 45.56, -295.70, 220, 25.79, 299.14
8791, 220, 25.79, 299.14, 64, 51.58, -294.84
8792, 64, 51.58, -294.84, 165, -269.91, 133.24
8793, 165, -269.91, 133.24, 252, 211.46, 212.32
8794, 252, 211.46, 212.32, 229, 83.38, 288.83
8795, 229, 83.38, 288.83, 186, -183.09, 238.11
8796, 186, -183.09, 238.11, 51, 132.38, -269.05
8797, 51, 132.38, -269.05, 163, -275.07, 121.20
8798, 163, -275.07, 121.20, 251, 207.16, 217.48
8799, 251, 207.16, 217.48, 189, -166.76, 250.14
8800, 189, -166.76, 250.14, 254, 220.92, 202.87
8801, 254, 220.92, 202.87, 12, 289.68, -77.36
8802, 12, 289.68, -77.36, 223, 45.56, 296.56
8803, 223, 45.56, 296.56, 56, 102.29, -281.09
8804, 56, 102.29, -281.09, 198, -115.19, 277.65
8805, 198, -115.19, 277.65, 256, 229.51, 193.41
8806, 256, 229.51, 193.41, 3, 299.14, -18.91
8807, 3, 299.14, -18.91, 207, -59.31, 294.84
8808, 207, -59.31, 294.84, 58, 89.40, -285.39
8809, 58, 89.40, -285.39, 203, -84.24, 288.83
8810, 203, -84.24, 288.83, 262, 252.72, 161.60
8811, 262, 252.72, 161.60, 147, -300.00, 19.77
8812, 147, -300.00, 19.77, 188, -172.78, 245.85
8813, 188, -172.78, 245.85, 105, -198.57, -225.21
8814, 105, -198.57, -225.21, 185, -188.25, 234.67
8815, 185, -188.25, 234.67, 150, -298.28, 39.54
8816, 150, -298.28, 39.54, 215, -6.88, 300.00
8817, 215, -6.88, 300.00, 17, 279.37, -108.31
8818, 17, 279.37, -108.31, 57, 96.28, -283.67
8819, 57, 96.28, -283.67, 26, 252.72, -160.74
8820, 26, 252.72, -160.74, 53, 120.34, -274.21
8821, 53, 120.34, -274.21, 114, -238.11, -182.23
8822, 114, -238.11, -182.23, 47, 155.59, -256.16
8823, 47, 155.59, -256.16, 174, -238.11, 183.09
8824, 174, -238.11, 183.09, 232, 102.29, 281.95
8825, 232, 102.29, 281.95, 255, 225.21, 198.57
8826, 255, 225.21, 198.57, 208, -52.44, 295.70
8827, 208, -52.44, 295.70, 172, -245.85, 172.78
8828, 172, -245.85, 172.78, 249, 197.71, 226.07
8829, 249, 197.71, 226.07, 0, 300.00, -0.00
8830, 0, 300.00, -0.00, 260, 244.99, 172.78
8831, 260, 244.99, 172.78, 207, -59.31, 294.84
8832, 207, -59.31, 294.84, 141, -300.00, -18.91
8833, 141, -300.00, -18.91, 175, -234.67, 188.25
8834, 175, -234.67, 188.25, 238, 138.40, 266.48
8835, 238, 138.40, 266.48, 209, -46.42, 296.56
8836, 209, -46.42, 296.56, 143, -300.00, -6.02
8837, 143, -300.00, -6.02, 172, -245.85, 172.78
8838, 172, -245.85, 172.78, 231, 96.28, 284.53
8839, 231, 96.28, 284.53, 149, -298.28, 32.66
8840, 149, -298.28, 32.66, 211, -32.66, 298.28
8841, 211, -32.66, 298.28, 279, 293.98, 59.31
8842, 279, 293.98, 59.31, 202, -90.26, 286.25
8843, 202, -90.26, 286.25, 175, -234.67, 188.25
8844, 175, -234.67, 188.25, 219, 18.91, 300.00
8845, 219, 18.91, 300.00, 240, 149.57, 260.46
8846, 240, 149.57, 260.46, 141, -300.00, -18.91
8847, 141, -300.00, -18.91, 201, -97.13, 284.53
8848, 201, -97.13, 284.53, 9, 293.98, -58.45
8849, 9, 293.98, -58.45, 273, 283.67, 97.13
8850, 273, 283.67, 97.13, 224, 51.58, 295.70
8851, 224, 51.58, 295.70, 71, 6.02, -299.14
8852, 71, 6.02, -299.14, 38, 202.01, -220.92
8853, 38, 202.01, -220.92, 280, 294.84, 52.44
8854, 280, 294.84, 52.44, 24, 259.60, -149.57
8855, 24, 259.60, -149.57, 147, -300.00, 19.77
8856, 147, -300.00, 19.77, 213, -19.77, 300.00
8857, 213, -19.77, 300.00, 181, -208.02, 217.48
8858, 181, -208.02, 217.48, 249, 197.71, 226.07
8859, 249, 197.71, 226.07, 17, 279.37, -108.31
8860, 17, 279.37, -108.31, 178, -221.78, 202.87
8861, 178, -221.78, 202.87, 144, -300.00, -0.00
8862, 144, -300.00, -0.00, 242, 160.74, 253.58
8863, 242, 160.74, 253.58, 19, 274.21, -120.34
8864, 19, 274.21, -120.34, 59, 83.38, -287.97
8865, 59, 83.38, -287.97, 212, -26.65, 299.14
8866, 212, -26.65, 299.14, 51, 132.38, -269.05
8867, 51, 132.38, -269.05, 194, -139.26, 266.48
8868, 194, -139.26, 266.48, 119, -257.02, -155.59
8869, 119, -257.02, -155.59, 192, -150.43, 260.46
8870, 192, -150.43, 260.46, 257, 233.81, 188.25
8871, 257, 233.81, 188.25, 79, -46.42, -295.70
8872, 79, -46.42, -295.70, 158, -286.25, 90.26
8873, 158, -286.25, 90.26, 55, 108.31, -279.37
8874, 55, 108.31, -279.37, 206, -65.33, 293.12
8875, 206, -65.33, 293.12, 266, 265.62, 139.26
8876, 266, 265.62, 139.26, 26, 252.72, -160.74
8877, 26, 252.72, -160.74, 276, 289.68, 78.22
8878, 276, 289.68, 78.22, 128, -281.95, -102.29
8879, 128, -281.95, -102.29, 203, -84.24, 288.83
8880, 203, -84.24, 288.83, 0, 300.00, -0.00
8881, 0, 300.00, -0.00, 140, -299.14, -25.79
8882, 140, -299.14, -25.79, 262, 252.72, 161.60
8883, 262, 252.72, 161.60, 105, -198.57, -225.21
8884, 105, -198.57, -225.21, 191, -156.45, 257.02
8885, 191, -156.45, 257.02, 247, 187.39, 234.67
8886, 247, 187.39, 234.67, 139, -298.28, -31.81
8887, 139, -298.28, -31.81, 176, -230.37, 193.41
8888, 176, -230.37, 193.41, 209, -46.42, 296.56
8889, 209, -46.42, 296.56, 152, -295.70, 52.44
8890, 152, -295.70, 52.44, 57, 96.28, -283.67
8891, 57, 96.28, -283.67, 207, -59.31, 294.84
8892, 207, -59.31, 294.84, 252, 211.46, 212.32
8893, 252, 211.46, 212.32, 205, -71.35, 291.40
8894, 205, -71.35, 291.40, 12, 289.68, -77.36
8895, 12, 289.68, -77.36, 212, -26.65, 299.14
8896, 212, -26.65, 299.14, 159, -284.53, 97.13
8897, 159, -284.53, 97.13, 60, 77.36, -289.68
8898, 60, 77.36, -289.68, 214, -13.75, 300.00
8899, 214, -13.75, 300.00, 61, 70.49, -290.54
8900, 61, 70.49, -290.54, 39, 197.71, -225.21
8901, 39, 197.71, -225.21, 287, 299.14, 6.88
8902, 287, 299.14, 6.88, 45, 165.90, -249.28
8903, 45, 165.90, -249.28, 197, -121.20, 275.07
8904, 197, -121.20, 275.07, 287, 299.14, 6.88
8905, 287, 299.14, 6.88, 243, 165.90, 250.14
8906, 243, 165.90, 250.14, 217, 6.02, 300.00
8907, 217, 6.02, 300.00, 194, -139.26, 266.48
8908, 194, -139.26, 266.48, 111, -226.07, -197.71
8909, 111, -226.07, -197.71, 2, 299.14, -12.89
8910, 2, 299.14, -12.89, 258, 237.25, 183.09
8911, 258, 237.25, 183.09, 186, -183.09, 238.11
8912, 186, -183.09, 238.11, 143, -300.00, -6.02
8913, 143, -300.00, -6.02, 12, 289.68, -77.36
8914, 12, 289.68, -77.36, 55, 108.31, -279.37
8915, 55, 108.31, -279.37, 226, 64.47, 293.12
8916, 226, 64.47, 293.12, 15, 283.67, -96.28
8917, 15, 283.67, -96.28, 282, 297.42, 39.54
8918, 282, 297.42, 39.54, 256, 229.51, 193.41
8919, 256, 229.51, 193.41, 14, 285.39, -89.40
8920, 14, 285.39, -89.40, 269, 274.21, 121.20
8921, 269, 274.21, 121.20, 115, -242.41, -177.08
8922, 115, -242.41, -177.08, 47, 155.59, -256.16
8923, 47, 155.59, -256.16, 69, 18.91, -299.14
8924, 69, 18.91, -299.14, 28, 244.99, -171.92
8925, 28, 244.99, -171.92, 249, 197.71, 226.07
8926, 249, 197.71, 226.07, 207, -59.31, 294.84
8927, 207, -59.31, 294.84, 187, -177.94, 242.41
8928, 187, -177.94, 242.41, 143, -300.00, -6.02
8929, 143, -300.00, -6.02, 228, 77.36, 290.54
8930, 228, 77.36, 290.54, 167, -263.04, 144.41
8931, 167, -263.04, 144.41, 192, -150.43, 260.46
8932, 192, -150.43, 260.46, 144, -300.00, -0.00
8933, 144, -300.00, -0.00, 236, 126.36, 272.49
8934, 236, 126.36, 272.49, 81, -59.31, -293.98
8935, 81, -59.31, -293.98, 226, 64.47, 293.12
8936, 226, 64.47, 293.12, 8, 294.84, -51.58
8937, 8, 294.84, -51.58, 227, 70.49, 291.40
8938, 227, 70.49, 291.40, 268, 271.63, 127.22
8939, 268, 271.63, 127.22, 9, 293.98, -58.45
8940, 9, 293.98, -58.45, 255, 225.21, 198.57
8941, 255, 225.21, 198.57, 197, -121.20, 275.07
8942, 197, -121.20, 275.07, 2, 299.14, -12.89
8943, 2, 299.14, -12.89, 207, -59.31, 294.84
8944, 207, -59.31, 294.84, 181, -208.02, 217.48
8945, 181, -208.02, 217.48, 216, -0.86, 300.00
8946, 216, -0.86, 300.00, 132, -290.54, -77.36
8947, 132, -290.54, -77.36, 197, -121.20, 275.07
8948, 197, -121.20, 275.07, 248, 192.55, 230.37
8949, 248, 192.55, 230.37, 221, 31.81, 298.28
8950, 221, 31.81, 298.28, 162, -277.65, 115.19
8951, 162, -277.65, 115.19, 35, 216.62, -207.16
8952, 35, 216.62, -207.16, 277, 290.54, 71.35
8953, 277, 290.54, 71.35, 196, -127.22, 272.49
8954, 196, -127.22, 272.49, 252, 211.46, 212.32
8955, 252, 211.46, 212.32, 189, -166.76, 250.14
8956, 189, -166.76, 250.14, 145, -300.00, 6.88
8957, 145, -300.00, 6.88, 174, -238.11, 183.09
8958, 174, -238.11, 183.09, 224, 51.58, 295.70
8959, 224, 51.58, 295.70, 144, -300.00, -0.00
8960, 144, -300.00, -0.00, 245, 177.08, 242.41
8961, 245, 177.08, 242.41, 179, -217.48, 208.02
8962, 179, -217.48, 208.02, 150, -298.28, 39.54
8963, 150, -298.28, 39.54, 170, -253.58, 161.60
8964, 170, -253.58, 161.60, 256, 229.51, 193.41
8965, 256, 229.51, 193.41, 148, -299.14, 26.65
8966, 148, -299.14, 26.65, 180, -212.32, 212.32
8967, 180, -212.32, 212.32, 211, -32.66, 298.28
8968, 211, -32.66, 298.28, 240, 149.57, 260.46
8969, 240, 149.57, 260.46, 285, 299.14, 19.77
8970, 285, 299.14, 19.77, 216, -0.86, 300.00
8971, 216, -0.86, 300.00, 253, 216.62, 208.02
8972, 253, 216.62, 208.02, 183, -198.57, 226.07
8973, 183, -198.57, 226.07, 123, -269.91, -132.38
8974, 123, -269.91, -132.38, 198, -115.19, 277.65
8975, 198, -115.19, 277.65, 9, 293.98, -58.45
8976, 9, 293.98, -58.45, 49, 143.55, -262.18
8977, 49, 143.55, -262.18, 193, -144.41, 263.04
8978, 193, -144.41, 263.04, 146, -300.00, 13.75
8979, 146, -300.00, 13.75, 185, -188.25, 234.67
8980, 185, -188.25, 234.67, 51, 132.38, -269.05
8981, 51, 132.38, -269.05, 112, -230.37, -192.55
8982, 112, -230.37, -192.55, 192, -150.43, 260.46
8983, 192, -150.43, 260.46, 137, -296.56, -45.56
8984, 137, -296.56, -45.56, 203, -84.24, 288.83
8985, 203, -84.24, 288.83, 248, 192.55, 230.37
8986, 248, 192.55, 230.37, 139, -298.28, -31.81
8987, 139, -298.28, -31.81, 177, -226.07, 198.57
8988, 177, -226.07, 198.57, 18, 276.79, -114.33
8989, 18, 276.79, -114.33, 70, 12.89, -299.14
8990, 70, 12.89, -299.14, 47, 155.59, -256.16
8991, 47, 155.59, -256.16, 13, 287.97, -83.38
8992, 13, 287.97, -83.38, 223, 45.56, 296.56
8993, 223, 45.56, 296.56, 9, 293.98, -58.45
8994, 9, 293.98, -58.45, 44, 171.92, -244.99
8995, 44, 171.92, -244.99, 64, 51.58, -294.84
8996, 64, 51.58, -294.84, 29, 241.55, -177.08
8997, 29, 241.55, -177.08, 77, -32.66, -297.42
8998, 77, -32.66, -297.42, 169, -257.02, 156.45
8999, 169, -257.02, 156.45, 249, 197.71, 226.07
9000, 249, 197.71, 226.07, 59, 83.38, -287.97
9001, 59, 83.38, -287.97, 263, 256.16, 156.45
9002, 263, 256.16, 156.45, 216, -0.86, 300.00
9003, 216, -0.86, 300.00, 266, 265.62, 139.26
9004, 266, 265.62, 139.26, 103, -188.25, -233.81
9005, 103, -188.25, -233.81, 22, 265.62, -138.40
9006, 22, 265.62, -138.40, 75, -19.77, -299.14
9007, 75, -19.77, -299.14, 223, 45.56, 296.56
9008, 223, 45.56, 296.56, 144, -300.00, -0.00
9009, 144, -300.00, -0.00, 211, -32.66, 298.28
9010, 211, -32.66, 298.28, 157, -288.83, 84.24
9011, 157, -288.83, 84.24, 249, 197.71, 226.07
9012, 249, 197.71, 226.07, 206, -65.33, 293.12
9013, 206, -65.33, 293.12, 164, -272.49, 127.22
9014, 164, -272.49, 127.22, 282, 297.42, 39.54
9015, 282, 297.42, 39.54, 195, -133.24, 269.91
9016, 195, -133.24, 269.91, 169, -257.02, 156.45
9017, 169, -257.02, 156.45, 202, -90.26, 286.25
9018, 202, -90.26, 286.25, 4, 298.28, -25.79
9019, 4, 298.28, -25.79, 263, 256.16, 156.45
9020, 263, 256.16, 156.45, 98, -161.60, -252.72
9021, 98, -161.60, -252.72, 252, 211.46, 212.32
9022, 252, 211.46, 212.32, 7, 295.70, -45.56
9023, 7, 295.70, -45.56, 200, -103.15, 281.95
9024, 200, -103.15, 281.95, 142, -300.00, -12.89
9025, 142, -300.00, -12.89, 199, -109.17, 280.23
9026, 199, -109.17, 280.23, 129, -284.53, -96.28
9027, 129, -284.53, -96.28, 205, -71.35, 291.40
9028, 205, -71.35, 291.40, 261, 249.28, 166.76
9029, 261, 249.28, 166.76, 86, -90.26, -285.39
9030, 86, -90.26, -285.39, 34, 220.92, -202.01
9031, 34, 220.92, -202.01, 271, 279.37, 109.17
9032, 271, 279.37, 109.17, 3, 299.14, -18.91
9033, 3, 299.14, -18.91, 31, 233.81, -187.39
9034, 31, 233.81, -187.39, 55, 108.31, -279.37
9035, 55, 108.31, -279.37, 13, 287.97, -83.38
9036, 13, 287.97, -83.38, 257, 233.81, 188.25
9037, 257, 233.81, 188.25, 209, -46.42, 296.56
9038, 209, -46.42, 296.56, 267, 269.05, 133.24
9039, 267, 269.05, 133.24, 142, -300.00, -12.89
9040, 142, -300.00, -12.89, 234, 114.33, 277.65
9041, 234, 114.33, 277.65, 279, 293.98, 59.31
9042, 279, 293.98, 59.31, 157, -288.83, 84.24
9043, 157, -288.83, 84.24, 213, -19.77, 300.00
9044, 213, -19.77, 300.00, 62, 64.47, -292.26
9045, 62, 64.47, -292.26, 30, 237.25, -182.23
9046, 30, 237.25, -182.23, 7, 295.70, -45.56
9047, 7, 295.70, -45.56, 267, 269.05, 133.24
9048, 267, 269.05, 133.24, 175, -234.67, 188.25
9049, 175, -234.67, 188.25, 155, -291.40, 71.35
9050, 155, -291.40, 71.35, 267, 269.05, 133.24
9051, 267, 269.05, 133.24, 215, -6.88, 300.00
9052, 215, -6.88, 300.00, 189, -166.76, 250.14
9053, 189, -166.76, 250.14, 25, 256.16, -155.59
9054, 25, 256.16, -155.59, 74, -13.75, -299.14
9055, 74, -13.75, -299.14, 35, 216.62, -207.16
9056, 35, 216.62, -207.16, 61, 70.49, -290.54
9057, 61, 70.49, -290.54, 217, 6.02, 300.00
9058, 217, 6.02, 300.00, 156, -290.54, 78.22
9059, 156, -290.54, 78.22, 59, 83.38, -287.97
9060, 59, 83.38, -287.97, 39, 197.71, -225.21
9061, 39, 197.71, -225.21, 278, 292.26, 65.33
9062, 278, 292.26, 65.33, 192, -150.43, 260.46
9063, 192, -150.43, 260.46, 245, 177.08, 242.41
9064, 245, 177.08, 242.41, 88, -103.15, -281.09
9065, 88, -103.15, -281.09, 162, -277.65, 115.19
9066, 162, -277.65, 115.19, 204, -78.22, 290.54
9067, 204, -78.22, 290.54, 134, -293.12, -64.47
9068, 134, -293.12, -64.47, 202, -90.26, 286.25
9069, 202, -90.26, 286.25, 276, 289.68, 78.22
9070, 276, 289.68, 78.22, 38, 202.01, -220.92
9071, 38, 202.01, -220.92, 67, 31.81, -297.42
9072, 67, 31.81, -297.42, 24, 259.60, -149.57
9073, 24, 259.60, -149.57, 4, 298.28, -25.79
9074, 4, 298.28, -25.79, 141, -300.00, -18.91
9075, 141, -300.00, -18.91, 196, -127.22, 272.49
9076, 196, -127.22, 272.49, 137, -296.56, -45.56
9077, 137, -296.56, -45.56, 230, 89.40, 286.25
9078, 230, 89.40, 286.25, 207, -59.31, 294.84
9079, 207, -59.31, 294.84, 284, 298.28, 26.65
9080, 284, 298.28, 26.65, 218, 12.89, 300.00
9081, 218, 12.89, 300.00, 255, 225.21, 198.57
9082, 255, 225.21, 198.57, 114, -238.11, -182.23
9083, 114, -238.11, -182.23, 273, 283.67, 97.13
9084, 273, 283.67, 97.13, 195, -133.24, 269.91
9085, 195, -133.24, 269.91, 249, 197.71, 226.07
9086, 249, 197.71, 226.07, 192, -150.43, 260.46
9087, 192, -150.43, 260.46, 156, -290.54, 78.22
9088, 156, -290.54, 78.22, 49, 143.55, -262.18
9089, 49, 143.55, -262.18, 217, 6.02, 300.00
9090, 217, 6.02, 300.00, 264, 259.60, 150.43
9091, 264, 259.60, 150.43, 27, 249.28, -165.90
9092, 27, 249.28, -165.90, 70, 12.89, -299.14
9093, 70, 12.89, -299.14, 37, 207.16, -216.62
9094, 37, 207.16, -216.62, 13, 287.97, -83.38
9095, 13, 287.97, -83.38, 254, 220.92, 202.87
9096, 254, 220.92, 202.87, 234, 114.33, 277.65
9097, 234, 114.33, 277.65, 281, 295.70, 46.42
9098, 281, 295.70, 46.42, 153, -294.84, 59.31
9099, 153, -294.84, 59.31, 213, -19.77, 300.00
9100, 213, -19.77, 300.00, 155, -291.40, 71.35
9101, 155, -291.40, 71.35, 246, 182.23, 238.11
9102, 246, 182.23, 238.11, 0, 300.00, -0.00
9103, 0, 300.00, -0.00, 92, -127.22, -271.63
9104, 92, -127.22, -271.63, 235, 120.34, 275.07
9105, 235, 120.34, 275.07, 187, -177.94, 242.41
9106, 187, -177.94, 242.41, 215, -6.88, 300.00
9107, 215, -6.88, 300.00, 152, -295.70, 52.44
9108, 152, -295.70, 52.44, 214, -13.75, 300.00
9109, 214, -13.75, 300.00, 192, -150.43, 260.46
9110, 192, -150.43, 260.46, 237, 132.38, 269.91
9111, 237, 132.38, 269.91, 266, 265.62, 139.26
9112, 266, 265.62, 139.26, 227, 70.49, 291.40
9113, 227, 70.49, 291.40, 198, -115.19, 277.65
9114, 198, -115.19, 277.65, 8, 294.84, -51.58
9115, 8, 294.84, -51.58, 201, -97.13, 284.53
9116, 201, -97.13, 284.53, 9, 293.98, -58.45
9117, 9, 293.98, -58.45, 222, 38.68, 298.28
9118, 222, 38.68, 298.28, 201, -97.13, 284.53
9119, 201, -97.13, 284.53, 145, -300.00, 6.88
9120, 145, -300.00, 6.88, 214, -13.75, 300.00
9121, 214, -13.75, 300.00, 176, -230.37, 193.41
9122, 176, -230.37, 193.41, 212, -26.65, 299.14
9123, 212, -26.65, 299.14, 1, 299.14, -6.02
9124, 1, 299.14, -6.02, 185, -188.25, 234.67
9125, 185, -188.25, 234.67, 144, -300.00, -0.00
9126, 144, -300.00, -0.00, 194, -139.26, 266.48
9127, 194, -139.26, 266.48, 280, 294.84, 52.44
9128, 280, 294.84, 52.44, 223, 45.56, 296.56
9129, 223, 45.56, 296.56, 140, -299.14, -25.79
9130, 140, -299.14, -25.79, 233, 108.31, 280.23
9131, 233, 108.31, 280.23, 281, 295.70, 46.42
9132, 281, 295.70, 46.42, 203, -84.24, 288.83
9133, 203, -84.24, 288.83, 282, 297.42, 39.54
9134, 282, 297.42, 39.54, 165, -269.91, 133.24
9135, 165, -269.91, 133.24, 270, 276.79, 115.19
9136, 270, 276.79, 115.19, 231, 96.28, 284.53
9137, 231, 96.28, 284.53, 142, -300.00, -12.89
9138, 142, -300.00, -12.89, 208, -52.44, 295.70
9139, 208, -52.44, 295.70, 244, 171.92, 245.85
9140, 244, 171.92, 245.85, 0, 300.00, -0.00
9141, 0, 300.00, -0.00, 44, 171.92, -244.99
9142, 44, 171.92, -244.99, 159, -284.53, 97.13
9143, 159, -284.53, 97.13, 185, -188.25, 234.67
9144, 185, -188.25, 234.67, 139, -298.28, -31.81
9145, 139, -298.28, -31.81, 207, -59.31, 294.84
9146, 207, -59.31, 294.84, 136, -295.70, -51.58
9147, 136, -295.70, -51.58, 234, 114.33, 277.65
9148, 234, 114.33, 277.65, 6, 297.42, -38.68
9149, 6, 297.42, -38.68, 201, -97.13, 284.53
9150, 201, -97.13, 284.53, 52, 126.36, -271.63
9151, 52, 126.36, -271.63, 15, 283.67, -96.28
9152, 15, 283.67, -96.28, 255, 225.21, 198.57
9153, 255, 225.21, 198.57, 188, -172.78, 245.85
9154, 188, -172.78, 245.85, 241, 155.59, 257.02
9155, 241, 155.59, 257.02, 197, -121.20, 275.07
9156, 197, -121.20, 275.07, 224, 51.58, 295.70
9157, 224, 51.58, 295.70, 198, -115.19, 277.65
9158, 198, -115.19, 277.65, 131, -288.83, -83.38
9159, 131, -288.83, -83.38, 186, -183.09, 238.11
9160, 186, -183.09, 238.11, 257, 233.81, 188.25
9161, 257, 233.81, 188.25, 222, 38.68, 298.28
9162, 222, 38.68, 298.28, 284, 298.28, 26.65
9163, 284, 298.28, 26.65, 199, -109.17, 280.23
9164, 199, -109.17, 280.23, 286, 299.14, 13.75
9165, 286, 299.14, 13.75, 19, 274.21, -120.34
9166, 19, 274.21, -120.34, 236, 126.36, 272.49
9167, 236, 126.36, 272.49, 148, -299.14, 26.65
9168, 148, -299.14, 26.65, 209, -46.42, 296.56
9169, 209, -46.42, 296.56, 182, -202.87, 221.78
9170, 182, -202.87, 221.78, 138, -298.28, -38.68
9171, 138, -298.28, -38.68, 184, -193.41, 230.37
9172, 184, -193.41, 230.37, 154, -293.12, 65.33
9173, 154, -293.12, 65.33, 53, 120.34, -274.21
9174, 53, 120.34, -274.21, 189, -166.76, 250.14
9175, 189, -166.76, 250.14, 108, -212.32, -211.46
9176, 108, -212.32, -211.46, 22, 265.62, -138.40
9177, 22, 265.62, -138.40, 277, 290.54, 71.35
9178, 277, 290.54, 71.35, 201, -97.13, 284.53
9179, 201, -97.13, 284.53, 126, -277.65, -114.33
9180, 126, -277.65, -114.33, 210, -39.54, 298.28
9181, 210, -39.54, 298.28, 60, 77.36, -289.68
9182, 60, 77.36, -289.68, 40, 192.55, -229.51
9183, 40, 192.55, -229.51, 286, 299.14, 13.75
9184, 286, 299.14, 13.75, 239, 143.55, 263.04
9185, 239, 143.55, 263.04, 204, -78.22, 290.54
9186, 204, -78.22, 290.54, 264, 259.60, 150.43
9187, 264, 259.60, 150.43, 79, -46.42, -295.70
9188, 79, -46.42, -295.70, 165, -269.91, 133.24
9189, 165, -269.91, 133.24, 73, -6.88, -299.14
9190, 73, -6.88, -299.14, 43, 177.08, -241.55
9191, 43, 177.08, -241.55, 15, 283.67, -96.28
9192, 15, 283.67, -96.28, 238, 138.40, 266.48
9193, 238, 138.40, 266.48, 80, -52.44, -294.84
9194, 80, -52.44, -294.84, 30, 237.25, -182.23
9195, 30, 237.25, -182.23, 274, 285.39, 90.26
9196, 274, 285.39, 90.26, 203, -84.24, 288.83
9197, 203, -84.24, 288.83, 146, -300.00, 13.75
9198, 146, -300.00, 13.75, 170, -253.58, 161.60
9199, 170, -253.58, 161.60, 203, -84.24, 288.83
9200, 203, -84.24, 288.83, 256, 229.51, 193.41
9201, 256, 229.51, 193.41, 226, 64.47, 293.12
9202, 226, 64.47, 293.12, 187, -177.94, 242.41
9203, 187, -177.94, 242.41, 42, 182.23, -237.25
9204, 42, 182.23, -237.25, 99, -166.76, -249.28
9205, 99, -166.76, -249.28, 179, -217.48, 208.02
9206, 179, -217.48, 208.02, 18, 276.79, -114.33
9207, 18, 276.79, -114.33, 273, 283.67, 97.13
9208, 273, 283.67, 97.13, 33, 225.21, -197.71
9209, 33, 225.21, -197.71, 225, 58.45, 294.84
9210, 225, 58.45, 294.84, 65, 45.56, -295.70
9211, 65, 45.56, -295.70, 255, 225.21, 198.57
9212, 255, 225.21, 198.57, 275, 287.97, 84.24
9213, 275, 287.97, 84.24, 15, 283.67, -96.28
9214, 15, 283.67, -96.28, 264, 259.60, 150.43
9215, 264, 259.60, 150.43, 140, -299.14, -25.79
9216, 140, -299.14, -25.79, 191, -156.45, 257.02
9217, 191, -156.45, 257.02, 147, -300.00, 19.77
9218, 147, -300.00, 19.77, 168, -260.46, 150.43
9219, 168, -260.46, 150.43, 283, 297.42, 32.66
9220, 283, 297.42, 32.66, 240, 149.57, 260.46
9221, 240, 149.57, 260.46, 201, -97.13, 284.53
9222, 201, -97.13, 284.53, 12, 289.68, -77.36
9223, 12, 289.68, -77.36, 242, 160.74, 253.58
9224, 242, 160.74, 253.58, 176, -230.37, 193.41
9225, 176, -230.37, 193.41, 212, -26.65, 299.14
9226, 212, -26.65, 299.14, 263, 256.16, 156.45
9227, 263, 256.16, 156.45, 238, 138.40, 266.48
9228, 238, 138.40, 266.48, 210, -39.54, 298.28
9229, 210, -39.54, 298.28, 254, 220.92, 202.87
9230, 254, 220.92, 202.87, 168, -260.46, 150.43
9231, 168, -260.46, 150.43, 231, 96.28, 284.53
9232, 231, 96.28, 284.53, 251, 207.16, 217.48
9233, 251, 207.16, 217.48, 273, 283.67, 97.13
9234, 273, 283.67, 97.13, 34, 220.92, -202.01
9235, 34, 220.92, -202.01, 75, -19.77, -299.14
9236, 75, -19.77, -299.14, 170, -253.58, 161.60
9237, 170, -253.58, 161.60, 202, -90.26, 286.25
9238, 202, -90.26, 286.25, 248, 192.55, 230.37
9239, 248, 192.55, 230.37, 209, -46.42, 296.56
9240, 209, -46.42, 296.56, 240, 149.57, 260.46
9241, 240, 149.57, 260.46, 140, -299.14, -25.79
9242, 140, -299.14, -25.79, 189, -166.76, 250.14
9243, 189, -166.76, 250.14, 150, -298.28, 39.54
9244, 150, -298.28, 39.54, 177, -226.07, 198.57
9245, 177, -226.07, 198.57, 205, -71.35, 291.40
9246, 205, -71.35, 291.40, 10, 292.26, -64.47
9247, 10, 292.26, -64.47, 230, 89.40, 286.25
9248, 230, 89.40, 286.25, 144, -300.00, -0.00
9249, 144, -300.00, -0.00, 229, 83.38, 288.83
9250, 229, 83.38, 288.83, 15, 283.67, -96.28
9251, 15, 283.67, -96.28, 54, 114.33, -276.79
9252, 54, 114.33, -276.79, 204, -78.22, 290.54
9253, 204, -78.22, 290.54, 59, 83.38, -287.97
9254, 59, 83.38, -287.97, 17, 279.37, -108.31
9255, 17, 279.37, -108.31, 171, -250.14, 166.76
9256, 171, -250.14, 166.76, 232, 102.29, 281.95
9257, 232, 102.29, 281.95, 141, -300.00, -18.91
9258, 141, -300.00, -18.91, 241, 155.59, 257.02
9259, 241, 155.59, 257.02, 192, -150.43, 260.46
9260, 192, -150.43, 260.46, 123, -269.91, -132.38
9261, 123, -269.91, -132.38, 177, -226.07, 198.57
9262, 177, -226.07, 198.57, 4, 298.28, -25.79
9263, 4, 298.28, -25.79, 29, 241.55, -177.08
9264, 29, 241.55, -177.08, 269, 274.21, 121.20
9265, 269, 274.21, 121.20, 218, 12.89, 300.00
9266, 218, 12.89, 300.00, 60, 77.36, -289.68
9267, 60, 77.36, -289.68, 277, 290.54, 71.35
9268, 277, 290.54, 71.35, 168, -260.46, 150.43
9269, 168, -260.46, 150.43, 84, -78.22, -289.68
9270, 84, -78.22, -289.68, 28, 244.99, -171.92
9271, 28, 244.99, -171.92, 275, 287.97, 84.24
9272, 275, 287.97, 84.24, 246, 182.23, 238.11
9273, 246, 182.23, 238.11, 148, -299.14, 26.65
9274, 148, -299.14, 26.65, 172, -245.85, 172.78
9275, 172, -245.85, 172.78, 202, -90.26, 286.25
9276, 202, -90.26, 286.25, 11, 290.54, -70.49
9277, 11, 290.54, -70.49, 201, -97.13, 284.53
9278, 201, -97.13, 284.53, 265, 262.18, 144.41
9279, 265, 262.18, 144.41, 100, -172.78, -244.99
9280, 100, -172.78, -244.99, 255, 225.21, 198.57
9281, 255, 225.21, 198.57, 163, -275.07, 121.20
9282, 163, -275.07, 121.20, 193, -144.41, 263.04
9283, 193, -144.41, 263.04, 118, -253.58, -160.74
9284, 118, -253.58, -160.74, 45, 165.90, -249.28
9285, 45, 165.90, -249.28, 70, 12.89, -299.14
9286, 70, 12.89, -299.14, 30, 237.25, -182.23
9287, 30, 237.25, -182.23, 252, 211.46, 212.32
9288, 252, 211.46, 212.32, 185, -188.25, 234.67
9289, 185, -188.25, 234.67, 256, 229.51, 193.41
9290, 256, 229.51, 193.41, 193, -144.41, 263.04
9291, 193, -144.41, 263.04, 53, 120.34, -274.21
9292, 53, 120.34, -274.21, 10, 292.26, -64.47
9293, 10, 292.26, -64.47, 218, 12.89, 300.00
9294, 218, 12.89, 300.00, 156, -290.54, 78.22
9295, 156, -290.54, 78.22, 250, 202.01, 221.78
9296, 250, 202.01, 221.78, 194, -139.26, 266.48
9297, 194, -139.26, 266.48, 136, -295.70, -51.58
9298, 136, -295.70, -51.58, 199, -109.17, 280.23
9299, 199, -109.17, 280.23, 144, -300.00, -0.00
9300, 144, -300.00, -0.00, 171, -250.14, 166.76
9301, 171, -250.14, 166.76, 46, 160.74, -252.72
9302, 46, 160.74, -252.72, 66, 38.68, -297.42
9303, 66, 38.68, -297.42, 220, 25.79, 299.14
9304, 220, 25.79, 299.14, 59, 83.38, -287.97
9305, 59, 83.38, -287.97, 211, -32.66, 298.28
9306, 211, -32.66, 298.28, 7, 295.70, -45.56
9307, 7, 295.70, -45.56, 233, 108.31, 280.23
9308, 233, 108.31, 280.23, 171, -250.14, 166.76
9309, 171, -250.14, 166.76, 225, 58.45, 294.84
9310, 225, 58.45, 294.84, 274, 285.39, 90.26
9311, 274, 285.39, 90.26, 249, 197.71, 226.07
9312, 249, 197.71, 226.07, 211, -32.66, 298.28
9313, 211, -32.66, 298.28, 1, 299.14, -6.02
9314, 1, 299.14, -6.02, 259, 241.55, 177.94
9315, 259, 241.55, 177.94, 219, 18.91, 300.00
9316, 219, 18.91, 300.00, 160, -281.95, 103.15
9317, 160, -281.95, 103.15, 208, -52.44, 295.70
9318, 208, -52.44, 295.70, 13, 287.97, -83.38
9319, 13, 287.97, -83.38, 222, 38.68, 298.28
9320, 222, 38.68, 298.28, 189, -166.76, 250.14
9321, 189, -166.76, 250.14, 149, -298.28, 32.66
9322, 149, -298.28, 32.66, 33, 225.21, -197.71
9323, 33, 225.21, -197.71, 274, 285.39, 90.26
9324, 274, 285.39, 90.26, 194, -139.26, 266.48
9325, 194, -139.26, 266.48, 130, -286.25, -89.40
9326, 130, -286.25, -89.40, 204, -78.22, 290.54
9327, 204, -78.22, 290.54, 56, 102.29, -281.09
9328, 56, 102.29, -281.09, 31, 233.81, -187.39
9329, 31, 233.81, -187.39, 0, 300.00, -0.00
9330, 0, 300.00, -0.00, 219, 18.91, 300.00
9331, 219, 18.91, 300.00, 268, 271.63, 127.22
9332, 268, 271.63, 127.22, 154, -293.12, 65.33
9333, 154, -293.12, 65.33, 198, -115.19, 277.65
9334, 198, -115.19, 277.65, 145, -300.00, 6.88
9335, 145, -300.00, 6.88, 192, -150.43, 260.46
9336, 192, -150.43, 260.46, 260, 244.99, 172.78
9337, 260, 244.99, 172.78, 282, 297.42, 39.54
9338, 282, 297.42, 39.54, 38, 202.01, -220.92
9339, 38, 202.01, -220.92, 129, -284.53, -96.28
9340, 129, -284.53, -96.28, 210, -39.54, 298.28
9341, 210, -39.54, 298.28, 44, 171.92, -244.99
9342, 44, 171.92, -244.99, 283, 297.42, 32.66
9343, 283, 297.42, 32.66, 238, 138.40, 266.48
9344, 238, 138.40, 266.48, 196, -127.22, 272.49
9345, 196, -127.22, 272.49, 285, 299.14, 19.77
9346, 285, 299.14, 19.77, 218, 12.89, 300.00
9347, 218, 12.89, 300.00, 174, -238.11, 183.09
9348, 174, -238.11, 183.09, 250, 202.01, 221.78
9349, 250, 202.01, 221.78, 187, -177.94, 242.41
9350, 187, -177.94, 242.41, 258, 237.25, 183.09
9351, 258, 237.25, 183.09, 12, 289.68, -77.36
9352, 12, 289.68, -77.36, 89, -109.17, -279.37
9353, 89, -109.17, -279.37, 280, 294.84, 52.44
9354, 280, 294.84, 52.44, 165, -269.91, 133.24
9355, 165, -269.91, 133.24, 142, -300.00, -12.89
9356, 142, -300.00, -12.89, 180, -212.32, 212.32
9357, 180, -212.32, 212.32, 139, -298.28, -31.81
9358, 139, -298.28, -31.81, 192, -150.43, 260.46
9359, 192, -150.43, 260.46, 50, 138.40, -265.62
9360, 50, 138.40, -265.62, 12, 289.68, -77.36
9361, 12, 289.68, -77.36, 113, -234.67, -187.39
9362, 113, -234.67, -187.39, 272, 281.09, 103.15
9363, 272, 281.09, 103.15, 35, 216.62, -207.16
9364, 35, 216.62, -207.16, 72, 0.00, -300.00
9365, 72, 0.00, -300.00, 28, 244.99, -171.92
9366, 28, 244.99, -171.92, 57, 96.28, -283.67
9367, 57, 96.28, -283.67, 210, -39.54, 298.28
9368, 210, -39.54, 298.28, 232, 102.29, 281.95
9369, 232, 102.29, 281.95, 141, -300.00, -18.91
9370, 141, -300.00, -18.91, 166, -266.48, 139.26
9371, 166, -266.48, 139.26, 217, 6.02, 300.00
9372, 217, 6.02, 300.00, 141, -300.00, -18.91
9373, 141, -300.00, -18.91, 222, 38.68, 298.28
9374, 222, 38.68, 298.28, 191, -156.45, 257.02
9375, 191, -156.45, 257.02, 253, 216.62, 208.02
9376, 253, 216.62, 208.02, 94, -139.26, -265.62
9377, 94, -139.26, -265.62, 174, -238.11, 183.09
9378, 174, -238.11, 183.09, 237, 132.38, 269.91
9379, 237, 132.38, 269.91, 10, 292.26, -64.47
9380, 10, 292.26, -64.47, 266, 265.62, 139.26
9381, 266, 265.62, 139.26, 2, 299.14, -12.89
9382, 2, 299.14, -12.89, 201, -97.13, 284.53
9383, 201, -97.13, 284.53, 135, -294.84, -58.45
9384, 135, -294.84, -58.45, 206, -65.33, 293.12
9385, 206, -65.33, 293.12, 261, 249.28, 166.76
9386, 261, 249.28, 166.76, 208, -52.44, 295.70
9387, 208, -52.44, 295.70, 151, -296.56, 46.42
9388, 151, -296.56, 46.42, 59, 83.38, -287.97
9389, 59, 83.38, -287.97, 244, 171.92, 245.85
9390, 244, 171.92, 245.85, 285, 299.14, 19.77
9391, 285, 299.14, 19.77, 36, 211.46, -211.46
9392, 36, 211.46, -211.46, 238, 138.40, 266.48
9393, 238, 138.40, 266.48, 7, 295.70, -45.56
9394, 7, 295.70, -45.56, 268, 271.63, 127.22
9395, 268, 271.63, 127.22, 245, 177.08, 242.41
9396, 245, 177.08, 242.41, 208, -52.44, 295.70
9397, 208, -52.44, 295.70, 263, 256.16, 156.45
9398, 263, 256.16, 156.45, 142, -300.00, -12.89
9399, 142, -300.00, -12.89, 246, 182.23, 238.11
9400, 246, 182.23, 238.11, 63, 58.45, -293.98
9401, 63, 58.45, -293.98, 159, -284.53, 97.13
9402, 159, -284.53, 97.13, 218, 12.89, 300.00
9403, 218, 12.89, 300.00, 261, 249.28, 166.76
9404, 261, 249.28, 166.76, 206, -65.33, 293.12
9405, 206, -65.33, 293.12, 172, -245.85, 172.78
9406, 172, -245.85, 172.78, 228, 77.36, 290.54
9407, 228, 77.36, 290.54, 141, -300.00, -18.91
9408, 141, -300.00, -18.91, 173, -242.41, 177.94
9409, 173, -242.41, 177.94, 46, 160.74, -252.72
9410, 46, 160.74, -252.72, 17, 279.37, -108.31
9411, 17, 279.37, -108.31, 269, 274.21, 121.20
9412, 269, 274.21, 121.20, 143, -300.00, -6.02
9413, 143, -300.00, -6.02, 241, 155.59, 257.02
9414, 241, 155.59, 257.02, 203, -84.24, 288.83
9415, 203, -84.24, 288.83, 249, 197.71, 226.07
9416, 249, 197.71, 226.07, 152, -295.70, 52.44
9417, 152, -295.70, 52.44, 246, 182.23, 238.11
9418, 246, 182.23, 238.11, 270, 276.79, 115.19
9419, 270, 276.79, 115.19, 196, -127.22, 272.49
9420, 196, -127.22, 272.49, 142, -300.00, -12.89
9421, 142, -300.00, -12.89, 209, -46.42, 296.56
9422, 209, -46.42, 296.56, 247, 187.39, 234.67
9423, 247, 187.39, 234.67, 267, 269.05, 133.24
9424, 267, 269.05, 133.24, 214, -13.75, 300.00
9425, 214, -13.75, 300.00, 50, 138.40, -265.62
9426, 50, 138.40, -265.62, 8, 294.84, -51.58
9427, 8, 294.84, -51.58, 260, 244.99, 172.78
9428, 260, 244.99, 172.78, 201, -97.13, 284.53
9429, 201, -97.13, 284.53, 254, 220.92, 202.87
9430, 254, 220.92, 202.87, 6, 297.42, -38.68
9431, 6, 297.42, -38.68, 206, -65.33, 293.12
9432, 206, -65.33, 293.12, 147, -300.00, 19.77
9433, 147, -300.00, 19.77, 190, -161.60, 253.58
9434, 190, -161.60, 253.58, 125, -275.07, -120.34
9435, 125, -275.07, -120.34, 201, -97.13, 284.53
9436, 201, -97.13, 284.53, 55, 108.31, -279.37
9437, 55, 108.31, -279.37, 154, -293.12, 65.33
9438, 154, -293.12, 65.33, 231, 96.28, 284.53
9439, 231, 96.28, 284.53, 176, -230.37, 193.41
9440, 176, -230.37, 193.41, 151, -296.56, 46.42
9441, 151, -296.56, 46.42, 251, 207.16, 217.48
9442, 251, 207.16, 217.48, 223, 45.56, 296.56
9443, 223, 45.56, 296.56, 186, -183.09, 238.11
9444, 186, -183.09, 238.11, 24, 259.60, -149.57
9445, 24, 259.60, -149.57, 263, 256.16, 156.45
9446, 263, 256.16, 156.45, 219, 18.91, 300.00
9447, 219, 18.91, 300.00, 48, 149.57, -259.60
9448, 48, 149.57, -259.60, 24, 259.60, -149.57
9449, 24, 259.60, -149.57, 68, 25.79, -298.28
9450, 68, 25.79, -298.28, 266, 265.62, 139.26
9451, 266, 265.62, 139.26, 156, -290.54, 78.22
9452, 156, -290.54, 78.22, 194, -139.26, 266.48
9453, 194, -139.26, 266.48, 143, -300.00, -6.02
9454, 143, -300.00, -6.02, 179, -217.48, 208.02
9455, 179, -217.48, 208.02, 149, -298.28, 32.66
9456, 149, -298.28, 32.66, 251, 207.16, 217.48
9457, 251, 207.16, 217.48, 96, -150.43, -259.60
9458, 96, -150.43, -259.60, 266, 265.62, 139.26
9459, 266, 265.62, 139.26, 19, 274.21, -120.34
9460, 19, 274.21, -120.34, 253, 216.62, 208.02
9461, 253, 216.62, 208.02, 278, 292.26, 65.33
9462, 278, 292.26, 65.33, 194, -139.26, 266.48
9463, 194, -139.26, 266.48, 248, 192.55, 230.37
9464, 248, 192.55, 230.37, 190, -161.60, 253.58
9465, 190, -161.60, 253.58, 160, -281.95, 103.15
9466, 160, -281.95, 103.15, 138, -298.28, -38.68
9467, 138, -298.28, -38.68, 198, -115.19, 277.65
9468, 198, -115.19, 277.65, 110, -221.78, -202.01
9469, 110, -221.78, -202.01, 22, 265.62, -138.40
9470, 22, 265.62, -138.40, 76, -26.65, -298.28
9471, 76, -26.65, -298.28, 32, 229.51, -192.55
9472, 32, 229.51, -192.55, 82, -65.33, -292.26
9473, 82, -65.33, -292.26, 260, 244.99, 172.78
9474, 260, 244.99, 172.78, 190, -161.60, 253.58
9475, 190, -161.60, 253.58, 144, -300.00, -0.00
9476, 144, -300.00, -0.00, 209, -46.42, 296.56
9477, 209, -46.42, 296.56, 58, 89.40, -285.39
9478, 58, 89.40, -285.39, 25, 256.16, -155.59
9479, 25, 256.16, -155.59, 0, 300.00, -0.00
9480, 0, 300.00, -0.00, 198, -115.19, 277.65
9481, 198, -115.19, 277.65, 246, 182.23, 238.11
9482, 246, 182.23, 238.11, 208, -52.44, 295.70
9483, 208, -52.44, 295.70, 2, 299.14, -12.89
9484, 2, 299.14, -12.89, 270, 276.79, 115.19
9485, 270, 276.79, 115.19, 7, 295.70, -45.56
9486, 7, 295.70, -45.56, 198, -115.19, 277.65
9487, 198, -115.19, 277.65, 146, -300.00, 13.75
9488, 146, -300.00, 13.75, 181, -208.02, 217.48
9489, 181, -208.02, 217.48, 153, -294.84, 59.31
9490, 153, -294.84, 59.31, 187, -177.94, 242.41
9491, 187, -177.94, 242.41, 143, -300.00, -6.02
9492, 143, -300.00, -6.02, 257, 233.81, 188.25
9493, 257, 233.81, 188.25, 93, -133.24, -269.05
9494, 93, -133.24, -269.05, 33, 225.21, -197.71
9495, 33, 225.21, -197.71, 54, 114.33, -276.79
9496, 54, 114.33, -276.79, 195, -133.24, 269.91
9497, 195, -133.24, 269.91, 229, 83.38, 288.83
9498, 229, 83.38, 288.83, 178, -221.78, 202.87
9499, 178, -221.78, 202.87, 157, -288.83, 84.24
9500, 157, -288.83, 84.24, 228, 77.36, 290.54
9501, 228, 77.36, 290.54, 189, -166.76, 250.14
9502, 189, -166.76, 250.14, 249, 197.71, 226.07
9503, 249, 197.71, 226.07, 186, -183.09, 238.11
9504, 186, -183.09, 238.11, 139, -298.28, -31.81
9505, 139, -298.28, -31.81, 238, 138.40, 266.48
9506, 238, 138.40, 266.48, 280, 294.84, 52.44
9507, 280, 294.84, 52.44, 15, 283.67, -96.28
9508, 15, 283.67, -96.28, 64, 51.58, -294.84
9509, 64, 51.58, -294.84, 21, 269.05, -132.38
9510, 21, 269.05, -132.38, 61, 70.49, -290.54
9511, 61, 70.49, -290.54, 207, -59.31, 294.84
9512, 207, -59.31, 294.84, 236, 126.36, 272.49
9513, 236, 126.36, 272.49, 16, 281.09, -102.29
9514, 16, 281.09, -102.29, 160, -281.95, 103.15
9515, 160, -281.95, 103.15, 216, -0.86, 300.00
9516, 216, -0.86, 300.00, 55, 108.31, -279.37
9517, 55, 108.31, -279.37, 32, 229.51, -192.55
9518, 32, 229.51, -192.55, 275, 287.97, 84.24
9519, 275, 287.97, 84.24, 251, 207.16, 217.48
9520, 251, 207.16, 217.48, 188, -172.78, 245.85
9521, 188, -172.78, 245.85, 151, -296.56, 46.42
9522, 151, -296.56, 46.42, 215, -6.88, 300.00
9523, 215, -6.88, 300.00, 63, 58.45, -293.98
9524, 63, 58.45, -293.98, 24, 259.60, -149.57
9525, 24, 259.60, -149.57, 1, 299.14, -6.02
9526, 1, 299.14, -6.02, 168, -260.46, 150.43
9527, 168, -260.46, 150.43, 229, 83.38, 288.83
9528, 229, 83.38, 288.83, 207, -59.31, 294.84
9529, 207, -59.31, 294.84, 6, 297.42, -38.68
9530, 6, 297.42, -38.68, 257, 233.81, 188.25
9531, 257, 233.81, 188.25, 31, 233.81, -187.39
9532, 31, 233.81, -187.39, 60, 77.36, -289.68
9533, 60, 77.36, -289.68, 166, -266.48, 139.26
9534, 166, -266.48, 139.26, 186, -183.09, 238.11
9535, 186, -183.09, 238.11, 140, -299.14, -25.79
9536, 140, -299.14, -25.79, 208, -52.44, 295.70
9537, 208, -52.44, 295.70, 5, 297.42, -31.81
9538, 5, 297.42, -31.81, 255, 225.21, 198.57
9539, 255, 225.21, 198.57, 2, 299.14, -12.89
9540, 2, 299.14, -12.89, 197, -121.20, 275.07
9541, 197, -121.20, 275.07, 242, 160.74, 253.58
9542, 242, 160.74, 253.58, 220, 25.79, 299.14
9543, 220, 25.79, 299.14, 158, -286.25, 90.26
9544, 158, -286.25, 90.26, 220, 25.79, 299.14
9545, 220, 25.79, 299.14, 51, 132.38, -269.05
9546, 51, 132.38, -269.05, 222, 38.68, 298.28
9547, 222, 38.68, 298.28, 162, -277.65, 115.19
9548, 162, -277.65, 115.19, 210, -39.54, 298.28
9549, 210, -39.54, 298.28, 248, 192.55, 230.37
9550, 248, 192.55, 230.37, 200, -103.15, 281.95
9551, 200, -103.15, 281.95, 3, 299.14, -18.91
9552, 3, 299.14, -18.91, 199, -109.17, 280.23
9553, 199, -109.17, 280.23, 3, 299.14, -18.91
9554, 3, 299.14, -18.91, 204, -78.22, 290.54
9555, 204, -78.22, 290.54, 4, 298.28, -25.79
9556, 4, 298.28, -25.79, 207, -59.31, 294.84
9557, 207, -59.31, 294.84, 139, -298.28, -31.81
9558, 139, -298.28, -31.81, 195, -133.24, 269.91
9559, 195, -133.24, 269.91, 53, 120.34, -274.21
9560, 53, 120.34, -274.21, 13, 287.97, -83.38
9561, 13, 287.97, -83.38, 213, -19.77, 300.00
9562, 213, -19.77, 300.00, 259, 241.55, 177.94
9563, 259, 241.55, 177.94, 86, -90.26, -285.39
9564, 86, -90.26, -285.39, 233, 108.31, 280.23
9565, 233, 108.31, 280.23, 174, -238.11, 183.09
9566, 174, -238.11, 183.09, 217, 6.02, 300.00
9567, 217, 6.02, 300.00, 263, 256.16, 156.45
9568, 263, 256.16, 156.45, 200, -103.15, 281.95
9569, 200, -103.15, 281.95, 143, -300.00, -6.02
9570, 143, -300.00, -6.02, 197, -121.20, 275.07
9571, 197, -121.20, 275.07, 129, -284.53, -96.28
9572, 129, -284.53, -96.28, 192, -150.43, 260.46
9573, 192, -150.43, 260.46, 121, -263.04, -143.55
9574, 121, -263.04, -143.55, 200, -103.15, 281.95
9575, 200, -103.15, 281.95, 286, 299.14, 13.75
9576, 286, 299.14, 13.75, 223, 45.56, 296.56
9577, 223, 45.56, 296.56, 255, 225.21, 198.57
9578, 255, 225.21, 198.57, 196, -127.22, 272.49
9579, 196, -127.22, 272.49, 111, -226.07, -197.71
9580, 111, -226.07, -197.71, 13, 287.97, -83.38
9581, 13, 287.97, -83.38, 259, 241.55, 177.94
9582, 259, 241.55, 177.94, 217, 6.02, 300.00
9583, 217, 6.02, 300.00, 60, 77.36, -289.68
9584, 60, 77.36, -289.68, 153, -294.84, 59.31
9585, 153, -294.84, 59.31, 213, -19.77, 300.00
9586, 213, -19.77, 300.00, 248, 192.55, 230.37
9587, 248, 192.55, 230.37, 4, 298.28, -25.79
9588, 4, 298.28, -25.79, 76, -26.65, -298.28
9589, 76, -26.65, -298.28, 167, -263.04, 144.41
9590, 167, -263.04, 144.41, 228, 77.36, 290.54
9591, 228, 77.36, 290.54, 266, 265.62, 139.26
9592, 266, 265.62, 139.26, 219, 18.91, 300.00
9593, 219, 18.91, 300.00, 159, -284.53, 97.13
9594, 159, -284.53, 97.13, 211, -32.66, 298.28
9595, 211, -32.66, 298.28, 253, 216.62, 208.02
9596, 253, 216.62, 208.02, 202, -90.26, 286.25
9597, 202, -90.26, 286.25, 223, 45.56, 296.56
9598, 223, 45.56, 296.56, 272, 281.09, 103.15
9599, 272, 281.09, 103.15, 23, 262.18, -143.55
9600, 23, 262.18, -143.55, 58, 89.40, -285.39
9601, 58, 89.40, -285.39, 37, 207.16, -216.62
9602, 37, 207.16, -216.62, 68, 25.79, -298.28
9603, 68, 25.79, -298.28, 281, 295.70, 46.42
9604, 281, 295.70, 46.42, 167, -263.04, 144.41
9605, 167, -263.04, 144.41, 212, -26.65, 299.14
9606, 212, -26.65, 299.14, 237, 132.38, 269.91
9607, 237, 132.38, 269.91, 146, -300.00, 13.75
9608, 146, -300.00, 13.75, 192, -150.43, 260.46
9609, 192, -150.43, 260.46, 150, -298.28, 39.54
9610, 150, -298.28, 39.54, 212, -26.65, 299.14
9611, 212, -26.65, 299.14, 245, 177.08, 242.41
9612, 245, 177.08, 242.41, 189, -166.76, 250.14
9613, 189, -166.76, 250.14, 140, -299.14, -25.79
9614, 140, -299.14, -25.79, 242, 160.74, 253.58
9615, 242, 160.74, 253.58, 287, 299.14, 6.88
9616, 287, 299.14, 6.88, 256, 229.51, 193.41
9617, 256, 229.51, 193.41, 60, 77.36, -289.68
9618, 60, 77.36, -289.68, 36, 211.46, -211.46
9619, 36, 211.46, -211.46, 278, 292.26, 65.33
9620, 278, 292.26, 65.33, 67, 31.81, -297.42
9621, 67, 31.81, -297.42, 43, 177.08, -241.55
9622, 43, 177.08, -241.55, 10, 292.26, -64.47
9623, 10, 292.26, -64.47, 212, -26.65, 299.14
9624, 212, -26.65, 299.14, 63, 58.45, -293.98
9625, 63, 58.45, -293.98, 19, 274.21, -120.34
9626, 19, 274.21, -120.34, 54, 114.33, -276.79
9627, 54, 114.33, -276.79, 201, -97.13, 284.53
9628, 201, -97.13, 284.53, 142, -300.00, -12.89
9629, 142, -300.00, -12.89, 183, -198.57, 226.07
9630, 183, -198.57, 226.07, 205, -71.35, 291.40
9631, 205, -71.35, 291.40, 252, 211.46, 212.32
9632, 252, 211.46, 212.32, 0, 300.00, -0.00
9633, 0, 300.00, -0.00, 20, 271.63, -126.36
9634, 20, 271.63, -126.36, 239, 143.55, 263.04
9635, 239, 143.55, 263.04, 142, -300.00, -12.89
9636, 142, -300.00, -12.89, 205, -71.35, 291.40
9637, 205, -71.35, 291.40, 136, -295.70, -51.58
9638, 136, -295.70, -51.58, 203, -84.24, 288.83
9639, 203, -84.24, 288.83, 246, 182.23, 238.11
9640, 246, 182.23, 238.11, 180, -212.32, 212.32
9641, 180, -212.32, 212.32, 227, 70.49, 291.40
9642, 227, 70.49, 291.40, 196, -127.22, 272.49
9643, 196, -127.22, 272.49, 147, -300.00, 19.77
9644, 147, -300.00, 19.77, 191, -156.45, 257.02
9645, 191, -156.45, 257.02, 135, -294.84, -58.45
9646, 135, -294.84, -58.45, 235, 120.34, 275.07
9647, 235, 120.34, 275.07, 58, 89.40, -285.39
9648, 58, 89.40, -285.39, 214, -13.75, 300.00
9649, 214, -13.75, 300.00, 56, 102.29, -281.09
9650, 56, 102.29, -281.09, 201, -97.13, 284.53
9651, 201, -97.13, 284.53, 51, 132.38, -269.05
9652, 51, 132.38, -269.05, 195, -133.24, 269.91
9653, 195, -133.24, 269.91, 112, -230.37, -192.55
9654, 112, -230.37, -192.55, 14, 285.39, -89.40
9655, 14, 285.39, -89.40, 247, 187.39, 234.67
9656, 247, 187.39, 234.67, 214, -13.75, 300.00
9657, 214, -13.75, 300.00, 5, 297.42, -31.81
9658, 5, 297.42, -31.81, 47, 155.59, -256.16
9659, 47, 155.59, -256.16, 162, -277.65, 115.19
9660, 162, -277.65, 115.19, 211, -32.66, 298.28
9661, 211, -32.66, 298.28, 166, -266.48, 139.26
9662, 166, -266.48, 139.26, 139, -298.28, -31.81
9663, 139, -298.28, -31.81, 197, -121.20, 275.07
9664, 197, -121.20, 275.07, 139, -298.28, -31.81
9665, 139, -298.28, -31.81, 224, 51.58, 295.70
9666, 224, 51.58, 295.70, 8, 294.84, -51.58
9667, 8, 294.84, -51.58, 220, 25.79, 299.14
9668, 220, 25.79, 299.14, 2, 299.14, -12.89
9669, 2, 299.14, -12.89, 244, 171.92, 245.85
9670, 244, 171.92, 245.85, 85, -84.24, -287.97
9671, 85, -84.24, -287.97, 28, 244.99, -171.92
9672, 28, 244.99, -171.92, 65, 45.56, -295.70
9673, 65, 45.56, -295.70, 154, -293.12, 65.33
9674, 154, -293.12, 65.33, 186, -183.09, 238.11
9675, 186, -183.09, 238.11, 50, 138.40, -265.62
9676, 50, 138.40, -265.62, 13, 287.97, -83.38
9677, 13, 287.97, -83.38, 267, 269.05, 133.24
9678, 267, 269.05, 133.24, 223, 45.56, 296.56
9679, 223, 45.56, 296.56, 3, 299.14, -18.91
9680, 3, 299.14, -18.91, 58, 89.40, -285.39
9681, 58, 89.40, -285.39, 216, -0.86, 300.00
9682, 216, -0.86, 300.00, 259, 241.55, 177.94
9683, 259, 241.55, 177.94, 186, -183.09, 238.11
9684, 186, -183.09, 238.11, 148, -299.14, 26.65
9685, 148, -299.14, 26.65, 190, -161.60, 253.58
9686, 190, -161.60, 253.58, 152, -295.70, 52.44
9687, 152, -295.70, 52.44, 207, -59.31, 294.84
9688, 207, -59.31, 294.84, 172, -245.85, 172.78
9689, 172, -245.85, 172.78, 235, 120.34, 275.07
9690, 235, 120.34, 275.07, 213, -19.77, 300.00
9691, 213, -19.77, 300.00, 10, 292.26, -64.47
9692, 10, 292.26, -64.47, 203, -84.24, 288.83
9693, 203, -84.24, 288.83, 278, 292.26, 65.33
9694, 278, 292.26, 65.33, 237, 132.38, 269.91
9695, 237, 132.38, 269.91, 277, 290.54, 71.35
9696, 277, 290.54, 71.35, 227, 70.49, 291.40
9697, 227, 70.49, 291.40, 143, -300.00, -6.02
9698, 143, -300.00, -6.02, 216, -0.86, 300.00
9699, 216, -0.86, 300.00, 12, 289.68, -77.36
9700, 12, 289.68, -77.36, 225, 58.45, 294.84
9701, 225, 58.45, 294.84, 4, 298.28, -25.79
9702, 4, 298.28, -25.79, 197, -121.20, 275.07
9703, 197, -121.20, 275.07, 282, 297.42, 39.54
9704, 282, 297.42, 39.54, 17, 279.37, -108.31
9705, 17, 279.37, -108.31, 261, 249.28, 166.76
9706, 261, 249.28, 166.76, 101, -177.94, -241.55
9707, 101, -177.94, -241.55, 285, 299.14, 19.77
9708, 285, 299.14, 19.77, 256, 229.51, 193.41
9709, 256, 229.51, 193.41, 96, -150.43, -259.60
9710, 96, -150.43, -259.60, 249, 197.71, 226.07
9711, 249, 197.71, 226.07, 154, -293.12, 65.33
9712, 154, -293.12, 65.33, 210, -39.54, 298.28
9713, 210, -39.54, 298.28, 265, 262.18, 144.41
9714, 265, 262.18, 144.41, 26, 252.72, -160.74
9715, 26, 252.72, -160.74, 248, 192.55, 230.37
9716, 248, 192.55, 230.37, 283, 297.42, 32.66
9717, 283, 297.42, 32.66, 205, -71.35, 291.40
9718, 205, -71.35, 291.40, 55, 108.31, -279.37
9719, 55, 108.31, -279.37, 155, -291.40, 71.35
9720, 155, -291.40, 71.35, 284, 298.28, 26.65
9721, 284, 298.28, 26.65, 234, 114.33, 277.65
9722, 234, 114.33, 277.65, 258, 237.25, 183.09
9723, 258, 237.25, 183.09, 185, -188.25, 234.67
9724, 185, -188.25, 234.67, 158, -286.25, 90.26
9725, 158, -286.25, 90.26, 182, -202.87, 221.78
9726, 182, -202.87, 221.78, 21, 269.05, -132.38
9727, 21, 269.05, -132.38, 275, 287.97, 84.24
9728, 275, 287.97, 84.24, 191, -156.45, 257.02
9729, 191, -156.45, 257.02, 219, 18.91, 300.00
9730, 219, 18.91, 300.00, 181, -208.02, 217.48
9731, 181, -208.02, 217.48, 245, 177.08, 242.41
9732, 245, 177.08, 242.41, 141, -300.00, -18.91
9733, 141, -300.00, -18.91, 285, 299.14, 19.77
9734, 285, 299.14, 19.77, 32, 229.51, -192.55
9735, 32, 229.51, -192.55, 68, 25.79, -298.28
9736, 68, 25.79, -298.28, 27, 249.28, -165.90
9737, 27, 249.28, -165.90, 73, -6.88, -299.14
9738, 73, -6.88, -299.14, 36, 211.46, -211.46
9739, 36, 211.46, -211.46, 273, 283.67, 97.13
9740, 273, 283.67, 97.13, 222, 38.68, 298.28
9741, 222, 38.68, 298.28, 160, -281.95, 103.15
9742, 160, -281.95, 103.15, 68, 25.79, -298.28
9743, 68, 25.79, -298.28, 226, 64.47, 293.12
9744, 226, 64.47, 293.12, 14, 285.39, -89.40
9745, 14, 285.39, -89.40, 222, 38.68, 298.28
9746, 222, 38.68, 298.28, 70, 12.89, -299.14
9747, 70, 12.89, -299.14, 20, 271.63, -126.36
9748, 20, 271.63, -126.36, 284, 298.28, 26.65
9749, 284, 298.28, 26.65, 264, 259.60, 150.43
9750, 264, 259.60, 150.43, 212, -26.65, 299.14
9751, 212, -26.65, 299.14, 146, -300.00, 13.75
9752, 146, -300.00, 13.75, 199, -109.17, 280.23
9753, 199, -109.17, 280.23, 2, 299.14, -12.89
9754, 2, 299.14, -12.89, 251, 207.16, 217.48
9755, 251, 207.16, 217.48, 279, 293.98, 59.31
9756, 279, 293.98, 59.31, 231, 96.28, 284.53
9757, 231, 96.28, 284.53, 176, -230.37, 193.41
9758, 176, -230.37, 193.41, 88, -103.15, -281.09
9759, 88, -103.15, -281.09, 253, 216.62, 208.02
9760, 253, 216.62, 208.02, 195, -133.24, 269.91
9761, 195, -133.24, 269.91, 155, -291.40, 71.35
9762, 155, -291.40, 71.35, 201, -97.13, 284.53
9763, 201, -97.13, 284.53, 253, 216.62, 208.02
9764, 253, 216.62, 208.02, 20, 271.63, -126.36
9765, 20, 271.63, -126.36, 48, 149.57, -259.60
9766, 48, 149.57, -259.60, 152, -295.70, 52.44
9767, 152, -295.70, 52.44, 179, -217.48, 208.02
9768, 179, -217.48, 208.02, 216, -0.86, 300.00
9769, 216, -0.86, 300.00, 147, -300.00, 19.77
9770, 147, -300.00, 19.77, 171, -250.14, 166.76
9771, 171, -250.14, 166.76, 210, -39.54, 298.28
9772, 210, -39.54, 298.28, 14, 285.39, -89.40
9773, 14, 285.39, -89.40, 229, 83.38, 288.83
9774, 229, 83.38, 288.83, 141, -300.00, -18.91
9775, 141, -300.00, -18.91, 200, -103.15, 281.95
9776, 200, -103.15, 281.95, 137, -296.56, -45.56
9777, 137, -296.56, -45.56, 237, 132.38, 269.91
9778, 237, 132.38, 269.91, 193, -144.41, 263.04
9779, 193, -144.41, 263.04, 104, -193.41, -229.51
9780, 104, -193.41, -229.51, 20, 271.63, -126.36
9781, 20, 271.63, -126.36, 263, 256.16, 156.45
9782, 263, 256.16, 156.45, 206, -65.33, 293.12
9783, 206, -65.33, 293.12, 140, -299.14, -25.79
9784, 140, -299.14, -25.79, 192, -150.43, 260.46
9785, 192, -150.43, 260.46, 252, 211.46, 212.32
9786, 252, 211.46, 212.32, 9, 293.98, -58.45
9787, 9, 293.98, -58.45, 199, -109.17, 280.23
9788, 199, -109.17, 280.23, 143, -300.00, -6.02
9789, 143, -300.00, -6.02, 202, -90.26, 286.25
9790, 202, -90.26, 286.25, 286, 299.14, 13.75
9791, 286, 299.14, 13.75, 203, -84.24, 288.83
9792, 203, -84.24, 288.83, 287, 299.14, 6.88
9793, 287, 299.14, 6.88, 195, -133.24, 269.91
9794, 195, -133.24, 269.91, 247, 187.39, 234.67
9795, 247, 187.39, 234.67, 4, 298.28, -25.79
9796, 4, 298.28, -25.79, 203, -84.24, 288.83
9797, 203, -84.24, 288.83, 142, -300.00, -12.89
9798, 142, -300.00, -12.89, 191, -156.45, 257.02
9799, 191, -156.45, 257.02, 217, 6.02, 300.00
9800, 217, 6.02, 300.00, 64, 51.58, -294.84
9801, 64, 51.58, -294.84, 43, 177.08, -241.55
9802, 43, 177.08, -241.55, 149, -298.28, 32.66
9803, 149, -298.28, 32.66, 178, -221.78, 202.87
9804, 178, -221.78, 202.87, 235, 120.34, 275.07
9805, 235, 120.34, 275.07, 208, -52.44, 295.70
9806, 208, -52.44, 295.70, 228, 77.36, 290.54
9807, 228, 77.36, 290.54, 257, 233.81, 188.25
9808, 257, 233.81, 188.25, 214, -13.75, 300.00
9809, 214, -13.75, 300.00, 53, 120.34, -274.21
9810, 53, 120.34, -274.21, 33, 225.21, -197.71
9811, 33, 225.21, -197.71, 153, -294.84, 59.31
9812, 153, -294.84, 59.31, 61, 70.49, -290.54
9813, 61, 70.49, -290.54, 29, 241.55, -177.08
9814, 29, 241.55, -177.08, 9, 293.98, -58.45
9815, 9, 293.98, -58.45, 236, 126.36, 272.49
9816, 236, 126.36, 272.49, 139, -298.28, -31.81
9817, 139, -298.28, -31.81, 208, -52.44, 295.70
9818, 208, -52.44, 295.70, 259, 241.55, 177.94
9819, 259, 241.55, 177.94, 200, -103.15, 281.95
9820, 200, -103.15, 281.95, 161, -280.23, 109.17
9821, 161, -280.23, 109.17, 250, 202.01, 221.78
9822, 250, 202.01, 221.78, 6, 297.42, -38.68
9823, 6, 297.42, -38.68, 249, 197.71, 226.07
9824, 249, 197.71, 226.07, 198, -115.19, 277.65
9825, 198, -115.19, 277.65, 11, 290.54, -70.49
9826, 11, 290.54, -70.49, 219, 18.91, 300.00
9827, 219, 18.91, 300.00, 245, 177.08, 242.41
9828, 245, 177.08, 242.41, 15, 283.67, -96.28
9829, 15, 283.67, -96.28, 47, 155.59, -256.16
9830, 47, 155.59, -256.16, 1, 299.14, -6.02
9831, 1, 299.14, -6.02, 215, -6.88, 300.00
9832, 215, -6.88, 300.00, 177, -226.07, 198.57
9833, 177, -226.07, 198.57, 269, 274.21, 121.20
9834, 269, 274.21, 121.20, 191, -156.45, 257.02
9835, 191, -156.45, 257.02, 243, 165.90, 250.14
9836, 243, 165.90, 250.14, 143, -300.00, -6.02
9837, 143, -300.00, -6.02, 206, -65.33, 293.12
9838, 206, -65.33, 293.12, 4, 298.28, -25.79
9839, 4, 298.28, -25.79, 95, -144.41, -262.18
9840, 95, -144.41, -262.18, 266, 265.62, 139.26
9841, 266, 265.62, 139.26, 114, -238.11, -182.23
9842, 114, -238.11, -182.23, 191, -156.45, 257.02
9843, 191, -156.45, 257.02, 146, -300.00, 13.75
9844, 146, -300.00, 13.75, 167, -263.04, 144.41
9845, 167, -263.04, 144.41, 279, 293.98, 59.31
9846, 279, 293.98, 59.31, 196, -127.22, 272.49
9847, 196, -127.22, 272.49, 118, -253.58, -160.74
9848, 118, -253.58, -160.74, 191, -156.45, 257.02
9849, 191, -156.45, 257.02, 167, -263.04, 144.41
9850, 167, -263.04, 144.41, 253, 216.62, 208.02
9851, 253, 216.62, 208.02, 170, -253.58, 161.60
9852, 170, -253.58, 161.60, 285, 299.14, 19.77
9853, 285, 299.14, 19.77, 194, -139.26, 266.48
9854, 194, -139.26, 266.48, 116, -245.85, -171.92
9855, 116, -245.85, -171.92, 267, 269.05, 133.24
9856, 267, 269.05, 133.24, 89, -109.17, -279.37
9857, 89, -109.17, -279.37, 233, 108.31, 280.23
9858, 233, 108.31, 280.23, 204, -78.22, 290.54
9859, 204, -78.22, 290.54, 142, -300.00, -12.89
9860, 142, -300.00, -12.89, 185, -188.25, 234.67
9861, 185, -188.25, 234.67, 230, 89.40, 286.25
9862, 230, 89.40, 286.25, 209, -46.42, 296.56
9863, 209, -46.42, 296.56, 135, -294.84, -58.45
9864, 135, -294.84, -58.45, 203, -84.24, 288.83
9865, 203, -84.24, 288.83, 139, -298.28, -31.81
9866, 139, -298.28, -31.81, 176, -230.37, 193.41
9867, 176, -230.37, 193.41, 218, 12.89, 300.00
9868, 218, 12.89, 300.00, 134, -293.12, -64.47
9869, 134, -293.12, -64.47, 207, -59.31, 294.84
9870, 207, -59.31, 294.84, 157, -288.83, 84.24
9871, 157, -288.83, 84.24, 69, 18.91, -299.14
9872, 69, 18.91, -299.14, 6, 297.42, -38.68
9873, 6, 297.42, -38.68, 232, 102.29, 281.95
9874, 232, 102.29, 281.95, 3, 299.14, -18.91
9875, 3, 299.14, -18.91, 175, -234.67, 188.25
9876, 175, -234.67, 188.25, 87, -97.13, -283.67
9877, 87, -97.13, -283.67, 176, -230.37, 193.41
9878, 176, -230.37, 193.41, 234, 114.33, 277.65
9879, 234, 114.33, 277.65, 183, -198.57, 226.07
9880, 183, -198.57, 226.07, 147, -300.00, 19.77
9881, 147, -300.00, 19.77, 178, -221.78, 202.87
9882, 178, -221.78, 202.87, 239, 143.55, 263.04
9883, 239, 143.55, 263.04, 193, -144.41, 263.04
9884, 193, -144.41, 263.04, 144, -300.00, -0.00
9885, 144, -300.00, -0.00, 169, -257.02, 156.45
9886, 169, -257.02, 156.45, 231, 96.28, 284.53
9887, 231, 96.28, 284.53, 144, -300.00, -0.00
9888, 144, -300.00, -0.00, 196, -127.22, 272.49
9889, 196, -127.22, 272.49, 140, -299.14, -25.79
9890, 140, -299.14, -25.79, 163, -275.07, 121.20
9891, 163, -275.07, 121.20, 188, -172.78, 245.85
9892, 188, -172.78, 245.85, 153, -294.84, 59.31
9893, 153, -294.84, 59.31, 260, 244.99, 172.78
9894, 260, 244.99, 172.78, 206, -65.33, 293.12
9895, 206, -65.33, 293.12, 259, 241.55, 177.94
9896, 259, 241.55, 177.94, 4, 298.28, -25.79
9897, 4, 298.28, -25.79, 269, 274.21, 121.20
9898, 269, 274.21, 121.20, 246, 182.23, 238.11
9899, 246, 182.23, 238.11, 189, -166.76, 250.14
9900, 189, -166.76, 250.14, 254, 220.92, 202.87
9901, 254, 220.92, 202.87, 113, -234.67, -187.39
9902, 113, -234.67, -187.39, 36, 211.46, -211.46
9903, 36, 211.46, -211.46, 56, 102.29, -281.09
9904, 56, 102.29, -281.09, 24, 259.60, -149.57
9905, 24, 259.60, -149.57, 185, -188.25, 234.67
9906, 185, -188.25, 234.67, 144, -300.00, -0.00
9907, 144, -300.00, -0.00, 203, -84.24, 288.83
9908, 203, -84.24, 288.83, 239, 143.55, 263.04
9909, 239, 143.55, 263.04, 271, 279.37, 109.17
9910, 271, 279.37, 109.17, 227, 70.49, 291.40
9911, 227, 70.49, 291.40, 11, 290.54, -70.49
9912, 11, 290.54, -70.49, 257, 233.81, 188.25
9913, 257, 233.81, 188.25, 17, 279.37, -108.31
9914, 17, 279.37, -108.31, 216, -0.86, 300.00
9915, 216, -0.86, 300.00, 170, -253.58, 161.60
9916, 170, -253.58, 161.60, 142, -300.00, -12.89
9917, 142, -300.00, -12.89, 233, 108.31, 280.23
9918, 233, 108.31, 280.23, 170, -253.58, 161.60
9919, 170, -253.58, 161.60, 280, 294.84, 52.44
9920, 280, 294.84, 52.44, 35, 216.62, -207.16
9921, 35, 216.62, -207.16, 9, 293.98, -58.45
9922, 9, 293.98, -58.45, 46, 160.74, -252.72
9923, 46, 160.74, -252.72, 71, 6.02, -299.14
9924, 71, 6.02, -299.14, 36, 211.46, -211.46
9925, 36, 211.46, -211.46, 90, -115.19, -276.79
9926, 90, -115.19, -276.79, 165, -269.91, 133.24
9927, 165, -269.91, 133.24, 145, -300.00, 6.88
9928, 145, -300.00, 6.88, 184, -193.41, 230.37
9929, 184, -193.41, 230.37, 254, 220.92, 202.87
9930, 254, 220.92, 202.87, 10, 292.26, -64.47
9931, 10, 292.26, -64.47, 253, 216.62, 208.02
9932, 253, 216.62, 208.02, 7, 295.70, -45.56
9933, 7, 295.70, -45.56, 212, -26.65, 299.14
9934, 212, -26.65, 299.14, 232, 102.29, 281.95
9935, 232, 102.29, 281.95, 10, 292.26, -64.47
9936, 10, 292.26, -64.47, 239, 143.55, 263.04
9937, 239, 143.55, 263.04, 213, -19.77, 300.00
9938, 213, -19.77, 300.00, 188, -172.78, 245.85
9939, 188, -172.78, 245.85, 149, -298.28, 32.66
9940, 149, -298.28, 32.66, 171, -250.14, 166.76
9941, 171, -250.14, 166.76, 151, -296.56, 46.42
9942, 151, -296.56, 46.42, 48, 149.57, -259.60
9943, 48, 149.57, -259.60, 7, 295.70, -45.56
9944, 7, 295.70, -45.56, 203, -84.24, 288.83
9945, 203, -84.24, 288.83, 287, 299.14, 6.88
9946, 287, 299.14, 6.88, 261, 249.28, 166.76
9947, 261, 249.28, 166.76, 21, 269.05, -132.38
9948, 21, 269.05, -132.38, 79, -46.42, -295.70
9949, 79, -46.42, -295.70, 253, 216.62, 208.02
9950, 253, 216.62, 208.02, 31, 233.81, -187.39
9951, 31, 233.81, -187.39, 77, -32.66, -297.42
9952, 77, -32.66, -297.42, 24, 259.60, -149.57
9953, 24, 259.60, -149.57, 62, 64.47, -292.26
9954, 62, 64.47, -292.26, 219, 18.91, 300.00
9955, 219, 18.91, 300.00, 159, -284.53, 97.13
9956, 159, -284.53, 97.13, 30, 237.25, -182.23
9957, 30, 237.25, -182.23, 281, 295.70, 46.42
9958, 281, 295.70, 46.42, 193, -144.41, 263.04
9959, 193, -144.41, 263.04, 127, -280.23, -108.31
9960, 127, -280.23, -108.31, 201, -97.13, 284.53
9961, 201, -97.13, 284.53, 53, 120.34, -274.21
9962, 53, 120.34, -274.21, 199, -109.17, 280.23
9963, 199, -109.17, 280.23, 139, -298.28, -31.81
9964, 139, -298.28, -31.81, 208, -52.44, 295.70
9965, 208, -52.44, 295.70, 263, 256.16, 156.45
9966, 263, 256.16, 156.45, 196, -127.22, 272.49
9967, 196, -127.22, 272.49, 162, -277.65, 115.19
9968, 162, -277.65, 115.19, 243, 165.90, 250.14
9969, 243, 165.90, 250.14, 282, 297.42, 39.54
9970, 282, 297.42, 39.54, 84, -78.22, -289.68
9971, 84, -78.22, -289.68, 162, -277.65, 115.19
9972, 162, -277.65, 115.19, 140, -299.14, -25.79
9973, 140, -299.14, -25.79, 186, -183.09, 238.11
9974, 186, -183.09, 238.11, 242, 160.74, 253.58
9975, 242, 160.74, 253.58, 178, -221.78, 202.87
9976, 178, -221.78, 202.87, 151, -296.56, 46.42
9977, 151, -296.56, 46.42, 182, -202.87, 221.78
9978, 182, -202.87, 221.78, 249, 197.71, 226.07
9979, 249, 197.71, 226.07, 98, -161.60, -252.72
9980, 98, -161.60, -252.72, 260, 244.99, 172.78
9981, 260, 244.99, 172.78, 198, -115.19, 277.65
9982, 198, -115.19, 277.65, 8, 294.84, -51.58
9983, 8, 294.84, -51.58, 199, -109.17, 280.23
9984, 199, -109.17, 280.23, 57, 96.28, -283.67
9985, 57, 96.28, -283.67, 209, -46.42, 296.56
9986, 209, -46.42, 296.56, 141, -300.00, -18.91
9987, 141, -300.00, -18.91, 161, -280.23, 109.17
9988, 161, -280.23, 109.17, 216, -0.86, 300.00
9989, 216, -0.86, 300.00, 63, 58.45, -293.98
9990, 63, 58.45, -293.98, 250, 202.01, 221.78
9991, 250, 202.01, 221.78, 165, -269.91, 133.24
9992, 165, -269.91, 133.24, 277, 290.54, 71.35
9993, 277, 290.54, 71.35, 40, 192.55, -229.51
9994, 40, 192.55, -229.51, 60, 77.36, -289.68
9995, 60, 77.36, -289.68, 220, 25.79, 299.14
9996, 220, 25.79, 299.14, 243, 165.90, 250.14
9997, 243, 165.90, 250.14, 280, 294.84, 52.44
9998, 280, 294.84, 52.44, 240, 149.57, 260.46
9999, 240, 149.57, 260.46, 142, -300.00, -12.89
10000, 142, -300.00, -12.89, 206, -65.33, 293.12
10001, 206, -65.33, 293.12, 32, 229.51, -192.55
10002, 32, 229.51, -192.55, 272, 281.09, 103.15
10003, 272, 281.09, 103.15, 201, -97.13, 284.53
10004, 201, -97.13, 284.53, 136, -295.70, -51.58
10005, 136, -295.70, -51.58, 241, 155.59, 257.02
10006, 241, 155.59, 257.02, 207, -59.31, 294.84
10007, 207, -59.31, 294.84, 262, 252.72, 161.60
10008, 262, 252.72, 161.60, 1, 299.14, -6.02
10009, 1, 299.14, -6.02, 22, 265.62, -138.40
10010, 22, 265.62, -138.40, 269, 274.21, 121.20
10011, 269, 274.21, 121.20, 204, -78.22, 290.54
10012, 204, -78.22, 290.54, 6, 297.42, -38.68
10013, 6, 297.42, -38.68, 274, 285.39, 90.26
10014, 274, 285.39, 90.26, 29, 241.55, -177.08
10015, 29, 241.55, -177.08, 51, 132.38, -269.05
10016, 51, 132.38, -269.05, 160, -281.95, 103.15
10017, 160, -281.95, 103.15, 64, 51.58, -294.84
10018, 64, 51.58, -294.84, 28, 244.99, -171.92
10019, 28, 244.99, -171.92, 274, 285.39, 90.26
10020, 274, 285.39, 90.26, 22, 265.62, -138.40
10021, 22, 265.62, -138.40, 261, 249.28, 166.76
10022, 261, 249.28, 166.76, 196, -127.22, 272.49
10023, 196, -127.22, 272.49, 2, 299.14, -12.89
10024, 2, 299.14, -12.89, 204, -78.22, 290.54
10025, 204, -78.22, 290.54, 284, 298.28, 26.65
10026, 284, 298.28, 26.65, 261, 249.28, 166.76
10027, 261, 249.28, 166.76, 197, -121.20, 275.07
10028, 197, -121.20, 275.07, 140, -299.14, -25.79
10029, 140, -299.14, -25.79, 193, -144.41, 263.04
10030, 193, -144.41, 263.04, 225, 58.45, 294.84
10031, 225, 58.45, 294.84, 249, 197.71, 226.07
10032, 249, 197.71, 226.07, 193, -144.41, 263.04
10033, 193, -144.41, 263.04, 271, 279.37, 109.17
10034, 271, 279.37, 109.17, 112, -230.37, -192.55
10035, 112, -230.37, -192.55, 52, 126.36, -271.63
10036, 52, 126.36, -271.63, 202, -90.26, 286.25
10037, 202, -90.26, 286.25, 12, 289.68, -77.36
10038, 12, 289.68, -77.36, 39, 197.71, -225.21
10039, 39, 197.71, -225.21, 66, 38.68, -297.42
10040, 66, 38.68, -297.42, 20, 271.63, -126.36
10041, 20, 271.63, -126.36, 276, 289.68, 78.22
10042, 276, 289.68, 78.22, 195, -133.24, 269.91
10043, 195, -133.24, 269.91, 168, -260.46, 150.43
10044, 168, -260.46, 150.43, 284, 298.28, 26.65
10045, 284, 298.28, 26.65, 264, 259.60, 150.43
10046, 264, 259.60, 150.43, 17, 279.37, -108.31
10047, 17, 279.37, -108.31, 238, 138.40, 266.48
10048, 238, 138.40, 266.48, 214, -13.75, 300.00
10049, 214, -13.75, 300.00, 192, -150.43, 260.46
10050, 192, -150.43, 260.46, 157, -288.83, 84.24
10051, 157, -288.83, 84.24, 54, 114.33, -276.79
10052, 54, 114.33, -276.79, 199, -109.17, 280.23
10053, 199, -109.17, 280.23, 10, 292.26, -64.47
10054, 10, 292.26, -64.47, 255, 225.21, 198.57
10055, 255, 225.21, 198.57, 215, -6.88, 300.00
10056, 215, -6.88, 300.00, 124, -272.49, -126.36
10057, 124, -272.49, -126.36, 40, 192.55, -229.51
10058, 40, 192.55, -229.51, 281, 295.70, 46.42
10059, 281, 295.70, 46.42, 166, -266.48, 139.26
10060, 166, -266.48, 139.26, 139, -298.28, -31.81
10061, 139, -298.28, -31.81, 200, -103.15, 281.95
10062, 200, -103.15, 281.95, 8, 294.84, -51.58
10063, 8, 294.84, -51.58, 248, 192.55, 230.37
10064, 248, 192.55, 230.37, 100, -172.78, -244.99
10065, 100, -172.78, -244.99, 261, 249.28, 166.76
10066, 261, 249.28, 166.76, 212, -26.65, 299.14
10067, 212, -26.65, 299.14, 188, -172.78, 245.85
10068, 188, -172.78, 245.85, 144, -300.00, -0.00
10069, 144, -300.00, -0.00, 177, -226.07, 198.57
10070, 177, -226.07, 198.57, 153, -294.84, 59.31
10071, 153, -294.84, 59.31, 214, -13.75, 300.00
10072, 214, -13.75, 300.00, 269, 274.21, 121.20
10073, 269, 274.21, 121.20, 64, 51.58, -294.84
10074, 64, 51.58, -294.84, 219, 18.91, 300.00
10075, 219, 18.91, 300.00, 9, 293.98, -58.45
10076, 9, 293.98, -58.45, 89, -109.17, -279.37
10077, 89, -109.17, -279.37, 177, -226.07, 198.57
10078, 177, -226.07, 198.57, 212, -26.65, 299.14
10079, 212, -26.65, 299.14, 159, -284.53, 97.13
10080, 159, -284.53, 97.13, 216, -0.86, 300.00
10081, 216, -0.86, 300.00, 49, 143.55, -262.18
10082, 49, 143.55, -262.18, 151, -296.56, 46.42
10083, 151, -296.56, 46.42, 181, -208.02, 217.48
10084, 181, -208.02, 217.48, 247, 187.39, 234.67
10085, 247, 187.39, 234.67, 226, 64.47, 293.12
10086, 226, 64.47, 293.12, 139, -298.28, -31.81
10087, 139, -298.28, -31.81, 194, -139.26, 266.48
10088, 194, -139.26, 266.48, 252, 211.46, 212.32
10089, 252, 211.46, 212.32, 4, 298.28, -25.79
10090, 4, 298.28, -25.79, 198, -115.19, 277.65
10091, 198, -115.19, 277.65, 271, 279.37, 109.17
10092, 271, 279.37, 109.17, 139, -298.28, -31.81
10093, 139, -298.28, -31.81, 189, -166.76, 250.14
10094, 189, -166.76, 250.14, 139, -298.28, -31.81
10095, 139, -298.28, -31.81, 206, -65.33, 293.12
10096, 206, -65.33, 293.12, 3, 299.14, -18.91
10097, 3, 299.14, -18.91, 249, 197.71, 226.07
10098, 249, 197.71, 226.07, 211, -32.66, 298.28
10099, 211, -32.66, 298.28, 52, 126.36, -271.63
10100, 52, 126.36, -271.63, 10, 292.26, -64.47
10101, 10, 292.26, -64.47, 270, 276.79, 115.19
10102, 270, 276.79, 115.19, 143, -300.00, -6.02
10103, 143, -300.00, -6.02, 249, 197.71, 226.07
10104, 249, 197.71, 226.07, 143, -300.00, -6.02
10105, 143, -300.00, -6.02, 194, -139.26, 266.48
10106, 194, -139.26, 266.48, 153, -294.84, 59.31
10107, 153, -294.84, 59.31, 244, 171.92, 245.85
10108, 244, 171.92, 245.85, 219, 18.91, 300.00
10109, 219, 18.91, 300.00, 242, 160.74, 253.58
10110, 242, 160.74, 253.58, 285, 299.14, 19.77
10111, 285, 299.14, 19.77, 262, 252.72, 161.60
10112, 262, 252.72, 161.60, 19, 274.21, -120.34
10113, 19, 274.21, -120.34, 281, 295.70, 46.42
10114, 281, 295.70, 46.42, 211, -32.66, 298.28
10115, 211, -32.66, 298.28, 164, -272.49, 127.22
10116, 164, -272.49, 127.22, 221, 31.81, 298.28
10117, 221, 31.81, 298.28, 140, -299.14, -25.79
10118, 140, -299.14, -25.79, 237, 132.38, 269.91
10119, 237, 132.38, 269.91, 150, -298.28, 39.54
10120, 150, -298.28, 39.54, 184, -193.41, 230.37
10121, 184, -193.41, 230.37, 215, -6.88, 300.00
10122, 215, -6.88, 300.00, 159, -284.53, 97.13
10123, 159, -284.53, 97.13, 74, -13.75, -299.14
10124, 74, -13.75, -299.14, 32, 229.51, -192.55
10125, 32, 229.51, -192.55, 192, -150.43, 260.46
10126, 192, -150.43, 260.46, 153, -294.84, 59.31
10127, 153, -294.84, 59.31, 62, 64.47, -292.26
10128, 62, 64.47, -292.26, 42, 182.23, -237.25
10129, 42, 182.23, -237.25, 211, -32.66, 298.28
10130, 211, -32.66, 298.28, 287, 299.14, 6.88
10131, 287, 299.14, 6.88, 251, 207.16, 217.48
10132, 251, 207.16, 217.48, 92, -127.22, -271.63
10133, 92, -127.22, -271.63, 34, 220.92, -202.01
10134, 34, 220.92, -202.01, 54, 114.33, -276.79
10135, 54, 114.33, -276.79, 196, -127.22, 272.49
10136, 196, -127.22, 272.49, 4, 298.28, -25.79
10137, 4, 298.28, -25.79, 170, -253.58, 161.60
10138, 170, -253.58, 161.60, 278, 292.26, 65.33
10139, 278, 292.26, 65.33, 251, 207.16, 217.48
10140, 251, 207.16, 217.48, 285, 299.14, 19.77
10141, 285, 299.14, 19.77, 222, 38.68, 298.28
10142, 222, 38.68, 298.28, 148, -299.14, 26.65
10143, 148, -299.14, 26.65, 239, 143.55, 263.04
10144, 239, 143.55, 263.04, 185, -188.25, 234.67
10145, 185, -188.25, 234.67, 257, 233.81, 188.25
10146, 257, 233.81, 188.25, 280, 294.84, 52.44
10147, 280, 294.84, 52.44, 195, -133.24, 269.91
10148, 195, -133.24, 269.91, 146, -300.00, 13.75
10149, 146, -300.00, 13.75, 187, -177.94, 242.41
10150, 187, -177.94, 242.41, 228, 77.36, 290.54
10151, 228, 77.36, 290.54, 83, -71.35, -290.54
10152, 83, -71.35, -290.54, 256, 229.51, 193.41
10153, 256, 229.51, 193.41, 32, 229.51, -192.55
10154, 32, 229.51, -192.55, 62, 64.47, -292.26
10155, 62, 64.47, -292.26, 34, 220.92, -202.01
10156, 34, 220.92, -202.01, 3, 299.14, -18.91
10157, 3, 299.14, -18.91, 190, -161.60, 253.58
10158, 190, -161.60, 253.58, 225, 58.45, 294.84
10159, 225, 58.45, 294.84, 205, -71.35, 291.40
10160, 205, -71.35, 291.40, 139, -298.28, -31.81
10161, 139, -298.28, -31.81, 249, 197.71, 226.07
10162, 249, 197.71, 226.07, 165, -269.91, 133.24
10163, 165, -269.91, 133.24, 200, -103.15, 281.95
10164, 200, -103.15, 281.95, 282, 297.42, 39.54
10165, 282, 297.42, 39.54, 15, 283.67, -96.28
10166, 15, 283.67, -96.28, 57, 96.28, -283.67
10167, 57, 96.28, -283.67, 6, 297.42, -38.68
10168, 6, 297.42, -38.68, 37, 207.16, -216.62
10169, 37, 207.16, -216.62, 275, 287.97, 84.24
10170, 275, 287.97, 84.24, 253, 216.62, 208.02
10171, 253, 216.62, 208.02, 217, 6.02, 300.00
10172, 217, 6.02, 300.00, 65, 45.56, -295.70
10173, 65, 45.56, -295.70, 25, 256.16, -155.59
10174, 25, 256.16, -155.59, 4, 298.28, -25.79
10175, 4, 298.28, -25.79, 267, 269.05, 133.24
10176, 267, 269.05, 133.24, 202, -90.26, 286.25
10177, 202, -90.26, 286.25, 139, -298.28, -31.81
10178, 139, -298.28, -31.81, 173, -242.41, 177.94
10179, 173, -242.41, 177.94, 201, -97.13, 284.53
10180, 201, -97.13, 284.53, 245, 177.08, 242.41
10181, 245, 177.08, 242.41, 281, 295.70, 46.42
10182, 281, 295.70, 46.42, 28, 244.99, -171.92
10183, 28, 244.99, -171.92, 266, 265.62, 139.26
10184, 266, 265.62, 139.26, 63, 58.45, -293.98
10185, 63, 58.45, -293.98, 222, 38.68, 298.28
10186, 222, 38.68, 298.28, 243, 165.90, 250.14
10187, 243, 165.90, 250.14, 61, 70.49, -290.54
10188, 61, 70.49, -290.54, 26, 252.72, -160.74
10189, 26, 252.72, -160.74, 6, 297.42, -38.68
10190, 6, 297.42, -38.68, 246, 182.23, 238.11
10191, 246, 182.23, 238.11, 152, -295.70, 52.44
10192, 152, -295.70, 52.44, 270, 276.79, 115.19
10193, 270, 276.79, 115.19, 189, -166.76, 250.14
10194, 189, -166.76, 250.14, 257, 233.81, 188.25
10195, 257, 233.81, 188.25, 68, 25.79, -298.28
10196, 68, 25.79, -298.28, 215, -6.88, 300.00
10197, 215, -6.88, 300.00, 139, -298.28, -31.81
10198, 139, -298.28, -31.81, 191, -156.45, 257.02
10199, 191, -156.45, 257.02, 0, 300.00, -0.00
10200, 0, 300.00, -0.00, 259, 241.55, 177.94
10201, 259, 241.55, 177.94, 18, 276.79, -114.33
10202, 18, 276.79, -114.33, 180, -212.32, 212.32
10203, 180, -212.32, 212.32, 155, -291.40, 71.35
10204, 155, -291.40, 71.35, 216, -0.86, 300.00
10205, 216, -0.86, 300.00, 176, -230.37, 193.41
10206, 176, -230.37, 193.41, 152, -295.70, 52.44
10207, 152, -295.70, 52.44, 182, -202.87, 221.78
10208, 182, -202.87, 221.78, 140, -299.14, -25.79
10209, 140, -299.14, -25.79, 185, -188.25, 234.67
10210, 185, -188.25, 234.67, 249, 197.71, 226.07
10211, 249, 197.71, 226.07, 138, -298.28, -38.68
10212, 138, -298.28, -38.68, 244, 171.92, 245.85
10213, 244, 171.92, 245.85, 88, -103.15, -281.09
10214, 88, -103.15, -281.09, 44, 171.92, -244.99
10215, 44, 171.92, -244.99, 2, 299.14, -12.89
10216, 2, 299.14, -12.89, 198, -115.19, 277.65
10217, 198, -115.19, 277.65, 260, 244.99, 172.78
10218, 260, 244.99, 172.78, 201, -97.13, 284.53
10219, 201, -97.13, 284.53, 139, -298.28, -31.81
10220, 139, -298.28, -31.81, 204, -78.22, 290.54
10221, 204, -78.22, 290.54, 258, 237.25, 183.09
10222, 258, 237.25, 183.09, 278, 292.26, 65.33
10223, 278, 292.26, 65.33, 84, -78.22, -289.68
10224, 84, -78.22, -289.68, 30, 237.25, -182.23
10225, 30, 237.25, -182.23, 76, -26.65, -298.28
10226, 76, -26.65, -298.28, 27, 249.28, -165.90
10227, 27, 249.28, -165.90, 55, 108.31, -279.37
10228, 55, 108.31, -279.37, 228, 77.36, 290.54
10229, 228, 77.36, 290.54, 266, 265.62, 139.26
10230, 266, 265.62, 139.26, 208, -52.44, 295.70
10231, 208, -52.44, 295.70, 266, 265.62, 139.26
10232, 266, 265.62, 139.26, 107, -208.02, -216.62
10233, 107, -208.02, -216.62, 47, 155.59, -256.16
10234, 47, 155.59, -256.16, 172, -245.85, 172.78
10235, 172, -245.85, 172.78, 148, -299.14, 26.65
10236, 148, -299.14, 26.65, 192, -150.43, 260.46
10237, 192, -150.43, 260.46, 36, 211.46, -211.46
10238, 36, 211.46, -211.46, 277, 290.54, 71.35
10239, 277, 290.54, 71.35, 34, 220.92, -202.01
10240, 34, 220.92, -202.01, 58, 89.40, -285.39
10241, 58, 89.40, -285.39, 164, -272.49, 127.22
10242, 164, -272.49, 127.22, 206, -65.33, 293.12
10243, 206, -65.33, 293.12, 145, -300.00, 6.88
10244, 145, -300.00, 6.88, 57, 96.28, -283.67
10245, 57, 96.28, -283.67, 219, 18.91, 300.00
10246, 219, 18.91, 300.00, 142, -300.00, -12.89
10247, 142, -300.00, -12.89, 168, -260.46, 150.43
10248, 168, -260.46, 150.43, 255, 225.21, 198.57
10249, 255, 225.21, 198.57, 223, 45.56, 296.56
10250, 223, 45.56, 296.56, 10, 292.26, -64.47
10251, 10, 292.26, -64.47, 253, 216.62, 208.02
10252, 253, 216.62, 208.02, 30, 237.25, -182.23
10253, 30, 237.25, -182.23, 60, 77.36, -289.68
10254, 60, 77.36, -289.68, 252, 211.46, 212.32
10255, 252, 211.46, 212.32, 25, 256.16, -155.59
10256, 25, 256.16, -155.59, 266, 265.62, 139.26
10257, 266, 265.62, 139.26, 0, 300.00, -0.00
10258, 0, 300.00, -0.00, 250, 202.01, 221.78
10259, 250, 202.01, 221.78, 148, -299.14, 26.65
10260, 148, -299.14, 26.65, 271, 279.37, 109.17
10261, 271, 279.37, 109.17, 192, -150.43, 260.46
10262, 192, -150.43, 260.46, 172, -245.85, 172.78
10263, 172, -245.85, 172.78, 140, -299.14, -25.79
10264, 140, -299.14, -25.79, 199, -109.17, 280.23
10265, 199, -109.17, 280.23, 4, 298.28, -25.79
10266, 4, 298.28, -25.79, 230, 89.40, 286.25
10267, 230, 89.40, 286.25, 177, -226.07, 198.57
10268, 177, -226.07, 198.57, 142, -300.00, -12.89
10269, 142, -300.00, -12.89, 238, 138.40, 266.48
10270, 238, 138.40, 266.48, 217, 6.02, 300.00
10271, 217, 6.02, 300.00, 268, 271.63, 127.22
10272, 268, 271.63, 127.22, 31, 233.81, -187.39
10273, 31, 233.81, -187.39, 205, -71.35, 291.40
10274, 205, -71.35, 291.40, 273, 283.67, 97.13
10275, 273, 283.67, 97.13, 29, 241.55, -177.08
10276, 29, 241.55, -177.08, 253, 216.62, 208.02
10277, 253, 216.62, 208.02, 95, -144.41, -262.18
10278, 95, -144.41, -262.18, 261, 249.28, 166.76
10279, 261, 249.28, 166.76, 204, -78.22, 290.54
10280, 204, -78.22, 290.54, 145, -300.00, 6.88
10281, 145, -300.00, 6.88, 193, -144.41, 263.04
10282, 193, -144.41, 263.04, 264, 259.60, 150.43
10283, 264, 259.60, 150.43, 209, -46.42, 296.56
10284, 209, -46.42, 296.56, 139, -298.28, -31.81
10285, 139, -298.28, -31.81, 206, -65.33, 293.12
10286, 206, -65.33, 293.12, 5, 297.42, -31.81
10287, 5, 297.42, -31.81, 49, 143.55, -262.18
10288, 49, 143.55, -262.18, 214, -13.75, 300.00
10289, 214, -13.75, 300.00, 91, -121.20, -274.21
10290, 91, -121.20, -274.21, 152, -295.70, 52.44
10291, 152, -295.70, 52.44, 184, -193.41, 230.37
10292, 184, -193.41, 230.37, 239, 143.55, 263.04
10293, 239, 143.55, 263.04, 150, -298.28, 39.54
10294, 150, -298.28, 39.54, 181, -208.02, 217.48
10295, 181, -208.02, 217.48, 154, -293.12, 65.33
10296, 154, -293.12, 65.33, 174, -238.11, 183.09
10297, 174, -238.11, 183.09, 3, 299.14, -18.91
10298, 3, 299.14, -18.91, 156, -290.54, 78.22
10299, 156, -290.54, 78.22, 192, -150.43, 260.46
10300, 192, -150.43, 260.46, 106, -202.87, -220.92
10301, 106, -202.87, -220.92, 187, -177.94, 242.41
10302, 187, -177.94, 242.41, 157, -288.83, 84.24
10303, 157, -288.83, 84.24, 181, -208.02, 217.48
10304, 181, -208.02, 217.48, 210, -39.54, 298.28
10305, 210, -39.54, 298.28, 145, -300.00, 6.88
10306, 145, -300.00, 6.88, 181, -208.02, 217.48
10307, 181, -208.02, 217.48, 243, 165.90, 250.14
10308, 243, 165.90, 250.14, 202, -90.26, 286.25
10309, 202, -90.26, 286.25, 139, -298.28, -31.81
10310, 139, -298.28, -31.81, 196, -127.22, 272.49
10311, 196, -127.22, 272.49, 1, 299.14, -6.02
10312, 1, 299.14, -6.02, 263, 256.16, 156.45
10313, 263, 256.16, 156.45, 210, -39.54, 298.28
10314, 210, -39.54, 298.28, 59, 83.38, -287.97
10315, 59, 83.38, -287.97, 27, 249.28, -165.90
10316, 27, 249.28, -165.90, 276, 289.68, 78.22
10317, 276, 289.68, 78.22, 234, 114.33, 277.65
10318, 234, 114.33, 277.65, 255, 225.21, 198.57
10319, 255, 225.21, 198.57, 55, 108.31, -279.37
10320, 55, 108.31, -279.37, 199, -109.17, 280.23
10321, 199, -109.17, 280.23, 145, -300.00, 6.88
10322, 145, -300.00, 6.88, 250, 202.01, 221.78
10323, 250, 202.01, 221.78, 7, 295.70, -45.56
10324, 7, 295.70, -45.56, 234, 114.33, 277.65
10325, 234, 114.33, 277.65, 213, -19.77, 300.00
10326, 213, -19.77, 300.00, 151, -296.56, 46.42
10327, 151, -296.56, 46.42, 61, 70.49, -290.54
10328, 61, 70.49, -290.54, 35, 216.62, -207.16
10329, 35, 216.62, -207.16, 58, 89.40, -285.39
10330, 58, 89.40, -285.39, 247, 187.39, 234.67
10331, 247, 187.39, 234.67, 181, -208.02, 217.48
10332, 181, -208.02, 217.48, 145, -300.00, 6.88
10333, 145, -300.00, 6.88, 196, -127.22, 272.49
10334, 196, -127.22, 272.49, 269, 274.21, 121.20
10335, 269, 274.21, 121.20, 243, 165.90, 250.14
10336, 243, 165.90, 250.14, 145, -300.00, 6.88
10337, 145, -300.00, 6.88, 249, 197.71, 226.07
10338, 249, 197.71, 226.07, 221, 31.81, 298.28
10339, 221, 31.81, 298.28, 64, 51.58, -294.84
10340, 64, 51.58, -294.84, 41, 187.39, -233.81
10341, 41, 187.39, -233.81, 279, 293.98, 59.31
10342, 279, 293.98, 59.31, 238, 138.40, 266.48
10343, 238, 138.40, 266.48, 136, -295.70, -51.58
10344, 136, -295.70, -51.58, 198, -115.19, 277.65
10345, 198, -115.19, 277.65, 277, 290.54, 71.35
10346, 277, 290.54, 71.35, 128, -281.95, -102.29
10347, 128, -281.95, -102.29, 273, 283.67, 97.13
10348, 273, 283.67, 97.13, 229, 83.38, 288.83
10349, 229, 83.38, 288.83, 7, 295.70, -45.56
10350, 7, 295.70, -45.56, 204, -78.22, 290.54
10351, 204, -78.22, 290.54, 10, 292.26, -64.47
10352, 10, 292.26, -64.47, 31, 233.81, -187.39
10353, 31, 233.81, -187.39, 279, 293.98, 59.31
10354, 279, 293.98, 59.31, 34, 220.92, -202.01
10355, 34, 220.92, -202.01, 66, 38.68, -297.42
10356, 66, 38.68, -297.42, 21, 269.05, -132.38
10357, 21, 269.05, -132.38, 282, 297.42, 39.54
10358, 282, 297.42, 39.54, 251, 207.16, 217.48
10359, 251, 207.16, 217.48, 183, -198.57, 226.07
10360, 183, -198.57, 226.07, 150, -298.28, 39.54
10361, 150, -298.28, 39.54, 23, 262.18, -143.55
10362, 23, 262.18, -143.55, 64, 51.58, -294.84
10363, 64, 51.58, -294.84, 156, -290.54, 78.22
10364, 156, -290.54, 78.22, 219, 18.91, 300.00
10365, 219, 18.91, 300.00, 279, 293.98, 59.31
10366, 279, 293.98, 59.31, 237, 132.38, 269.91
10367, 237, 132.38, 269.91, 189, -166.76, 250.14
10368, 189, -166.76, 250.14, 147, -300.00, 19.77
10369, 147, -300.00, 19.77, 284, 298.28, 26.65
10370, 284, 298.28, 26.65, 39, 197.71, -225.21
10371, 39, 197.71, -225.21, 2, 299.14, -12.89
10372, 2, 299.14, -12.89, 270, 276.79, 115.19
10373, 270, 276.79, 115.19, 102, -183.09, -237.25
10374, 102, -183.09, -237.25, 185, -188.25, 234.67
10375, 185, -188.25, 234.67, 244, 171.92, 245.85
10376, 244, 171.92, 245.85, 189, -166.76, 250.14
10377, 189, -166.76, 250.14, 240, 149.57, 260.46
10378, 240, 149.57, 260.46, 145, -300.00, 6.88
10379, 145, -300.00, 6.88, 194, -139.26, 266.48
10380, 194, -139.26, 266.48, 120, -260.46, -149.57
10381, 120, -260.46, -149.57, 200, -103.15, 281.95
10382, 200, -103.15, 281.95, 132, -290.54, -77.36
10383, 132, -290.54, -77.36, 55, 108.31, -279.37
10384, 55, 108.31, -279.37, 35, 216.62, -207.16
10385, 35, 216.62, -207.16, 282, 297.42, 39.54
10386, 282, 297.42, 39.54, 14, 285.39, -89.40
10387, 14, 285.39, -89.40, 254, 220.92, 202.87
10388, 254, 220.92, 202.87, 200, -103.15, 281.95
10389, 200, -103.15, 281.95, 144, -300.00, -0.00
10390, 144, -300.00, -0.00, 197, -121.20, 275.07
10391, 197, -121.20, 275.07, 53, 120.34, -274.21
10392, 53, 120.34, -274.21, 215, -6.88, 300.00
10393, 215, -6.88, 300.00, 165, -269.91, 133.24
10394, 165, -269.91, 133.24, 249, 197.71, 226.07
10395, 249, 197.71, 226.07, 193, -144.41, 263.04
10396, 193, -144.41, 263.04, 273, 283.67, 97.13
10397, 273, 283.67, 97.13, 227, 70.49, 291.40
10398, 227, 70.49, 291.40, 252, 211.46, 212.32
10399, 252, 211.46, 212.32, 226, 64.47, 293.12
10400, 226, 64.47, 293.12, 200, -103.15, 281.95
10401, 200, -103.15, 281.95, 10, 292.26, -64.47
10402, 10, 292.26, -64.47, 258, 237.25, 183.09
10403, 258, 237.25, 183.09, 216, -0.86, 300.00
10404, 216, -0.86, 300.00, 16, 281.09, -102.29
10405, 16, 281.09, -102.29, 259, 241.55, 177.94
10406, 259, 241.55, 177.94, 16, 281.09, -102.29
10407, 16, 281.09, -102.29, 233, 108.31, 280.23
10408, 233, 108.31, 280.23, 9, 293.98, -58.45
10409, 9, 293.98, -58.45, 227, 70.49, 291.40
10410, 227, 70.49, 291.40, 262, 252.72, 161.60
10411, 262, 252.72, 161.60, 188, -172.78, 245.85
10412, 188, -172.78, 245.85, 242, 160.74, 253.58
10413, 242, 160.74, 253.58, 199, -109.17, 280.23
10414, 199, -109.17, 280.23, 283, 297.42, 32.66
10415, 283, 297.42, 32.66, 170, -253.58, 161.60
10416, 170, -253.58, 161.60, 212, -26.65, 299.14
10417, 212, -26.65, 299.14, 236, 126.36, 272.49
10418, 236, 126.36, 272.49, 211, -32.66, 298.28
10419, 211, -32.66, 298.28, 58, 89.40, -285.39
10420, 58, 89.40, -285.39, 144, -300.00, -0.00
10421, 144, -300.00, -0.00, 205, -71.35, 291.40
10422, 205, -71.35, 291.40, 141, -300.00, -18.91
10423, 141, -300.00, -18.91, 164, -272.49, 127.22
10424, 164, -272.49, 127.22, 210, -39.54, 298.28
10425, 210, -39.54, 298.28, 251, 207.16, 217.48
10426, 251, 207.16, 217.48, 6, 297.42, -38.68
10427, 6, 297.42, -38.68, 205, -71.35, 291.40
10428, 205, -71.35, 291.40, 165, -269.91, 133.24
10429, 165, -269.91, 133.24, 275, 287.97, 84.24
10430, 275, 287.97, 84.24, 38, 202.01, -220.92
10431, 38, 202.01, -220.92, 65, 45.56, -295.70
10432, 65, 45.56, -295.70, 160, -281.95, 103.15
10433, 160, -281.95, 103.15, 209, -46.42, 296.56
10434, 209, -46.42, 296.56, 180, -212.32, 212.32
10435, 180, -212.32, 212.32, 158, -286.25, 90.26
10436, 158, -286.25, 90.26, 253, 216.62, 208.02
10437, 253, 216.62, 208.02, 8, 294.84, -51.58
10438, 8, 294.84, -51.58, 28, 244.99, -171.92
10439, 28, 244.99, -171.92, 62, 64.47, -292.26
10440, 62, 64.47, -292.26, 266, 265.62, 139.26
10441, 266, 265.62, 139.26, 286, 299.14, 13.75
10442, 286, 299.14, 13.75, 171, -250.14, 166.76
10443, 171, -250.14, 166.76, 89, -109.17, -279.37
10444, 89, -109.17, -279.37, 263, 256.16, 156.45
10445, 263, 256.16, 156.45, 287, 299.14, 6.88
10446, 287, 299.14, 6.88, 19, 274.21, -120.34
10447, 19, 274.21, -120.34, 179, -217.48, 208.02
10448, 179, -217.48, 208.02, 243, 165.90, 250.14
10449, 243, 165.90, 250.14, 218, 12.89, 300.00
10450, 218, 12.89, 300.00, 169, -257.02, 156.45
10451, 169, -257.02, 156.45, 149, -298.28, 32.66
10452, 149, -298.28, 32.66, 171, -250.14, 166.76
10453, 171, -250.14, 166.76, 212, -26.65, 299.14
10454, 212, -26.65, 299.14, 191, -156.45, 257.02
10455, 191, -156.45, 257.02, 251, 207.16, 217.48
10456, 251, 207.16, 217.48, 276, 289.68, 78.22
10457, 276, 289.68, 78.22, 23, 262.18, -143.55
10458, 23, 262.18, -143.55, 57, 96.28, -283.67
10459, 57, 96.28, -283.67, 262, 252.72, 161.60
10460, 262, 252.72, 161.60, 160, -281.95, 103.15
10461, 160, -281.95, 103.15, 140, -299.14, -25.79
10462, 140, -299.14, -25.79, 175, -234.67, 188.25
10463, 175, -234.67, 188.25, 230, 89.40, 286.25
10464, 230, 89.40, 286.25, 253, 216.62, 208.02
10465, 253, 216.62, 208.02, 191, -156.45, 257.02
10466, 191, -156.45, 257.02, 141, -300.00, -18.91
10467, 141, -300.00, -18.91, 17, 279.37, -108.31
10468, 17, 279.37, -108.31, 43, 177.08, -241.55
10469, 43, 177.08, -241.55, 211, -32.66, 298.28
10470, 211, -32.66, 298.28, 146, -300.00, 13.75
10471, 146, -300.00, 13.75, 194, -139.26, 266.48
10472, 194, -139.26, 266.48, 240, 149.57, 260.46
10473, 240, 149.57, 260.46, 11, 290.54, -70.49
10474, 11, 290.54, -70.49, 251, 207.16, 217.48
10475, 251, 207.16, 217.48, 229, 83.38, 288.83
10476, 229, 83.38, 288.83, 201, -97.13, 284.53
10477, 201, -97.13, 284.53, 221, 31.81, 298.28
10478, 221, 31.81, 298.28, 242, 160.74, 253.58
10479, 242, 160.74, 253.58, 266, 265.62, 139.26
10480, 266, 265.62, 139.26, 143, -300.00, -6.02
10481, 143, -300.00, -6.02, 180, -212.32, 212.32
10482, 180, -212.32, 212.32, 248, 192.55, 230.37
10483, 248, 192.55, 230.37, 5, 297.42, -31.81
10484, 5, 297.42, -31.81, 207, -59.31, 294.84
10485, 207, -59.31, 294.84, 138, -298.28, -38.68
10486, 138, -298.28, -38.68, 246, 182.23, 238.11
10487, 246, 182.23, 238.11, 275, 287.97, 84.24
10488, 275, 287.97, 84.24, 217, 6.02, 300.00
10489, 217, 6.02, 300.00, 57, 96.28, -283.67
10490, 57, 96.28, -283.67, 166, -266.48, 139.26
10491, 166, -266.48, 139.26, 194, -139.26, 266.48
10492, 194, -139.26, 266.48, 148, -299.14, 26.65
10493, 148, -299.14, 26.65, 210, -39.54, 298.28
10494, 210, -39.54, 298.28, 176, -230.37, 193.41
10495, 176, -230.37, 193.41, 230, 89.40, 286.25
10496, 230, 89.40, 286.25, 139, -298.28, -31.81
10497, 139, -298.28, -31.81, 231, 96.28, 284.53
10498, 231, 96.28, 284.53, 8, 294.84, -51.58
10499, 8, 294.84, -51.58, 208, -52.44, 295.70
10500, 208, -52.44, 295.70, 232, 102.29, 281.95
10501, 232, 102.29, 281.95, 149, -298.28, 32.66
10502, 149, -298.28, 32.66, 248, 192.55, 230.37
10503, 248, 192.55, 230.37, 187, -177.94, 242.41
10504, 187, -177.94, 242.41, 139, -298.28, -31.81
10505, 139, -298.28, -31.81, 225, 58.45, 294.84
10506, 225, 58.45, 294.84, 167, -263.04, 144.41
10507, 167, -263.04, 144.41, 255, 225.21, 198.57
10508, 255, 225.21, 198.57, 185, -188.25, 234.67
10509, 185, -188.25, 234.67, 258, 237.25, 183.09
10510, 258, 237.25, 183.09, 16, 281.09, -102.29
10511, 16, 281.09, -102.29, 214, -13.75, 300.00
10512, 214, -13.75, 300.00, 171, -250.14, 166.76
10513, 171, -250.14, 166.76, 142, -300.00, -12.89
10514, 142, -300.00, -12.89, 183, -198.57, 226.07
10515, 183, -198.57, 226.07, 229, 83.38, 288.83
10516, 229, 83.38, 288.83, 203, -84.24, 288.83
10517, 203, -84.24, 288.83, 279, 293.98, 59.31
10518, 279, 293.98, 59.31, 12, 289.68, -77.36
10519, 12, 289.68, -77.36, 45, 165.90, -249.28
10520, 45, 165.90, -249.28, 280, 294.84, 52.44
10521, 280, 294.84, 52.44, 162, -277.65, 115.19
10522, 162, -277.65, 115.19, 79, -46.42, -295.70
10523, 79, -46.42, -295.70, 200, -103.15, 281.95
10524, 200, -103.15, 281.95, 246, 182.23, 238.11
10525, 246, 182.23, 238.11, 141, -300.00, -18.91
10526, 141, -300.00, -18.91, 189, -166.76, 250.14
10527, 189, -166.76, 250.14, 230, 89.40, 286.25
10528, 230, 89.40, 286.25, 153, -294.84, 59.31
10529, 153, -294.84, 59.31, 212, -26.65, 299.14
10530, 212, -26.65, 299.14, 242, 160.74, 253.58
10531, 242, 160.74, 253.58, 198, -115.19, 277.65
10532, 198, -115.19, 277.65, 143, -300.00, -6.02
10533, 143, -300.00, -6.02, 22, 265.62, -138.40
10534, 22, 265.62, -138.40, 71, 6.02, -299.14
10535, 71, 6.02, -299.14, 44, 171.92, -244.99
10536, 44, 171.92, -244.99, 286, 299.14, 13.75
10537, 286, 299.14, 13.75, 172, -245.85, 172.78
10538, 172, -245.85, 172.78, 250, 202.01, 221.78
10539, 250, 202.01, 221.78, 192, -150.43, 260.46
10540, 192, -150.43, 260.46, 234, 114.33, 277.65
10541, 234, 114.33, 277.65, 147, -300.00, 19.77
10542, 147, -300.00, 19.77, 186, -183.09, 238.11
10543, 186, -183.09, 238.11, 256, 229.51, 193.41
10544, 256, 229.51, 193.41, 276, 289.68, 78.22
10545, 276, 289.68, 78.22, 17, 279.37, -108.31
10546, 17, 279.37, -108.31, 60, 77.36, -289.68
10547, 60, 77.36, -289.68, 37, 207.16, -216.62
10548, 37, 207.16, -216.62, 72, 0.00, -300.00
10549, 72, 0.00, -300.00, 33, 225.21, -197.71
10550, 33, 225.21, -197.71, 75, -19.77, -299.14
10551, 75, -19.77, -299.14, 230, 89.40, 286.25
10552, 230, 89.40, 286.25, 9, 293.98, -58.45
10553, 9, 293.98, -58.45, 268, 271.63, 127.22
10554, 268, 271.63, 127.22, 5, 297.42, -31.81
10555, 5, 297.42, -31.81, 113, -234.67, -187.39
10556, 113, -234.67, -187.39, 26, 252.72, -160.74
10557, 26, 252.72, -160.74, 60, 77.36, -289.68
10558, 60, 77.36, -289.68, 33, 225.21, -197.71
10559, 33, 225.21, -197.71, 0, 300.00, -0.00
10560, 0, 300.00, -0.00, 247, 187.39, 234.67
10561, 247, 187.39, 234.67, 98, -161.60, -252.72
10562, 98, -161.60, -252.72, 270, 276.79, 115.19
10563, 270, 276.79, 115.19, 3, 299.14, -18.91
10564, 3, 299.14, -18.91, 195, -133.24, 269.91
10565, 195, -133.24, 269.91, 154, -293.12, 65.33
10566, 154, -293.12, 65.33, 215, -6.88, 300.00
10567, 215, -6.88, 300.00, 54, 114.33, -276.79
10568, 54, 114.33, -276.79, 28, 244.99, -171.92
10569, 28, 244.99, -171.92, 67, 31.81, -297.42
10570, 67, 31.81, -297.42, 214, -13.75, 300.00
10571, 214, -13.75, 300.00, 47, 155.59, -256.16
10572, 47, 155.59, -256.16, 199, -109.17, 280.23
10573, 199, -109.17, 280.23, 238, 138.40, 266.48
10574, 238, 138.40, 266.48, 283, 297.42, 32.66
10575, 283, 297.42, 32.66, 258, 237.25, 183.09
10576, 258, 237.25, 183.09, 228, 77.36, 290.54
10577, 228, 77.36, 290.54, 199, -109.17, 280.23
10578, 199, -109.17, 280.23, 135, -294.84, -58.45
10579, 135, -294.84, -58.45, 219, 18.91, 300.00
10580, 219, 18.91, 300.00, 245, 177.08, 242.41
10581, 245, 177.08, 242.41, 203, -84.24, 288.83
10582, 203, -84.24, 288.83, 162, -277.65, 115.19
10583, 162, -277.65, 115.19, 182, -202.87, 221.78
10584, 182, -202.87, 221.78, 22, 265.62, -138.40
10585, 22, 265.62, -138.40, 280, 294.84, 52.44
10586, 280, 294.84, 52.44, 200, -103.15, 281.95
10587, 200, -103.15, 281.95, 134, -293.12, -64.47
10588, 134, -293.12, -64.47, 196, -127.22, 272.49
10589, 196, -127.22, 272.49, 52, 126.36, -271.63
10590, 52, 126.36, -271.63, 32, 229.51, -192.55
10591, 32, 229.51, -192.55, 57, 96.28, -283.67
10592, 57, 96.28, -283.67, 206, -65.33, 293.12
10593, 206, -65.33, 293.12, 56, 102.29, -281.09
10594, 56, 102.29, -281.09, 197, -121.20, 275.07
10595, 197, -121.20, 275.07, 5, 297.42, -31.81
10596, 5, 297.42, -31.81, 255, 225.21, 198.57
10597, 255, 225.21, 198.57, 93, -133.24, -269.05
10598, 93, -133.24, -269.05, 0, 300.00, -0.00
10599, 0, 300.00, -0.00, 195, -133.24, 269.91
10600, 195, -133.24, 269.91, 137, -296.56, -45.56
10601, 137, -296.56, -45.56, 224, 51.58, 295.70
10602, 224, 51.58, 295.70, 165, -269.91, 133.24
10603, 165, -269.91, 133.24, 209, -46.42, 296.56
10604, 209, -46.42, 296.56, 140, -299.14, -25.79
10605, 140, -299.14, -25.79, 195, -133.24, 269.91
10606, 195, -133.24, 269.91, 151, -296.56, 46.42
10607, 151, -296.56, 46.42, 190, -161.60, 253.58
10608, 190, -161.60, 253.58, 226, 64.47, 293.12
10609, 226, 64.47, 293.12, 10, 292.26, -64.47
10610, 10, 292.26, -64.47, 277, 290.54, 71.35
10611, 277, 290.54, 71.35, 33, 225.21, -197.71
10612, 33, 225.21, -197.71, 258, 237.25, 183.09
10613, 258, 237.25, 183.09, 215, -6.88, 300.00
10614, 215, -6.88, 300.00, 169, -257.02, 156.45
10615, 169, -257.02, 156.45, 284, 298.28, 26.65
10616, 284, 298.28, 26.65, 264, 259.60, 150.43
10617, 264, 259.60, 150.43, 168, -260.46, 150.43
10618, 168, -260.46, 150.43, 210, -39.54, 298.28
10619, 210, -39.54, 298.28, 144, -300.00, -0.00
10620, 144, -300.00, -0.00, 208, -52.44, 295.70
10621, 208, -52.44, 295.70, 237, 132.38, 269.91
10622, 237, 132.38, 269.91, 20, 271.63, -126.36
10623, 20, 271.63, -126.36, 259, 241.55, 177.94
10624, 259, 241.55, 177.94, 0, 300.00, -0.00
10625, 0, 300.00, -0.00, 253, 216.62, 208.02
10626, 253, 216.62, 208.02, 114, -238.11, -182.23
10627, 114, -238.11, -182.23, 24, 259.60, -149.57
10628, 24, 259.60, -149.57, 69, 18.91, -299.14
10629, 69, 18.91, -299.14, 45, 165.90, -249.28
10630, 45, 165.90, -249.28, 199, -109.17, 280.23
10631, 199, -109.17, 280.23, 150, -298.28, 39.54
10632, 150, -298.28, 39.54, 191, -156.45, 257.02
10633, 191, -156.45, 257.02, 34, 220.92, -202.01
10634, 34, 220.92, -202.01, 62, 64.47, -292.26
10635, 62, 64.47, -292.26, 37, 207.16, -216.62
10636, 37, 207.16, -216.62, 4, 298.28, -25.79
10637, 4, 298.28, -25.79, 249, 197.71, 226.07
10638, 249, 197.71, 226.07, 203, -84.24, 288.83
10639, 203, -84.24, 288.83, 140, -299.14, -25.79
10640, 140, -299.14, -25.79, 229, 83.38, 288.83
10641, 229, 83.38, 288.83, 184, -193.41, 230.37
10642, 184, -193.41, 230.37, 158, -286.25, 90.26
10643, 158, -286.25, 90.26, 59, 83.38, -287.97
10644, 59, 83.38, -287.97, 205, -71.35, 291.40
10645, 205, -71.35, 291.40, 133, -291.40, -70.49
10646, 133, -291.40, -70.49, 201, -97.13, 284.53
10647, 201, -97.13, 284.53, 237, 132.38, 269.91
10648, 237, 132.38, 269.91, 280, 294.84, 52.44
10649, 280, 294.84, 52.44, 235, 120.34, 275.07
10650, 235, 120.34, 275.07, 139, -298.28, -31.81
10651, 139, -298.28, -31.81, 178, -221.78, 202.87
10652, 178, -221.78, 202.87, 230, 89.40, 286.25
10653, 230, 89.40, 286.25, 5, 297.42, -31.81
10654, 5, 297.42, -31.81, 66, 38.68, -297.42
10655, 66, 38.68, -297.42, 251, 207.16, 217.48
10656, 251, 207.16, 217.48, 29, 241.55, -177.08
10657, 29, 241.55, -177.08, 53, 120.34, -274.21
10658, 53, 120.34, -274.21, 183, -198.57, 226.07
10659, 183, -198.57, 226.07, 250, 202.01, 221.78
10660, 250, 202.01, 221.78, 196, -127.22, 272.49
10661, 196, -127.22, 272.49, 146, -300.00, 13.75
10662, 146, -300.00, 13.75, 188, -172.78, 245.85
10663, 188, -172.78, 245.85, 134, -293.12, -64.47
10664, 134, -293.12, -64.47, 239, 143.55, 263.04
10665, 239, 143.55, 263.04, 274, 285.39, 90.26
10666, 274, 285.39, 90.26, 17, 279.37, -108.31
10667, 17, 279.37, -108.31, 285, 299.14, 19.77
10668, 285, 299.14, 19.77, 207, -59.31, 294.84
10669, 207, -59.31, 294.84, 140, -299.14, -25.79
10670, 140, -299.14, -25.79, 175, -234.67, 188.25
10671, 175, -234.67, 188.25, 144, -300.00, -0.00
10672, 144, -300.00, -0.00, 244, 171.92, 245.85
10673, 244, 171.92, 245.85, 143, -300.00, -6.02
10674, 143, -300.00, -6.02, 203, -84.24, 288.83
10675, 203, -84.24, 288.83, 130, -286.25, -89.40
10676, 130, -286.25, -89.40, 211, -32.66, 298.28
10677, 211, -32.66, 298.28, 61, 70.49, -290.54
10678, 61, 70.49, -290.54, 41, 187.39, -233.81
10679, 41, 187.39, -233.81, 277, 290.54, 71.35
10680, 277, 290.54, 71.35, 157, -288.83, 84.24
10681, 157, -288.83, 84.24, 240, 149.57, 260.46
10682, 240, 149.57, 260.46, 185, -188.25, 234.67
10683, 185, -188.25, 234.67, 231, 96.28, 284.53
10684, 231, 96.28, 284.53, 9, 293.98, -58.45
10685, 9, 293.98, -58.45, 51, 132.38, -269.05
10686, 51, 132.38, -269.05, 213, -19.77, 300.00
10687, 213, -19.77, 300.00, 150, -298.28, 39.54
10688, 150, -298.28, 39.54, 184, -193.41, 230.37
10689, 184, -193.41, 230.37, 140, -299.14, -25.79
10690, 140, -299.14, -25.79, 188, -172.78, 245.85
10691, 188, -172.78, 245.85, 159, -284.53, 97.13
10692, 159, -284.53, 97.13, 218, 12.89, 300.00
10693, 218, 12.89, 300.00, 64, 51.58, -294.84
10694, 64, 51.58, -294.84, 162, -277.65, 115.19
10695, 162, -277.65, 115.19, 223, 45.56, 296.56
10696, 223, 45.56, 296.56, 266, 265.62, 139.26
10697, 266, 265.62, 139.26, 24, 259.60, -149.57
10698, 24, 259.60, -149.57, 4, 298.28, -25.79
10699, 4, 298.28, -25.79, 198, -115.19, 277.65
10700, 198, -115.19, 277.65, 258, 237.25, 183.09
10701, 258, 237.25, 183.09, 216, -0.86, 300.00
10702, 216, -0.86, 300.00, 248, 192.55, 230.37
10703, 248, 192.55, 230.37, 188, -172.78, 245.85
10704, 188, -172.78, 245.85, 145, -300.00, 6.88
10705, 145, -300.00, 6.88, 197, -121.20, 275.07
10706, 197, -121.20, 275.07, 2, 299.14, -12.89
10707, 2, 299.14, -12.89, 243, 165.90, 250.14
10708, 243, 165.90, 250.14, 171, -250.14, 166.76
10709, 171, -250.14, 166.76, 229, 83.38, 288.83
10710, 229, 83.38, 288.83, 255, 225.21, 198.57
10711, 255, 225.21, 198.57, 111, -226.07, -197.71
10712, 111, -226.07, -197.71, 271, 279.37, 109.17
10713, 271, 279.37, 109.17, 97, -156.45, -256.16
10714, 97, -156.45, -256.16, 252, 211.46, 212.32
10715, 252, 211.46, 212.32, 190, -161.60, 253.58
10716, 190, -161.60, 253.58, 101, -177.94, -241.55
10717, 101, -177.94, -241.55, 16, 281.09, -102.29
10718, 16, 281.09, -102.29, 92, -127.22, -271.63
10719, 92, -127.22, -271.63, 37, 207.16, -216.62
10720, 37, 207.16, -216.62, 276, 289.68, 78.22
10721, 276, 289.68, 78.22, 238, 138.40, 266.48
10722, 238, 138.40, 266.48, 176, -230.37, 193.41
10723, 176, -230.37, 193.41, 147, -300.00, 19.77
10724, 147, -300.00, 19.77, 232, 102.29, 281.95
10725, 232, 102.29, 281.95, 205, -71.35, 291.40
10726, 205, -71.35, 291.40, 144, -300.00, -0.00
10727, 144, -300.00, -0.00, 198, -115.19, 277.65
10728, 198, -115.19, 277.65, 136, -295.70, -51.58
10729, 136, -295.70, -51.58, 215, -6.88, 300.00
10730, 215, -6.88, 300.00, 267, 269.05, 133.24
10731, 267, 269.05, 133.24, 199, -109.17, 280.23
10732, 199, -109.17, 280.23, 126, -277.65, -114.33
10733, 126, -277.65, -114.33, 189, -166.76, 250.14
10734, 189, -166.76, 250.14, 258, 237.25, 183.09
10735, 258, 237.25, 183.09, 18, 276.79, -114.33
10736, 18, 276.79, -114.33, 45, 165.90, -249.28
10737, 45, 165.90, -249.28, 215, -6.88, 300.00
10738, 215, -6.88, 300.00, 138, -298.28, -38.68
10739, 138, -298.28, -38.68, 242, 160.74, 253.58
10740, 242, 160.74, 253.58, 206, -65.33, 293.12
10741, 206, -65.33, 293.12, 143, -300.00, -6.02
10742, 143, -300.00, -6.02, 163, -275.07, 121.20
10743, 163, -275.07, 121.20, 70, 12.89, -299.14
10744, 70, 12.89, -299.14, 40, 192.55, -229.51
10745, 40, 192.55, -229.51, 13, 287.97, -83.38
10746, 13, 287.97, -83.38, 77, -32.66, -297.42
10747, 77, -32.66, -297.42, 220, 25.79, 299.14
10748, 220, 25.79, 299.14, 241, 155.59, 257.02
10749, 241, 155.59, 257.02, 274, 285.39, 90.26
10750, 274, 285.39, 90.26, 168, -260.46, 150.43
10751, 168, -260.46, 150.43, 148, -299.14, 26.65
10752, 148, -299.14, 26.65, 244, 171.92, 245.85
10753, 244, 171.92, 245.85, 193, -144.41, 263.04
10754, 193, -144.41, 263.04, 282, 297.42, 39.54
10755, 282, 297.42, 39.54, 253, 216.62, 208.02
10756, 253, 216.62, 208.02, 8, 294.84, -51.58
10757, 8, 294.84, -51.58, 51, 132.38, -269.05
10758, 51, 132.38, -269.05, 31, 233.81, -187.39
10759, 31, 233.81, -187.39, 63, 58.45, -293.98
10760, 63, 58.45, -293.98, 26, 252.72, -160.74
10761, 26, 252.72, -160.74, 55, 108.31, -279.37
10762, 55, 108.31, -279.37, 82, -65.33, -292.26
10763, 82, -65.33, -292.26, 228, 77.36, 290.54
10764, 228, 77.36, 290.54, 170, -253.58, 161.60
10765, 170, -253.58, 161.60, 212, -26.65, 299.14
10766, 212, -26.65, 299.14, 61, 70.49, -290.54
10767, 61, 70.49, -290.54, 221, 31.81, 298.28
10768, 221, 31.81, 298.28, 143, -300.00, -6.02
10769, 143, -300.00, -6.02, 170, -253.58, 161.60
10770, 170, -253.58, 161.60, 150, -298.28, 39.54
10771, 150, -298.28, 39.54, 186, -183.09, 238.11
10772, 186, -183.09, 238.11, 157, -288.83, 84.24
10773, 157, -288.83, 84.24, 57, 96.28, -283.67
10774, 57, 96.28, -283.67, 27, 249.28, -165.90
10775, 27, 249.28, -165.90, 278, 292.26, 65.33
10776, 278, 292.26, 65.33, 233, 108.31, 280.23
10777, 233, 108.31, 280.23, 194, -139.26, 266.48
10778, 194, -139.26, 266.48, 222, 38.68, 298.28
10779, 222, 38.68, 298.28, 244, 171.92, 245.85
10780, 244, 171.92, 245.85, 2, 299.14, -12.89
10781, 2, 299.14, -12.89, 223, 45.56, 296.56
10782, 223, 45.56, 296.56, 18, 276.79, -114.33
10783, 18, 276.79, -114.33, 173, -242.41, 177.94
10784, 173, -242.41, 177.94, 236, 126.36, 272.49
10785, 236, 126.36, 272.49, 282, 297.42, 39.54
10786, 282, 297.42, 39.54, 245, 177.08, 242.41
10787, 245, 177.08, 242.41, 180, -212.32, 212.32
10788, 180, -212.32, 212.32, 213, -19.77, 300.00
10789, 213, -19.77, 300.00, 251, 207.16, 217.48
10790, 251, 207.16, 217.48, 6, 297.42, -38.68
10791, 6, 297.42, -38.68, 225, 58.45, 294.84
10792, 225, 58.45, 294.84, 141, -300.00, -18.91
10793, 141, -300.00, -18.91, 192, -150.43, 260.46
10794, 192, -150.43, 260.46, 260, 244.99, 172.78
10795, 260, 244.99, 172.78, 148, -299.14, 26.65
10796, 148, -299.14, 26.65, 172, -245.85, 172.78
10797, 172, -245.85, 172.78, 213, -19.77, 300.00
10798, 213, -19.77, 300.00, 11, 290.54, -70.49
10799, 11, 290.54, -70.49, 229, 83.38, 288.83
10800, 229, 83.38, 288.83, 155, -291.40, 71.35
10801, 155, -291.40, 71.35, 188, -172.78, 245.85
10802, 188, -172.78, 245.85, 156, -290.54, 78.22
10803, 156, -290.54, 78.22, 267, 269.05, 133.24
10804, 267, 269.05, 133.24, 213, -19.77, 300.00
10805, 213, -19.77, 300.00, 152, -295.70, 52.44
10806, 152, -295.70, 52.44, 203, -84.24, 288.83
10807, 203, -84.24, 288.83, 154, -293.12, 65.33
10808, 154, -293.12, 65.33, 265, 262.18, 144.41
10809, 265, 262.18, 144.41, 99, -166.76, -249.28
10810, 99, -166.76, -249.28, 251, 207.16, 217.48
10811, 251, 207.16, 217.48, 218, 12.89, 300.00
10812, 218, 12.89, 300.00, 139, -298.28, -31.81
10813, 139, -298.28, -31.81, 228, 77.36, 290.54
10814, 228, 77.36, 290.54, 206, -65.33, 293.12
10815, 206, -65.33, 293.12, 8, 294.84, -51.58
10816, 8, 294.84, -51.58, 260, 244.99, 172.78
10817, 260, 244.99, 172.78, 19, 274.21, -120.34
10818, 19, 274.21, -120.34, 280, 294.84, 52.44
10819, 280, 294.84, 52.44, 168, -260.46, 150.43
10820, 168, -260.46, 150.43, 221, 31.81, 298.28
10821, 221, 31.81, 298.28, 255, 225.21, 198.57
10822, 255, 225.21, 198.57, 187, -177.94, 242.41
10823, 187, -177.94, 242.41, 149, -298.28, 32.66
10824, 149, -298.28, 32.66, 241, 155.59, 257.02
10825, 241, 155.59, 257.02, 215, -6.88, 300.00
10826, 215, -6.88, 300.00, 151, -296.56, 46.42
10827, 151, -296.56, 46.42, 242, 160.74, 253.58
10828, 242, 160.74, 253.58, 190, -161.60, 253.58
10829, 190, -161.60, 253.58, 257, 233.81, 188.25
10830, 257, 233.81, 188.25, 15, 283.67, -96.28
10831, 15, 283.67, -96.28, 93, -133.24, -269.05
10832, 93, -133.24, -269.05, 250, 202.01, 221.78
10833, 250, 202.01, 221.78, 8, 294.84, -51.58
10834, 8, 294.84, -51.58, 204, -78.22, 290.54
10835, 204, -78.22, 290.54, 140, -299.14, -25.79
10836, 140, -299.14, -25.79, 198, -115.19, 277.65
10837, 198, -115.19, 277.65, 3, 299.14, -18.91
10838, 3, 299.14, -18.91, 197, -121.20, 275.07
10839, 197, -121.20, 275.07, 147, -300.00, 19.77
10840, 147, -300.00, 19.77, 213, -19.77, 300.00
10841, 213, -19.77, 300.00, 153, -294.84, 59.31
10842, 153, -294.84, 59.31, 182, -202.87, 221.78
10843, 182, -202.87, 221.78, 238, 138.40, 266.48
10844, 238, 138.40, 266.48, 154, -293.12, 65.33
10845, 154, -293.12, 65.33, 187, -177.94, 242.41
10846, 187, -177.94, 242.41, 259, 241.55, 177.94
10847, 259, 241.55, 177.94, 279, 293.98, 59.31
10848, 279, 293.98, 59.31, 193, -144.41, 263.04
10849, 193, -144.41, 263.04, 39, 197.71, -225.21
10850, 39, 197.71, -225.21, 71, 6.02, -299.14
10851, 71, 6.02, -299.14, 282, 297.42, 39.54
10852, 282, 297.42, 39.54, 15, 283.67, -96.28
10853, 15, 283.67, -96.28, 35, 216.62, -207.16
10854, 35, 216.62, -207.16, 56, 102.29, -281.09
10855, 56, 102.29, -281.09, 17, 279.37, -108.31
10856, 17, 279.37, -108.31, 256, 229.51, 193.41
10857, 256, 229.51, 193.41, 1, 299.14, -6.02
10858, 1, 299.14, -6.02, 46, 160.74, -252.72
10859, 46, 160.74, -252.72, 66, 38.68, -297.42
10860, 66, 38.68, -297.42, 215, -6.88, 300.00
10861, 215, -6.88, 300.00, 57, 96.28, -283.67
10862, 57, 96.28, -283.67, 25, 256.16, -155.59
10863, 25, 256.16, -155.59, 68, 25.79, -298.28
10864, 68, 25.79, -298.28, 41, 187.39, -233.81
10865, 41, 187.39, -233.81, 169, -257.02, 156.45
10866, 169, -257.02, 156.45, 83, -71.35, -290.54
10867, 83, -71.35, -290.54, 278, 292.26, 65.33
10868, 278, 292.26, 65.33, 69, 18.91, -299.14
10869, 69, 18.91, -299.14, 22, 265.62, -138.40
10870, 22, 265.62, -138.40, 184, -193.41, 230.37
10871, 184, -193.41, 230.37, 49, 143.55, -262.18
10872, 49, 143.55, -262.18, 186, -183.09, 238.11
10873, 186, -183.09, 238.11, 206, -65.33, 293.12
10874, 206, -65.33, 293.12, 246, 182.23, 238.11
10875, 246, 182.23, 238.11, 202, -90.26, 286.25
10876, 202, -90.26, 286.25, 246, 182.23, 238.11
10877, 246, 182.23, 238.11, 144, -300.00, -0.00
10878, 144, -300.00, -0.00, 243, 165.90, 250.14
10879, 243, 165.90, 250.14, 9, 293.98, -58.45
10880, 9, 293.98, -58.45, 204, -78.22, 290.54
10881, 204, -78.22, 290.54, 152, -295.70, 52.44
10882, 152, -295.70, 52.44, 236, 126.36, 272.49
10883, 236, 126.36, 272.49, 143, -300.00, -6.02
10884, 143, -300.00, -6.02, 184, -193.41, 230.37
10885, 184, -193.41, 230.37, 108, -212.32, -211.46
10886, 108, -212.32, -211.46, 192, -150.43, 260.46
10887, 192, -150.43, 260.46, 250, 202.01, 221.78
10888, 250, 202.01, 221.78, 199, -109.17, 280.23
10889, 199, -109.17, 280.23, 272, 281.09, 103.15
10890, 272, 281.09, 103.15, 4, 298.28, -25.79
10891, 4, 298.28, -25.79, 213, -19.77, 300.00
10892, 213, -19.77, 300.00, 137, -296.56, -45.56
10893, 137, -296.56, -45.56, 197, -121.20, 275.07
10894, 197, -121.20, 275.07, 261, 249.28, 166.76
10895, 261, 249.28, 166.76, 14, 285.39, -89.40
10896, 14, 285.39, -89.40, 222, 38.68, 298.28
10897, 222, 38.68, 298.28, 265, 262.18, 144.41
10898, 265, 262.18, 144.41, 14, 285.39, -89.40
10899, 14, 285.39, -89.40, 214, -13.75, 300.00
10900, 214, -13.75, 300.00, 249, 197.71, 226.07
10901, 249, 197.71, 226.07, 81, -59.31, -293.98
10902, 81, -59.31, -293.98, 233, 108.31, 280.23
10903, 233, 108.31, 280.23, 144, -300.00, -0.00
10904, 144, -300.00, -0.00, 183, -198.57, 226.07
10905, 183, -198.57, 226.07, 157, -288.83, 84.24
10906, 157, -288.83, 84.24, 252, 211.46, 212.32
10907, 252, 211.46, 212.32, 177, -226.07, 198.57
10908, 177, -226.07, 198.57, 146, -300.00, 13.75
10909, 146, -300.00, 13.75, 233, 108.31, 280.23
10910, 233, 108.31, 280.23, 177, -226.07, 198.57
10911, 177, -226.07, 198.57, 203, -84.24, 288.83
10912, 203, -84.24, 288.83, 55, 108.31, -279.37
10913, 55, 108.31, -279.37, 29, 241.55, -177.08
10914, 29, 241.55, -177.08, 267, 269.05, 133.24
10915, 267, 269.05, 133.24, 218, 12.89, 300.00
10916, 218, 12.89, 300.00, 8, 294.84, -51.58
10917, 8, 294.84, -51.58, 267, 269.05, 133.24
10918, 267, 269.05, 133.24, 164, -272.49, 127.22
10919, 164, -272.49, 127.22, 208, -52.44, 295.70
10920, 208, -52.44, 295.70, 58, 89.40, -285.39
10921, 58, 89.40, -285.39, 211, -32.66, 298.28
10922, 211, -32.66, 298.28, 7, 295.70, -45.56
10923, 7, 295.70, -45.56, 231, 96.28, 284.53
10924, 231, 96.28, 284.53, 4, 298.28, -25.79
10925, 4, 298.28, -25.79, 45, 165.90, -249.28
10926, 45, 165.90, -249.28, 10, 292.26, -64.47
10927, 10, 292.26, -64.47, 265, 262.18, 144.41
10928, 265, 262.18, 144.41, 204, -78.22, 290.54
10929, 204, -78.22, 290.54, 248, 192.55, 230.37
10930, 248, 192.55, 230.37, 167, -263.04, 144.41
10931, 167, -263.04, 144.41, 220, 25.79, 299.14
10932, 220, 25.79, 299.14, 163, -275.07, 121.20
10933, 163, -275.07, 121.20, 279, 293.98, 59.31
10934, 279, 293.98, 59.31, 23, 262.18, -143.55
10935, 23, 262.18, -143.55, 80, -52.44, -294.84
10936, 80, -52.44, -294.84, 265, 262.18, 144.41
10937, 265, 262.18, 144.41, 216, -0.86, 300.00
10938, 216, -0.86, 300.00, 61, 70.49, -290.54
10939, 61, 70.49, -290.54, 222, 38.68, 298.28
10940, 222, 38.68, 298.28, 270, 276.79, 115.19
10941, 270, 276.79, 115.19, 27, 249.28, -165.90
10942, 27, 249.28, -165.90, 61, 70.49, -290.54
10943, 61, 70.49, -290.54, 23, 262.18, -143.55
10944, 23, 262.18, -143.55, 270, 276.79, 115.19
10945, 270, 276.79, 115.19, 32, 229.51, -192.55
10946, 32, 229.51, -192.55, 59, 83.38, -287.97
10947, 59, 83.38, -287.97, 154, -293.12, 65.33
10948, 154, -293.12, 65.33, 63, 58.45, -293.98
10949, 63, 58.45, -293.98, 36, 211.46, -211.46
10950, 36, 211.46, -211.46, 63, 58.45, -293.98
10951, 63, 58.45, -293.98, 214, -13.75, 300.00
10952, 214, -13.75, 300.00, 149, -298.28, 32.66
10953, 149, -298.28, 32.66, 193, -144.41, 263.04
10954, 193, -144.41, 263.04, 123, -269.91, -132.38
10955, 123, -269.91, -132.38, 201, -97.13, 284.53
10956, 201, -97.13, 284.53, 140, -299.14, -25.79
10957, 140, -299.14, -25.79, 200, -103.15, 281.95
10958, 200, -103.15, 281.95, 177, -226.07, 198.57
10959, 177, -226.07, 198.57, 221, 31.81, 298.28
10960, 221, 31.81, 298.28, 70, 12.89, -299.14
10961, 70, 12.89, -299.14, 48, 149.57, -259.60
10962, 48, 149.57, -259.60, 152, -295.70, 52.44
10963, 152, -295.70, 52.44, 175, -234.67, 188.25
10964, 175, -234.67, 188.25, 155, -291.40, 71.35
10965, 155, -291.40, 71.35, 273, 283.67, 97.13
10966, 273, 283.67, 97.13, 192, -150.43, 260.46
10967, 192, -150.43, 260.46, 225, 58.45, 294.84
10968, 225, 58.45, 294.84, 147, -300.00, 19.77
10969, 147, -300.00, 19.77, 224, 51.58, 295.70
10970, 224, 51.58, 295.70, 163, -275.07, 121.20
10971, 163, -275.07, 121.20, 213, -19.77, 300.00
10972, 213, -19.77, 300.00, 151, -296.56, 46.42
10973, 151, -296.56, 46.42, 198, -115.19, 277.65
10974, 198, -115.19, 277.65, 253, 216.62, 208.02
10975, 253, 216.62, 208.02, 192, -150.43, 260.46
10976, 192, -150.43, 260.46, 145, -300.00, 6.88
10977, 145, -300.00, 6.88, 228, 77.36, 290.54
10978, 228, 77.36, 290.54, 195, -133.24, 269.91
10979, 195, -133.24, 269.91, 117, -250.14, -165.90
10980, 117, -250.14, -165.90, 269, 274.21, 121.20
10981, 269, 274.21, 121.20, 103, -188.25, -233.81
10982, 103, -188.25, -233.81, 287, 299.14, 6.88
10983, 287, 299.14, 6.88, 199, -109.17, 280.23
10984, 199, -109.17, 280.23, 147, -300.00, 19.77
10985, 147, -300.00, 19.77, 167, -263.04, 144.41
10986, 167, -263.04, 144.41, 195, -133.24, 269.91
10987, 195, -133.24, 269.91, 254, 220.92, 202.87
10988, 254, 220.92, 202.87, 210, -39.54, 298.28
10989, 210, -39.54, 298.28, 186, -183.09, 238.11
10990, 186, -183.09, 238.11, 284, 298.28, 26.65
10991, 284, 298.28, 26.65, 72, 0.00, -300.00
10992, 72, 0.00, -300.00, 24, 259.60, -149.57
10993, 24, 259.60, -149.57, 59, 83.38, -287.97
10994, 59, 83.38, -287.97, 39, 197.71, -225.21
10995, 39, 197.71, -225.21, 9, 293.98, -58.45
10996, 9, 293.98, -58.45, 53, 120.34, -274.21
10997, 53, 120.34, -274.21, 227, 70.49, 291.40
10998, 227, 70.49, 291.40, 166, -266.48, 139.26
10999, 166, -266.48, 139.26, 145, -300.00, 6.88
11000, 145, -300.00, 6.88, 182, -202.87, 221.78
11001, 182, -202.87, 221.78, 159, -284.53, 97.13
11002, 159, -284.53, 97.13, 179, -217.48, 208.02
11003, 179, -217.48, 208.02, 206, -65.33, 293.12
11004, 206, -65.33, 293.12, 234, 114.33, 277.65
11005, 234, 114.33, 277.65, 208, -52.44, 295.70
11006, 208, -52.44, 295.70, 281, 295.70, 46.42
11007, 281, 295.70, 46.42, 193, -144.41, 263.04
11008, 193, -144.41, 263.04, 56, 102.29, -281.09
11009, 56, 102.29, -281.09, 150, -298.28, 39.54
11010, 150, -298.28, 39.54, 250, 202.01, 221.78
11011, 250, 202.01, 221.78, 211, -32.66, 298.28
11012, 211, -32.66, 298.28, 262, 252.72, 161.60
11013, 262, 252.72, 161.60, 282, 297.42, 39.54
11014, 282, 297.42, 39.54, 238, 138.40, 266.48
11015, 238, 138.40, 266.48, 204, -78.22, 290.54
11016, 204, -78.22, 290.54, 6, 297.42, -38.68
11017, 6, 297.42, -38.68, 197, -121.20, 275.07
11018, 197, -121.20, 275.07, 173, -242.41, 177.94
11019, 173, -242.41, 177.94, 254, 220.92, 202.87
11020, 254, 220.92, 202.87, 276, 289.68, 78.22
11021, 276, 289.68, 78.22, 209, -46.42, 296.56
11022, 209, -46.42, 296.56, 11, 290.54, -70.49
11023, 11, 290.54, -70.49, 254, 220.92, 202.87
11024, 254, 220.92, 202.87, 115, -242.41, -177.08
11025, 115, -242.41, -177.08, 185, -188.25, 234.67
11026, 185, -188.25, 234.67, 145, -300.00, 6.88
11027, 145, -300.00, 6.88, 221, 31.81, 298.28
11028, 221, 31.81, 298.28, 265, 262.18, 144.41
11029, 265, 262.18, 144.41, 1, 299.14, -6.02
11030, 1, 299.14, -6.02, 195, -133.24, 269.91
11031, 195, -133.24, 269.91, 141, -300.00, -18.91
11032, 141, -300.00, -18.91, 233, 108.31, 280.23
11033, 233, 108.31, 280.23, 49, 143.55, -262.18
11034, 49, 143.55, -262.18, 191, -156.45, 257.02
11035, 191, -156.45, 257.02, 128, -281.95, -102.29
11036, 128, -281.95, -102.29, 189, -166.76, 250.14
11037, 189, -166.76, 250.14, 148, -299.14, 26.65
11038, 148, -299.14, 26.65, 213, -19.77, 300.00
11039, 213, -19.77, 300.00, 140, -299.14, -25.79
11040, 140, -299.14, -25.79, 205, -71.35, 291.40
11041, 205, -71.35, 291.40, 245, 177.08, 242.41
11042, 245, 177.08, 242.41, 5, 297.42, -31.81
11043, 5, 297.42, -31.81, 95, -144.41, -262.18
11044, 95, -144.41, -262.18, 215, -6.88, 300.00
11045, 215, -6.88, 300.00, 178, -221.78, 202.87
11046, 178, -221.78, 202.87, 140, -299.14, -25.79
11047, 140, -299.14, -25.79, 202, -90.26, 286.25
11048, 202, -90.26, 286.25, 137, -296.56, -45.56
11049, 137, -296.56, -45.56, 242, 160.74, 253.58
11050, 242, 160.74, 253.58, 278, 292.26, 65.33
11051, 278, 292.26, 65.33, 33, 225.21, -197.71
11052, 33, 225.21, -197.71, 13, 287.97, -83.38
11053, 13, 287.97, -83.38, 217, 6.02, 300.00
11054, 217, 6.02, 300.00, 59, 83.38, -287.97
11055, 59, 83.38, -287.97, 201, -97.13, 284.53
11056, 201, -97.13, 284.53, 259, 241.55, 177.94
11057, 259, 241.55, 177.94, 285, 299.14, 19.77
11058, 285, 299.14, 19.77, 20, 271.63, -126.36
11059, 20, 271.63, -126.36, 271, 279.37, 109.17
11060, 271, 279.37, 109.17, 7, 295.70, -45.56
11061, 7, 295.70, -45.56, 96, -150.43, -259.60
11062, 96, -150.43, -259.60, 247, 187.39, 234.67
11063, 247, 187.39, 234.67, 226, 64.47, 293.12
11064, 226, 64.47, 293.12, 191, -156.45, 257.02
11065, 191, -156.45, 257.02, 257, 233.81, 188.25
11066, 257, 233.81, 188.25, 11, 290.54, -70.49
11067, 11, 290.54, -70.49, 207, -59.31, 294.84
11068, 207, -59.31, 294.84, 163, -275.07, 121.20
11069, 163, -275.07, 121.20, 139, -298.28, -31.81
11070, 139, -298.28, -31.81, 201, -97.13, 284.53
11071, 201, -97.13, 284.53, 282, 297.42, 39.54
11072, 282, 297.42, 39.54, 218, 12.89, 300.00
11073, 218, 12.89, 300.00, 155, -291.40, 71.35
11074, 155, -291.40, 71.35, 243, 165.90, 250.14
11075, 243, 165.90, 250.14, 182, -202.87, 221.78
11076, 182, -202.87, 221.78, 251, 207.16, 217.48
11077, 251, 207.16, 217.48, 153, -294.84, 59.31
11078, 153, -294.84, 59.31, 200, -103.15, 281.95
11079, 200, -103.15, 281.95, 273, 283.67, 97.13
11080, 273, 283.67, 97.13, 35, 216.62, -207.16
11081, 35, 216.62, -207.16, 89, -109.17, -279.37
11082, 89, -109.17, -279.37, 244, 171.92, 245.85
11083, 244, 171.92, 245.85, 264, 259.60, 150.43
11084, 264, 259.60, 150.43, 217, 6.02, 300.00
11085, 217, 6.02, 300.00, 165, -269.91, 133.24
11086, 165, -269.91, 133.24, 282, 297.42, 39.54
11087, 282, 297.42, 39.54, 189, -166.76, 250.14
11088, 189, -166.76, 250.14, 255, 225.21, 198.57
11089, 255, 225.21, 198.57, 189, -166.76, 250.14
11090, 189, -166.76, 250.14, 154, -293.12, 65.33
11091, 154, -293.12, 65.33, 70, 12.89, -299.14
11092, 70, 12.89, -299.14, 17, 279.37, -108.31
11093, 17, 279.37, -108.31, 260, 244.99, 172.78
11094, 260, 244.99, 172.78, 186, -183.09, 238.11
11095, 186, -183.09, 238.11, 141, -300.00, -18.91
11096, 141, -300.00, -18.91, 273, 283.67, 97.13
11097, 273, 283.67, 97.13, 129, -284.53, -96.28
11098, 129, -284.53, -96.28, 180, -212.32, 212.32
11099, 180, -212.32, 212.32, 208, -52.44, 295.70
11100, 208, -52.44, 295.70, 144, -300.00, -0.00
11101, 144, -300.00, -0.00, 182, -202.87, 221.78
11102, 182, -202.87, 221.78, 143, -300.00, -6.02
11103, 143, -300.00, -6.02, 263, 256.16, 156.45
11104, 263, 256.16, 156.45, 240, 149.57, 260.46
11105, 240, 149.57, 260.46, 220, 25.79, 299.14
11106, 220, 25.79, 299.14, 139, -298.28, -31.81
11107, 139, -298.28, -31.81, 188, -172.78, 245.85
11108, 188, -172.78, 245.85, 257, 233.81, 188.25
11109, 257, 233.81, 188.25, 202, -90.26, 286.25
11110, 202, -90.26, 286.25, 9, 293.98, -58.45
11111, 9, 293.98, -58.45, 200, -103.15, 281.95
11112, 200, -103.15, 281.95, 145, -300.00, 6.88
11113, 145, -300.00, 6.88, 179, -217.48, 208.02
11114, 179, -217.48, 208.02, 142, -300.00, -12.89
11115, 142, -300.00, -12.89, 242, 160.74, 253.58
11116, 242, 160.74, 253.58, 58, 89.40, -285.39
11117, 58, 89.40, -285.39, 29, 241.55, -177.08
11118, 29, 241.55, -177.08, 50, 138.40, -265.62
11119, 50, 138.40, -265.62, 193, -144.41, 263.04
11120, 193, -144.41, 263.04, 54, 114.33, -276.79
11121, 54, 114.33, -276.79, 12, 289.68, -77.36
11122, 12, 289.68, -77.36, 226, 64.47, 293.12
11123, 226, 64.47, 293.12, 7, 295.70, -45.56
11124, 7, 295.70, -45.56, 197, -121.20, 275.07
11125, 197, -121.20, 275.07, 3, 299.14, -18.91
11126, 3, 299.14, -18.91, 55, 108.31, -279.37
11127, 55, 108.31, -279.37, 16, 281.09, -102.29
11128, 16, 281.09, -102.29, 258, 237.25, 183.09
11129, 258, 237.25, 183.09, 4, 298.28, -25.79
11130, 4, 298.28, -25.79, 208, -52.44, 295.70
11131, 208, -52.44, 295.70, 139, -298.28, -31.81
11132, 139, -298.28, -31.81, 210, -39.54, 298.28
11133, 210, -39.54, 298.28, 186, -183.09, 238.11
11134, 186, -183.09, 238.11, 247, 187.39, 234.67
11135, 247, 187.39, 234.67, 198, -115.19, 277.65
11136, 198, -115.19, 277.65, 280, 294.84, 52.44
11137, 280, 294.84, 52.44, 32, 229.51, -192.55
11138, 32, 229.51, -192.55, 229, 83.38, 288.83
11139, 229, 83.38, 288.83, 189, -166.76, 250.14
11140, 189, -166.76, 250.14, 258, 237.25, 183.09
11141, 258, 237.25, 183.09, 14, 285.39, -89.40
11142, 14, 285.39, -89.40, 275, 287.97, 84.24
11143, 275, 287.97, 84.24, 209, -46.42, 296.56
11144, 209, -46.42, 296.56, 253, 216.62, 208.02
11145, 253, 216.62, 208.02, 165, -269.91, 133.24
11146, 165, -269.91, 133.24, 226, 64.47, 293.12
11147, 226, 64.47, 293.12, 11, 290.54, -70.49
11148, 11, 290.54, -70.49, 261, 249.28, 166.76
11149, 261, 249.28, 166.76, 15, 283.67, -96.28
11150, 15, 283.67, -96.28, 40, 192.55, -229.51
11151, 40, 192.55, -229.51, 277, 290.54, 71.35
11152, 277, 290.54, 71.35, 156, -290.54, 78.22
11153, 156, -290.54, 78.22, 248, 192.55, 230.37
11154, 248, 192.55, 230.37, 50, 138.40, -265.62
11155, 50, 138.40, -265.62, 162, -277.65, 115.19
11156, 162, -277.65, 115.19, 254, 220.92, 202.87
11157, 254, 220.92, 202.87, 216, -0.86, 300.00
11158, 216, -0.86, 300.00, 64, 51.58, -294.84
11159, 64, 51.58, -294.84, 25, 256.16, -155.59
11160, 25, 256.16, -155.59, 263, 256.16, 156.45
11161, 263, 256.16, 156.45, 6, 297.42, -38.68
11162, 6, 297.42, -38.68, 203, -84.24, 288.83
11163, 203, -84.24, 288.83, 279, 293.98, 59.31
11164, 279, 293.98, 59.31, 39, 197.71, -225.21
11165, 39, 197.71, -225.21, 59, 83.38, -287.97
11166, 59, 83.38, -287.97, 21, 269.05, -132.38
11167, 21, 269.05, -132.38, 184, -193.41, 230.37
11168, 184, -193.41, 230.37, 161, -280.23, 109.17
11169, 161, -280.23, 109.17, 51, 132.38, -269.05
11170, 51, 132.38, -269.05, 121, -263.04, -143.55
11171, 121, -263.04, -143.55, 193, -144.41, 263.04
11172, 193, -144.41, 263.04, 141, -300.00, -18.91
11173, 141, -300.00, -18.91, 180, -212.32, 212.32
11174, 180, -212.32, 212.32, 151, -296.56, 46.42
11175, 151, -296.56, 46.42, 185, -188.25, 234.67
11176, 185, -188.25, 234.67, 149, -298.28, 32.66
11177, 149, -298.28, 32.66, 236, 126.36, 272.49
11178, 236, 126.36, 272.49, 172, -245.85, 172.78
11179, 172, -245.85, 172.78, 276, 289.68, 78.22
11180, 276, 289.68, 78.22, 210, -39.54, 298.28
11181, 210, -39.54, 298.28, 139, -298.28, -31.81
11182, 139, -298.28, -31.81, 237, 132.38, 269.91
11183, 237, 132.38, 269.91, 174, -238.11, 183.09
11184, 174, -238.11, 183.09, 199, -109.17, 280.23
11185, 199, -109.17, 280.23, 252, 211.46, 212.32
11186, 252, 211.46, 212.32, 112, -230.37, -192.55
11187, 112, -230.37, -192.55, 0, 300.00, -0.00
11188, 0, 300.00, -0.00, 268, 271.63, 127.22
11189, 268, 271.63, 127.22, 28, 244.99, -171.92
11190, 28, 244.99, -171.92, 59, 83.38, -287.97
11191, 59, 83.38, -287.97, 208, -52.44, 295.70
11192, 208, -52.44, 295.70, 246, 182.23, 238.11
11193, 246, 182.23, 238.11, 188, -172.78, 245.85
11194, 188, -172.78, 245.85, 213, -19.77, 300.00
11195, 213, -19.77, 300.00, 95, -144.41, -262.18
11196, 95, -144.41, -262.18, 255, 225.21, 198.57
11197, 255, 225.21, 198.57, 279, 293.98, 59.31
11198, 279, 293.98, 59.31, 16, 281.09, -102.29
11199, 16, 281.09, -102.29, 237, 132.38, 269.91
11200, 237, 132.38, 269.91, 175, -234.67, 188.25
11201, 175, -234.67, 188.25, 222, 38.68, 298.28
11202, 222, 38.68, 298.28, 7, 295.70, -45.56
11203, 7, 295.70, -45.56, 223, 45.56, 296.56
11204, 223, 45.56, 296.56, 51, 132.38, -269.05
11205, 51, 132.38, -269.05, 200, -103.15, 281.95
11206, 200, -103.15, 281.95, 282, 297.42, 39.54
11207, 282, 297.42, 39.54, 68, 25.79, -298.28
11208, 68, 25.79, -298.28, 167, -263.04, 144.41
11209, 167, -263.04, 144.41, 222, 38.68, 298.28
11210, 222, 38.68, 298.28, 266, 265.62, 139.26
11211, 266, 265.62, 139.26, 219, 18.91, 300.00
11212, 219, 18.91, 300.00, 277, 290.54, 71.35
11213, 277, 290.54, 71.35, 193, -144.41, 263.04
11214, 193, -144.41, 263.04, 148, -299.14, 26.65
11215, 148, -299.14, 26.65, 286, 299.14, 13.75
11216, 286, 299.14, 13.75, 252, 211.46, 212.32
11217, 252, 211.46, 212.32, 18, 276.79, -114.33
11218, 18, 276.79, -114.33, 43, 177.08, -241.55
11219, 43, 177.08, -241.55, 63, 58.45, -293.98
11220, 63, 58.45, -293.98, 164, -272.49, 127.22
11221, 164, -272.49, 127.22, 60, 77.36, -289.68
11222, 60, 77.36, -289.68, 20, 271.63, -126.36
11223, 20, 271.63, -126.36, 259, 241.55, 177.94
11224, 259, 241.55, 177.94, 202, -90.26, 286.25
11225, 202, -90.26, 286.25, 132, -290.54, -77.36
11226, 132, -290.54, -77.36, 216, -0.86, 300.00
11227, 216, -0.86, 300.00, 153, -294.84, 59.31
11228, 153, -294.84, 59.31, 195, -133.24, 269.91
11229, 195, -133.24, 269.91, 115, -242.41, -177.08
11230, 115, -242.41, -177.08, 270, 276.79, 115.19
11231, 270, 276.79, 115.19, 25, 256.16, -155.59
11232, 25, 256.16, -155.59, 276, 289.68, 78.22
11233, 276, 289.68, 78.22, 233, 108.31, 280.23
11234, 233, 108.31, 280.23, 209, -46.42, 296.56
11235, 209, -46.42, 296.56, 145, -300.00, 6.88
11236, 145, -300.00, 6.88, 223, 45.56, 296.56
11237, 223, 45.56, 296.56, 201, -97.13, 284.53
11238, 201, -97.13, 284.53, 285, 299.14, 19.77
11239, 285, 299.14, 19.77, 265, 262.18, 144.41
11240, 265, 262.18, 144.41, 18, 276.79, -114.33
11241, 18, 276.79, -114.33, 222, 38.68, 298.28
11242, 222, 38.68, 298.28, 161, -280.23, 109.17
11243, 161, -280.23, 109.17, 139, -298.28, -31.81
11244, 139, -298.28, -31.81, 214, -13.75, 300.00
11245, 214, -13.75, 300.00, 55, 108.31, -279.37
11246, 55, 108.31, -279.37, 259, 241.55, 177.94
11247, 259, 241.55, 177.94, 287, 299.14, 6.88
11248, 287, 299.14, 6.88, 250, 202.01, 221.78
11249, 250, 202.01, 221.78, 156, -290.54, 78.22
11250, 156, -290.54, 78.22, 278, 292.26, 65.33
11251, 278, 292.26, 65.33, 234, 114.33, 277.65
11252, 234, 114.33, 277.65, 12, 289.68, -77.36
11253, 12, 289.68, -77.36, 35, 216.62, -207.16
11254, 35, 216.62, -207.16, 58, 89.40, -285.39
11255, 58, 89.40, -285.39, 210, -39.54, 298.28
11256, 210, -39.54, 298.28, 163, -275.07, 121.20
11257, 163, -275.07, 121.20, 221, 31.81, 298.28
11258, 221, 31.81, 298.28, 194, -139.26, 266.48
11259, 194, -139.26, 266.48, 141, -300.00, -18.91
11260, 141, -300.00, -18.91, 197, -121.20, 275.07
11261, 197, -121.20, 275.07, 1, 299.14, -6.02
11262, 1, 299.14, -6.02, 213, -19.77, 300.00
11263, 213, -19.77, 300.00, 249, 197.71, 226.07
11264, 249, 197.71, 226.07, 141, -300.00, -18.91
11265, 141, -300.00, -18.91, 187, -177.94, 242.41
11266, 187, -177.94, 242.41, 156, -290.54, 78.22
11267, 156, -290.54, 78.22, 215, -6.88, 300.00
11268, 215, -6.88, 300.00, 254, 220.92, 202.87
11269, 254, 220.92, 202.87, 211, -32.66, 298.28
11270, 211, -32.66, 298.28, 53, 120.34, -274.21
11271, 53, 120.34, -274.21, 12, 289.68, -77.36
11272, 12, 289.68, -77.36, 262, 252.72, 161.60
11273, 262, 252.72, 161.60, 200, -103.15, 281.95
11274, 200, -103.15, 281.95, 249, 197.71, 226.07
11275, 249, 197.71, 226.07, 207, -59.31, 294.84
11276, 207, -59.31, 294.84, 60, 77.36, -289.68
11277, 60, 77.36, -289.68, 144, -300.00, -0.00
11278, 144, -300.00, -0.00, 201, -97.13, 284.53
11279, 201, -97.13, 284.53, 139, -298.28, -31.81
11280, 139, -298.28, -31.81, 280, 294.84, 52.44
11281, 280, 294.84, 52.44, 15, 283.67, -96.28
11282, 15, 283.67, -96.28, 92, -127.22, -271.63
11283, 92, -127.22, -271.63, 244, 171.92, 245.85
11284, 244, 171.92, 245.85, 224, 51.58, 295.70
11285, 224, 51.58, 295.70, 204, -78.22, 290.54
11286, 204, -78.22, 290.54, 143, -300.00, -6.02
11287, 143, -300.00, -6.02, 234, 114.33, 277.65
11288, 234, 114.33, 277.65, 145, -300.00, 6.88
11289, 145, -300.00, 6.88, 17, 279.37, -108.31
11290, 17, 279.37, -108.31, 177, -226.07, 198.57
11291, 177, -226.07, 198.57, 152, -295.70, 52.44
11292, 152, -295.70, 52.44, 213, -19.77, 300.00
11293, 213, -19.77, 300.00, 61, 70.49, -290.54
11294, 61, 70.49, -290.54, 24, 259.60, -149.57
11295, 24, 259.60, -149.57, 264, 259.60, 150.43
11296, 264, 259.60, 150.43, 26, 252.72, -160.74
11297, 26, 252.72, -160.74, 67, 31.81, -297.42
11298, 67, 31.81, -297.42, 162, -277.65, 115.19
11299, 162, -277.65, 115.19, 46, 160.74, -252.72
11300, 46, 160.74, -252.72, 5, 297.42, -31.81
11301, 5, 297.42, -31.81, 228, 77.36, 290.54
11302, 228, 77.36, 290.54, 275, 287.97, 84.24
11303, 275, 287.97, 84.24, 39, 197.71, -225.21
11304, 39, 197.71, -225.21, 88, -103.15, -281.09
11305, 88, -103.15, -281.09, 8, 294.84, -51.58
11306, 8, 294.84, -51.58, 210, -39.54, 298.28
11307, 210, -39.54, 298.28, 142, -300.00, -12.89
11308, 142, -300.00, -12.89, 248, 192.55, 230.37
11309, 248, 192.55, 230.37, 169, -257.02, 156.45
11310, 169, -257.02, 156.45, 277, 290.54, 71.35
11311, 277, 290.54, 71.35, 206, -65.33, 293.12
11312, 206, -65.33, 293.12, 166, -266.48, 139.26
11313, 166, -266.48, 139.26, 84, -78.22, -289.68
11314, 84, -78.22, -289.68, 35, 216.62, -207.16
11315, 35, 216.62, -207.16, 236, 126.36, 272.49
11316, 236, 126.36, 272.49, 141, -300.00, -18.91
11317, 141, -300.00, -18.91, 208, -52.44, 295.70
11318, 208, -52.44, 295.70, 278, 292.26, 65.33
11319, 278, 292.26, 65.33, 147, -300.00, 19.77
11320, 147, -300.00, 19.77, 201, -97.13, 284.53
11321, 201, -97.13, 284.53, 5, 297.42, -31.81
11322, 5, 297.42, -31.81, 234, 114.33, 277.65
11323, 234, 114.33, 277.65, 3, 299.14, -18.91
11324, 3, 299.14, -18.91, 225, 58.45, 294.84
11325, 225, 58.45, 294.84, 199, -109.17, 280.23
11326, 199, -109.17, 280.23, 143, -300.00, -6.02
11327, 143, -300.00, -6.02, 196, -127.22, 272.49
11328, 196, -127.22, 272.49, 277, 290.54, 71.35
11329, 277, 290.54, 71.35, 18, 276.79, -114.33
11330, 18, 276.79, -114.33, 233, 108.31, 280.23
11331, 233, 108.31, 280.23, 194, -139.26, 266.48
11332, 194, -139.26, 266.48, 133, -291.40, -70.49
11333, 133, -291.40, -70.49, 53, 120.34, -274.21
11334, 53, 120.34, -274.21, 11, 290.54, -70.49
11335, 11, 290.54, -70.49, 31, 233.81, -187.39
11336, 31, 233.81, -187.39, 269, 274.21, 121.20
11337, 269, 274.21, 121.20, 8, 294.84, -51.58
11338, 8, 294.84, -51.58, 41, 187.39, -233.81
11339, 41, 187.39, -233.81, 287, 299.14, 6.88
11340, 287, 299.14, 6.88, 169, -257.02, 156.45
11341, 169, -257.02, 156.45, 149, -298.28, 32.66
11342, 149, -298.28, 32.66, 198, -115.19, 277.65
11343, 198, -115.19, 277.65, 263, 256.16, 156.45
11344, 263, 256.16, 156.45, 218, 12.89, 300.00
11345, 218, 12.89, 300.00, 56, 102.29, -281.09
11346, 56, 102.29, -281.09, 202, -90.26, 286.25
11347, 202, -90.26, 286.25, 287, 299.14, 6.88
11348, 287, 299.14, 6.88, 240, 149.57, 260.46
11349, 240, 149.57, 260.46, 183, -198.57, 226.07
11350, 183, -198.57, 226.07, 236, 126.36, 272.49
11351, 236, 126.36, 272.49, 140, -299.14, -25.79
11352, 140, -299.14, -25.79, 160, -281.95, 103.15
11353, 160, -281.95, 103.15, 73, -6.88, -299.14
11354, 73, -6.88, -299.14, 45, 165.90, -249.28
11355, 45, 165.90, -249.28, 20, 271.63, -126.36
11356, 20, 271.63, -126.36, 273, 283.67, 97.13
11357, 273, 283.67, 97.13, 6, 297.42, -38.68
11358, 6, 297.42, -38.68, 247, 187.39, 234.67
11359, 247, 187.39, 234.67, 139, -298.28, -31.81
11360, 139, -298.28, -31.81, 188, -172.78, 245.85
11361, 188, -172.78, 245.85, 212, -26.65, 299.14
11362, 212, -26.65, 299.14, 259, 241.55, 177.94
11363, 259, 241.55, 177.94, 225, 58.45, 294.84
11364, 225, 58.45, 294.84, 195, -133.24, 269.91
11365, 195, -133.24, 269.91, 157, -288.83, 84.24
11366, 157, -288.83, 84.24, 199, -109.17, 280.23
11367, 199, -109.17, 280.23, 139, -298.28, -31.81
11368, 139, -298.28, -31.81, 230, 89.40, 286.25
11369, 230, 89.40, 286.25, 169, -257.02, 156.45
11370, 169, -257.02, 156.45, 43, 177.08, -241.55
11371, 43, 177.08, -241.55, 282, 297.42, 39.54
11372, 282, 297.42, 39.54, 227, 70.49, 291.40
11373, 227, 70.49, 291.40, 169, -257.02, 156.45
11374, 169, -257.02, 156.45, 250, 202.01, 221.78
11375, 250, 202.01, 221.78, 226, 64.47, 293.12
11376, 226, 64.47, 293.12, 8, 294.84, -51.58
11377, 8, 294.84, -51.58, 200, -103.15, 281.95
11378, 200, -103.15, 281.95, 158, -286.25, 90.26
11379, 158, -286.25, 90.26, 70, 12.89, -299.14
11380, 70, 12.89, -299.14, 12, 289.68, -77.36
11381, 12, 289.68, -77.36, 279, 293.98, 59.31
11382, 279, 293.98, 59.31, 214, -13.75, 300.00
11383, 214, -13.75, 300.00, 131, -288.83, -83.38
11384, 131, -288.83, -83.38, 204, -78.22, 290.54
11385, 204, -78.22, 290.54, 139, -298.28, -31.81
11386, 139, -298.28, -31.81, 241, 155.59, 257.02
11387, 241, 155.59, 257.02, 178, -221.78, 202.87
11388, 178, -221.78, 202.87, 236, 126.36, 272.49
11389, 236, 126.36, 272.49, 146, -300.00, 13.75
11390, 146, -300.00, 13.75, 199, -109.17, 280.23
11391, 199, -109.17, 280.23, 141, -300.00, -18.91
11392, 141, -300.00, -18.91, 285, 299.14, 19.77
11393, 285, 299.14, 19.77, 182, -202.87, 221.78
11394, 182, -202.87, 221.78, 234, 114.33, 277.65
11395, 234, 114.33, 277.65, 173, -242.41, 177.94
11396, 173, -242.41, 177.94, 142, -300.00, -12.89
11397, 142, -300.00, -12.89, 235, 120.34, 275.07
11398, 235, 120.34, 275.07, 208, -52.44, 295.70
11399, 208, -52.44, 295.70, 148, -299.14, 26.65
11400, 148, -299.14, 26.65, 191, -156.45, 257.02
11401, 191, -156.45, 257.02, 256, 229.51, 193.41
11402, 256, 229.51, 193.41, 224, 51.58, 295.70
11403, 224, 51.58, 295.70, 184, -193.41, 230.37
11404, 184, -193.41, 230.37, 42, 182.23, -237.25
11405, 42, 182.23, -237.25, 64, 51.58, -294.84
11406, 64, 51.58, -294.84, 214, -13.75, 300.00
11407, 214, -13.75, 300.00, 7, 295.70, -45.56
11408, 7, 295.70, -45.56, 223, 45.56, 296.56
11409, 223, 45.56, 296.56, 271, 279.37, 109.17
11410, 271, 279.37, 109.17, 3, 299.14, -18.91
11411, 3, 299.14, -18.91, 247, 187.39, 234.67
11412, 247, 187.39, 234.67, 204, -78.22, 290.54
11413, 204, -78.22, 290.54, 2, 299.14, -12.89
11414, 2, 299.14, -12.89, 38, 202.01, -220.92
11415, 38, 202.01, -220.92, 160, -281.95, 103.15
11416, 160, -281.95, 103.15, 203, -84.24, 288.83
11417, 203, -84.24, 288.83, 284, 298.28, 26.65
11418, 284, 298.28, 26.65, 218, 12.89, 300.00
11419, 218, 12.89, 300.00, 245, 177.08, 242.41
11420, 245, 177.08, 242.41, 210, -39.54, 298.28
11421, 210, -39.54, 298.28, 162, -277.65, 115.19
11422, 162, -277.65, 115.19, 86, -90.26, -285.39
11423, 86, -90.26, -285.39, 176, -230.37, 193.41
11424, 176, -230.37, 193.41, 155, -291.40, 71.35
11425, 155, -291.40, 71.35, 236, 126.36, 272.49
11426, 236, 126.36, 272.49, 188, -172.78, 245.85
11427, 188, -172.78, 245.85, 259, 241.55, 177.94
11428, 259, 241.55, 177.94, 285, 299.14, 19.77
11429, 285, 299.14, 19.77, 22, 265.62, -138.40
11430, 22, 265.62, -138.40, 74, -13.75, -299.14
11431, 74, -13.75, -299.14, 40, 192.55, -229.51
11432, 40, 192.55, -229.51, 65, 45.56, -295.70
11433, 65, 45.56, -295.70, 23, 262.18, -143.55
11434, 23, 262.18, -143.55, 183, -198.57, 226.07
11435, 183, -198.57, 226.07, 212, -26.65, 299.14
11436, 212, -26.65, 299.14, 278, 292.26, 65.33
11437, 278, 292.26, 65.33, 38, 202.01, -220.92
11438, 38, 202.01, -220.92, 18, 276.79, -114.33
11439, 18, 276.79, -114.33, 57, 96.28, -283.67
11440, 57, 96.28, -283.67, 201, -97.13, 284.53
11441, 201, -97.13, 284.53, 139, -298.28, -31.81
11442, 139, -298.28, -31.81, 206, -65.33, 293.12
11443, 206, -65.33, 293.12, 253, 216.62, 208.02
11444, 253, 216.62, 208.02, 206, -65.33, 293.12
11445, 206, -65.33, 293.12, 159, -284.53, 97.13
11446, 159, -284.53, 97.13, 273, 283.67, 97.13
11447, 273, 283.67, 97.13, 7, 295.70, -45.56
11448, 7, 295.70, -45.56, 235, 120.34, 275.07
11449, 235, 120.34, 275.07, 110, -221.78, -202.01
11450, 110, -221.78, -202.01, 250, 202.01, 221.78
11451, 250, 202.01, 221.78, 95, -144.41, -262.18
11452, 95, -144.41, -262.18, 38, 202.01, -220.92
11453, 38, 202.01, -220.92, 58, 89.40, -285.39
11454, 58, 89.40, -285.39, 215, -6.88, 300.00
11455, 215, -6.88, 300.00, 235, 120.34, 275.07
11456, 235, 120.34, 275.07, 146, -300.00, 13.75
11457, 146, -300.00, 13.75, 179, -217.48, 208.02
11458, 179, -217.48, 208.02, 217, 6.02, 300.00
11459, 217, 6.02, 300.00, 267, 269.05, 133.24
11460, 267, 269.05, 133.24, 11, 290.54, -70.49
11461, 11, 290.54, -70.49, 267, 269.05, 133.24
11462, 267, 269.05, 133.24, 2, 299.14, -12.89
11463, 2, 299.14, -12.89, 22, 265.62, -138.40
11464, 22, 265.62, -138.40, 252, 211.46, 212.32
11465, 252, 211.46, 212.32, 100, -172.78, -244.99
11466, 100, -172.78, -244.99, 184, -193.41, 230.37
11467, 184, -193.41, 230.37, 62, 64.47, -292.26
11468, 62, 64.47, -292.26, 164, -272.49, 127.22
11469, 164, -272.49, 127.22, 218, 12.89, 300.00
11470, 218, 12.89, 300.00, 261, 249.28, 166.76
11471, 261, 249.28, 166.76, 229, 83.38, 288.83
11472, 229, 83.38, 288.83, 8, 294.84, -51.58
11473, 8, 294.84, -51.58, 197, -121.20, 275.07
11474, 197, -121.20, 275.07, 222, 38.68, 298.28
11475, 222, 38.68, 298.28, 283, 297.42, 32.66
11476, 283, 297.42, 32.66, 42, 182.23, -237.25
11477, 42, 182.23, -237.25, 6, 297.42, -38.68
11478, 6, 297.42, -38.68, 33, 225.21, -197.71
11479, 33, 225.21, -197.71, 76, -26.65, -298.28
11480, 76, -26.65, -298.28, 6, 297.42, -38.68
11481, 6, 297.42, -38.68, 199, -109.17, 280.23
11482, 199, -109.17, 280.23, 139, -298.28, -31.81
11483, 139, -298.28, -31.81, 184, -193.41, 230.37
11484, 184, -193.41, 230.37, 149, -298.28, 32.66
11485, 149, -298.28, 32.66, 227, 70.49, 291.40
11486, 227, 70.49, 291.40, 171, -250.14, 166.76
11487, 171, -250.14, 166.76, 140, -299.14, -25.79
11488, 140, -299.14, -25.79, 206, -65.33, 293.12
11489, 206, -65.33, 293.12, 181, -208.02, 217.48
11490, 181, -208.02, 217.48, 45, 165.90, -249.28
11491, 45, 165.90, -249.28, 21, 269.05, -132.38
11492, 21, 269.05, -132.38, 149, -298.28, 32.66
11493, 149, -298.28, 32.66, 197, -121.20, 275.07
11494, 197, -121.20, 275.07, 139, -298.28, -31.81
11495, 139, -298.28, -31.81, 162, -277.65, 115.19
11496, 162, -277.65, 115.19, 194, -139.26, 266.48
11497, 194, -139.26, 266.48, 27, 249.28, -165.90
11498, 27, 249.28, -165.90, 219, 18.91, 300.00
11499, 219, 18.91, 300.00, 56, 102.29, -281.09
11500, 56, 102.29, -281.09, 34, 220.92, -202.01
11501, 34, 220.92, -202.01, 284, 298.28, 26.65
11502, 284, 298.28, 26.65, 19, 274.21, -120.34
11503, 19, 274.21, -120.34, 263, 256.16, 156.45
11504, 263, 256.16, 156.45, 209, -46.42, 296.56
11505, 209, -46.42, 296.56, 60, 77.36, -289.68
11506, 60, 77.36, -289.68, 9, 293.98, -58.45
11507, 9, 293.98, -58.45, 32, 229.51, -192.55
11508, 32, 229.51, -192.55, 71, 6.02, -299.14
11509, 71, 6.02, -299.14, 51, 132.38, -269.05
11510, 51, 132.38, -269.05, 28, 244.99, -171.92
11511, 28, 244.99, -171.92, 78, -39.54, -297.42
11512, 78, -39.54, -297.42, 258, 237.25, 183.09
11513, 258, 237.25, 183.09, 190, -161.60, 253.58
11514, 190, -161.60, 253.58, 1, 299.14, -6.02
11515, 1, 299.14, -6.02, 243, 165.90, 250.14
11516, 243, 165.90, 250.14, 266, 265.62, 139.26
11517, 266, 265.62, 139.26, 16, 281.09, -102.29
11518, 16, 281.09, -102.29, 279, 293.98, 59.31
11519, 279, 293.98, 59.31, 256, 229.51, 193.41
11520, 256, 229.51, 193.41, 207, -59.31, 294.84
11521, 207, -59.31, 294.84, 152, -295.70, 52.44
11522, 152, -295.70, 52.44, 228, 77.36, 290.54
11523, 228, 77.36, 290.54, 13, 287.97, -83.38
11524, 13, 287.97, -83.38, 278, 292.26, 65.33
11525, 278, 292.26, 65.33, 37, 207.16, -216.62
11526, 37, 207.16, -216.62, 275, 287.97, 84.24
11527, 275, 287.97, 84.24, 247, 187.39, 234.67
11528, 247, 187.39, 234.67, 140, -299.14, -25.79
11529, 140, -299.14, -25.79, 244, 171.92, 245.85
11530, 244, 171.92, 245.85, 166, -266.48, 139.26
11531, 166, -266.48, 139.26, 245, 177.08, 242.41
11532, 245, 177.08, 242.41, 189, -166.76, 250.14
11533, 189, -166.76, 250.14, 163, -275.07, 121.20
11534, 163, -275.07, 121.20, 217, 6.02, 300.00
11535, 217, 6.02, 300.00, 261, 249.28, 166.76
11536, 261, 249.28, 166.76, 148, -299.14, 26.65
11537, 148, -299.14, 26.65, 177, -226.07, 198.57
11538, 177, -226.07, 198.57, 222, 38.68, 298.28
11539, 222, 38.68, 298.28, 68, 25.79, -298.28
11540, 68, 25.79, -298.28, 29, 241.55, -177.08
11541, 29, 241.55, -177.08, 278, 292.26, 65.33
11542, 278, 292.26, 65.33, 164, -272.49, 127.22
11543, 164, -272.49, 127.22, 223, 45.56, 296.56
11544, 223, 45.56, 296.56, 178, -221.78, 202.87
11545, 178, -221.78, 202.87, 208, -52.44, 295.70
11546, 208, -52.44, 295.70, 63, 58.45, -293.98
11547, 63, 58.45, -293.98, 240, 149.57, 260.46
11548, 240, 149.57, 260.46, 140, -299.14, -25.79
11549, 140, -299.14, -25.79, 212, -26.65, 299.14
11550, 212, -26.65, 299.14, 154, -293.12, 65.33
11551, 154, -293.12, 65.33, 194, -139.26, 266.48
11552, 194, -139.26, 266.48, 283, 297.42, 32.66
11553, 283, 297.42, 32.66, 197, -121.20, 275.07
11554, 197, -121.20, 275.07, 251, 207.16, 217.48
11555, 251, 207.16, 217.48, 271, 279.37, 109.17
11556, 271, 279.37, 109.17, 33, 225.21, -197.71
11557, 33, 225.21, -197.71, 70, 12.89, -299.14
11558, 70, 12.89, -299.14, 44, 171.92, -244.99
11559, 44, 171.92, -244.99, 64, 51.58, -294.84
11560, 64, 51.58, -294.84, 157, -288.83, 84.24
11561, 157, -288.83, 84.24, 216, -0.86, 300.00
11562, 216, -0.86, 300.00, 279, 293.98, 59.31
11563, 279, 293.98, 59.31, 237, 132.38, 269.91
11564, 237, 132.38, 269.91, 191, -156.45, 257.02
11565, 191, -156.45, 257.02, 142, -300.00, -12.89
11566, 142, -300.00, -12.89, 236, 126.36, 272.49
11567, 236, 126.36, 272.49, 216, -0.86, 300.00
11568, 216, -0.86, 300.00, 152, -295.70, 52.44
11569, 152, -295.70, 52.44, 173, -242.41, 177.94
11570, 173, -242.41, 177.94, 221, 31.81, 298.28
11571, 221, 31.81, 298.28, 280, 294.84, 52.44
11572, 280, 294.84, 52.44, 36, 211.46, -211.46
11573, 36, 211.46, -211.46, 274, 285.39, 90.26
11574, 274, 285.39, 90.26, 197, -121.20, 275.07
11575, 197, -121.20, 275.07, 246, 182.23, 238.11
11576, 246, 182.23, 238.11, 136, -295.70, -51.58
11577, 136, -295.70, -51.58, 202, -90.26, 286.25
11578, 202, -90.26, 286.25, 167, -263.04, 144.41
11579, 167, -263.04, 144.41, 145, -300.00, 6.88
11580, 145, -300.00, 6.88, 186, -183.09, 238.11
11581, 186, -183.09, 238.11, 258, 237.25, 183.09
11582, 258, 237.25, 183.09, 205, -71.35, 291.40
11583, 205, -71.35, 291.40, 143, -300.00, -6.02
11584, 143, -300.00, -6.02, 210, -39.54, 298.28
11585, 210, -39.54, 298.28, 156, -290.54, 78.22
11586, 156, -290.54, 78.22, 190, -161.60, 253.58
11587, 190, -161.60, 253.58, 142, -300.00, -12.89
11588, 142, -300.00, -12.89, 226, 64.47, 293.12
11589, 226, 64.47, 293.12, 8, 294.84, -51.58
11590, 8, 294.84, -51.58, 266, 265.62, 139.26
11591, 266, 265.62, 139.26, 205, -71.35, 291.40
11592, 205, -71.35, 291.40, 262, 252.72, 161.60
11593, 262, 252.72, 161.60, 238, 138.40, 266.48
11594, 238, 138.40, 266.48, 11, 290.54, -70.49
11595, 11, 290.54, -70.49, 228, 77.36, 290.54
11596, 228, 77.36, 290.54, 267, 269.05, 133.24
11597, 267, 269.05, 133.24, 246, 182.23, 238.11
11598, 246, 182.23, 238.11, 139, -298.28, -31.81
11599, 139, -298.28, -31.81, 217, 6.02, 300.00
11600, 217, 6.02, 300.00, 160, -281.95, 103.15
11601, 160, -281.95, 103.15, 213, -19.77, 300.00
11602, 213, -19.77, 300.00, 182, -202.87, 221.78
11603, 182, -202.87, 221.78, 49, 143.55, -262.18
11604, 49, 143.55, -262.18, 6, 297.42, -38.68
11605, 6, 297.42, -38.68, 232, 102.29, 281.95
11606, 232, 102.29, 281.95, 170, -253.58, 161.60
11607, 170, -253.58, 161.60, 215, -6.88, 300.00
11608, 215, -6.88, 300.00, 61, 70.49, -290.54
11609, 61, 70.49, -290.54, 211, -32.66, 298.28
11610, 211, -32.66, 298.28, 257, 233.81, 188.25
11611, 257, 233.81, 188.25, 101, -177.94, -241.55
11612, 101, -177.94, -241.55, 250, 202.01, 221.78
11613, 250, 202.01, 221.78, 9, 293.98, -58.45
11614, 9, 293.98, -58.45, 276, 289.68, 78.22
11615, 276, 289.68, 78.22, 151, -296.56, 46.42
11616, 151, -296.56, 46.42, 39, 197.71, -225.21
11617, 39, 197.71, -225.21, 15, 283.67, -96.28
11618, 15, 283.67, -96.28, 37, 207.16, -216.62
11619, 37, 207.16, -216.62, 286, 299.14, 13.75
11620, 286, 299.14, 13.75, 57, 96.28, -283.67
11621, 57, 96.28, -283.67, 21, 269.05, -132.38
11622, 21, 269.05, -132.38, 1, 299.14, -6.02
11623, 1, 299.14, -6.02, 229, 83.38, 288.83
11624, 229, 83.38, 288.83, 176, -230.37, 193.41
11625, 176, -230.37, 193.41, 206, -65.33, 293.12
11626, 206, -65.33, 293.12, 141, -300.00, -18.91
11627, 141, -300.00, -18.91, 196, -127.22, 272.49
11628, 196, -127.22, 272.49, 120, -260.46, -149.57
11629, 120, -260.46, -149.57, 192, -150.43, 260.46
11630, 192, -150.43, 260.46, 256, 229.51, 193.41
11631, 256, 229.51, 193.41, 203, -84.24, 288.83
11632, 203, -84.24, 288.83, 129, -284.53, -96.28
11633, 129, -284.53, -96.28, 57, 96.28, -283.67
11634, 57, 96.28, -283.67, 209, -46.42, 296.56
11635, 209, -46.42, 296.56, 146, -300.00, 13.75
11636, 146, -300.00, 13.75, 166, -266.48, 139.26
11637, 166, -266.48, 139.26, 37, 207.16, -216.62
11638, 37, 207.16, -216.62, 230, 89.40, 286.25
11639, 230, 89.40, 286.25, 174, -238.11, 183.09
11640, 174, -238.11, 183.09, 143, -300.00, -6.02
11641, 143, -300.00, -6.02, 189, -166.76, 250.14
11642, 189, -166.76, 250.14, 241, 155.59, 257.02
11643, 241, 155.59, 257.02, 286, 299.14, 13.75
11644, 286, 299.14, 13.75, 195, -133.24, 269.91
11645, 195, -133.24, 269.91, 150, -298.28, 39.54
11646, 150, -298.28, 39.54, 172, -245.85, 172.78
11647, 172, -245.85, 172.78, 152, -295.70, 52.44
11648, 152, -295.70, 52.44, 196, -127.22, 272.49
11649, 196, -127.22, 272.49, 0, 300.00, -0.00
11650, 0, 300.00, -0.00, 196, -127.22, 272.49
11651, 196, -127.22, 272.49, 222, 38.68, 298.28
11652, 222, 38.68, 298.28, 140, -299.14, -25.79
11653, 140, -299.14, -25.79, 208, -52.44, 295.70
11654, 208, -52.44, 295.70, 138, -298.28, -38.68
11655, 138, -298.28, -38.68, 231, 96.28, 284.53
11656, 231, 96.28, 284.53, 145, -300.00, 6.88
11657, 145, -300.00, 6.88, 184, -193.41, 230.37
11658, 184, -193.41, 230.37, 153, -294.84, 59.31
11659, 153, -294.84, 59.31, 42, 182.23, -237.25
11660, 42, 182.23, -237.25, 63, 58.45, -293.98
11661, 63, 58.45, -293.98, 219, 18.91, 300.00
11662, 219, 18.91, 300.00, 136, -295.70, -51.58
11663, 136, -295.70, -51.58, 248, 192.55, 230.37
11664, 248, 192.55, 230.37, 194, -139.26, 266.48
11665, 194, -139.26, 266.48, 260, 244.99, 172.78
11666, 260, 244.99, 172.78, 157, -288.83, 84.24
11667, 157, -288.83, 84.24, 216, -0.86, 300.00
11668, 216, -0.86, 300.00, 63, 58.45, -293.98
11669, 63, 58.45, -293.98, 255, 225.21, 198.57
11670, 255, 225.21, 198.57, 216, -0.86, 300.00
11671, 216, -0.86, 300.00, 6, 297.42, -38.68
11672, 6, 297.42, -38.68, 43, 177.08, -241.55
11673, 43, 177.08, -241.55, 282, 297.42, 39.54
11674, 282, 297.42, 39.54, 206, -65.33, 293.12
11675, 206, -65.33, 293.12, 169, -257.02, 156.45
11676, 169, -257.02, 156.45, 246, 182.23, 238.11
11677, 246, 182.23, 238.11, 222, 38.68, 298.28
11678, 222, 38.68, 298.28, 4, 298.28, -25.79
11679, 4, 298.28, -25.79, 200, -103.15, 281.95
11680, 200, -103.15, 281.95, 146, -300.00, 13.75
11681, 146, -300.00, 13.75, 244, 171.92, 245.85
11682, 244, 171.92, 245.85, 205, -71.35, 291.40
11683, 205, -71.35, 291.40, 139, -298.28, -31.81
11684, 139, -298.28, -31.81, 219, 18.91, 300.00
11685, 219, 18.91, 300.00, 248, 192.55, 230.37
11686, 248, 192.55, 230.37, 182, -202.87, 221.78
11687, 182, -202.87, 221.78, 250, 202.01, 221.78
11688, 250, 202.01, 221.78, 202, -90.26, 286.25
11689, 202, -90.26, 286.25, 243, 165.90, 250.14
11690, 243, 165.90, 250.14, 91, -121.20, -274.21
11691, 91, -121.20, -274.21, 253, 216.62, 208.02
11692, 253, 216.62, 208.02, 17, 279.37, -108.31
11693, 17, 279.37, -108.31, 220, 25.79, 299.14
11694, 220, 25.79, 299.14, 157, -288.83, 84.24
11695, 157, -288.83, 84.24, 186, -183.09, 238.11
11696, 186, -183.09, 238.11, 259, 241.55, 177.94
11697, 259, 241.55, 177.94, 98, -161.60, -252.72
11698, 98, -161.60, -252.72, 267, 269.05, 133.24
11699, 267, 269.05, 133.24, 28, 244.99, -171.92
11700, 28, 244.99, -171.92, 55, 108.31, -279.37
11701, 55, 108.31, -279.37, 207, -59.31, 294.84
11702, 207, -59.31, 294.84, 141, -300.00, -18.91
11703, 141, -300.00, -18.91, 0, 300.00, -0.00
11704, 0, 300.00, -0.00, 225, 58.45, 294.84
11705, 225, 58.45, 294.84, 203, -84.24, 288.83
11706, 203, -84.24, 288.83, 150, -298.28, 39.54
11707, 150, -298.28, 39.54, 235, 120.34, 275.07
11708, 235, 120.34, 275.07, 176, -230.37, 193.41
11709, 176, -230.37, 193.41, 197, -121.20, 275.07
11710, 197, -121.20, 275.07, 148, -299.14, 26.65
11711, 148, -299.14, 26.65, 169, -257.02, 156.45
11712, 169, -257.02, 156.45, 203, -84.24, 288.83
11713, 203, -84.24, 288.83, 285, 299.14, 19.77
11714, 285, 299.14, 19.77, 243, 165.90, 250.14
11715, 243, 165.90, 250.14, 211, -32.66, 298.28
11716, 211, -32.66, 298.28, 45, 165.90, -249.28
11717, 45, 165.90, -249.28, 65, 45.56, -295.70
11718, 65, 45.56, -295.70, 279, 293.98, 59.31
11719, 279, 293.98, 59.31, 25, 256.16, -155.59
11720, 25, 256.16, -155.59, 66, 38.68, -297.42
11721, 66, 38.68, -297.42, 257, 233.81, 188.25
11722, 257, 233.81, 188.25, 173, -242.41, 177.94
11723, 173, -242.41, 177.94, 286, 299.14, 13.75
11724, 286, 299.14, 13.75, 202, -90.26, 286.25
11725, 202, -90.26, 286.25, 3, 299.14, -18.91
11726, 3, 299.14, -18.91, 25, 256.16, -155.59
11727, 25, 256.16, -155.59, 62, 64.47, -292.26
11728, 62, 64.47, -292.26, 22, 265.62, -138.40
11729, 22, 265.62, -138.40, 263, 256.16, 156.45
11730, 263, 256.16, 156.45, 284, 298.28, 26.65
11731, 284, 298.28, 26.65, 210, -39.54, 298.28
11732, 210, -39.54, 298.28, 260, 244.99, 172.78
11733, 260, 244.99, 172.78, 151, -296.56, 46.42
11734, 151, -296.56, 46.42, 193, -144.41, 263.04
11735, 193, -144.41, 263.04, 112, -230.37, -192.55
11736, 112, -230.37, -192.55, 256, 229.51, 193.41
11737, 256, 229.51, 193.41, 210, -39.54, 298.28
11738, 210, -39.54, 298.28, 5, 297.42, -31.81
11739, 5, 297.42, -31.81, 233, 108.31, 280.23
11740, 233, 108.31, 280.23, 279, 293.98, 59.31
11741, 279, 293.98, 59.31, 213, -19.77, 300.00
11742, 213, -19.77, 300.00, 252, 211.46, 212.32
11743, 252, 211.46, 212.32, 6, 297.42, -38.68
11744, 6, 297.42, -38.68, 213, -19.77, 300.00
11745, 213, -19.77, 300.00, 266, 265.62, 139.26
11746, 266, 265.62, 139.26, 6, 297.42, -38.68
11747, 6, 297.42, -38.68, 253, 216.62, 208.02
11748, 253, 216.62, 208.02, 287, 299.14, 6.88
11749, 287, 299.14, 6.88, 34, 220.92, -202.01
11750, 34, 220.92, -202.01, 278, 292.26, 65.33
11751, 278, 292.26, 65.33, 27, 249.28, -165.90
11752, 27, 249.28, -165.90, 66, 38.68, -297.42
11753, 66, 38.68, -297.42, 25, 256.16, -155.59
11754, 25, 256.16, -155.59, 2, 299.14, -12.89
11755, 2, 299.14, -12.89, 225, 58.45, 294.84
11756, 225, 58.45, 294.84, 198, -115.19, 277.65
11757, 198, -115.19, 277.65, 147, -300.00, 19.77
11758, 147, -300.00, 19.77, 250, 202.01, 221.78
11759, 250, 202.01, 221.78, 9, 293.98, -58.45
11760, 9, 293.98, -58.45, 276, 289.68, 78.22
11761, 276, 289.68, 78.22, 34, 220.92, -202.01
11762, 34, 220.92, -202.01, 54, 114.33, -276.79
11763, 54, 114.33, -276.79, 29, 241.55, -177.08
11764, 29, 241.55, -177.08, 75, -19.77, -299.14
11765, 75, -19.77, -299.14, 35, 216.62, -207.16
11766, 35, 216.62, -207.16, 272, 281.09, 103.15
11767, 272, 281.09, 103.15, 224, 51.58, 295.70
11768, 224, 51.58, 295.70, 168, -260.46, 150.43
11769, 168, -260.46, 150.43, 143, -300.00, -6.02
11770, 143, -300.00, -6.02, 175, -234.67, 188.25
11771, 175, -234.67, 188.25, 142, -300.00, -12.89
11772, 142, -300.00, -12.89, 255, 225.21, 198.57
11773, 255, 225.21, 198.57, 177, -226.07, 198.57
11774, 177, -226.07, 198.57, 231, 96.28, 284.53
11775, 231, 96.28, 284.53, 186, -183.09, 238.11
11776, 186, -183.09, 238.11, 162, -277.65, 115.19
11777, 162, -277.65, 115.19, 141, -300.00, -18.91
11778, 141, -300.00, -18.91, 174, -238.11, 183.09
11779, 174, -238.11, 183.09, 219, 18.91, 300.00
11780, 219, 18.91, 300.00, 164, -272.49, 127.22
11781, 164, -272.49, 127.22, 190, -161.60, 253.58
11782, 190, -161.60, 253.58, 122, -266.48, -138.40
11783, 122, -266.48, -138.40, 40, 192.55, -229.51
11784, 40, 192.55, -229.51, 9, 293.98, -58.45
11785, 9, 293.98, -58.45, 215, -6.88, 300.00
11786, 215, -6.88, 300.00, 64, 51.58, -294.84
11787, 64, 51.58, -294.84, 262, 252.72, 161.60
11788, 262, 252.72, 161.60, 158, -286.25, 90.26
11789, 158, -286.25, 90.26, 201, -97.13, 284.53
11790, 201, -97.13, 284.53, 141, -300.00, -18.91
11791, 141, -300.00, -18.91, 204, -78.22, 290.54
11792, 204, -78.22, 290.54, 239, 143.55, 263.04
11793, 239, 143.55, 263.04, 185, -188.25, 234.67
11794, 185, -188.25, 234.67, 22, 265.62, -138.40
11795, 22, 265.62, -138.40, 273, 283.67, 97.13
11796, 273, 283.67, 97.13, 198, -115.19, 277.65
11797, 198, -115.19, 277.65, 10, 292.26, -64.47
11798, 10, 292.26, -64.47, 202, -90.26, 286.25
11799, 202, -90.26, 286.25, 244, 171.92, 245.85
11800, 244, 171.92, 245.85, 139, -298.28, -31.81
11801, 139, -298.28, -31.81, 201, -97.13, 284.53
11802, 201, -97.13, 284.53, 161, -280.23, 109.17
11803, 161, -280.23, 109.17, 240, 149.57, 260.46
11804, 240, 149.57, 260.46, 285, 299.14, 19.77
11805, 285, 299.14, 19.77, 215, -6.88, 300.00
11806, 215, -6.88, 300.00, 11, 290.54, -70.49
11807, 11, 290.54, -70.49, 232, 102.29, 281.95
11808, 232, 102.29, 281.95, 253, 216.62, 208.02
11809, 253, 216.62, 208.02, 8, 294.84, -51.58
11810, 8, 294.84, -51.58, 216, -0.86, 300.00
11811, 216, -0.86, 300.00, 178, -221.78, 202.87
11812, 178, -221.78, 202.87, 242, 160.74, 253.58
11813, 242, 160.74, 253.58, 279, 293.98, 59.31
11814, 279, 293.98, 59.31, 240, 149.57, 260.46
11815, 240, 149.57, 260.46, 144, -300.00, -0.00
11816, 144, -300.00, -0.00, 268, 271.63, 127.22
11817, 268, 271.63, 127.22, 243, 165.90, 250.14
11818, 243, 165.90, 250.14, 153, -294.84, 59.31
11819, 153, -294.84, 59.31, 271, 279.37, 109.17
11820, 271, 279.37, 109.17, 6, 297.42, -38.68
11821, 6, 297.42, -38.68, 198, -115.19, 277.65
11822, 198, -115.19, 277.65, 51, 132.38, -269.05
11823, 51, 132.38, -269.05, 226, 64.47, 293.12
11824, 226, 64.47, 293.12, 4, 298.28, -25.79
11825, 4, 298.28, -25.79, 172, -245.85, 172.78
11826, 172, -245.85, 172.78, 138, -298.28, -38.68
11827, 138, -298.28, -38.68, 248, 192.55, 230.37
11828, 248, 192.55, 230.37, 3, 299.14, -18.91
11829, 3, 299.14, -18.91, 94, -139.26, -265.62
11830, 94, -139.26, -265.62, 263, 256.16, 156.45
11831, 263, 256.16, 156.45, 11, 290.54, -70.49
11832, 11, 290.54, -70.49, 199, -109.17, 280.23
11833, 199, -109.17, 280.23, 148, -299.14, 26.65
11834, 148, -299.14, 26.65, 242, 160.74, 253.58
11835, 242, 160.74, 253.58, 193, -144.41, 263.04
11836, 193, -144.41, 263.04, 51, 132.38, -269.05
11837, 51, 132.38, -269.05, 27, 249.28, -165.90
11838, 27, 249.28, -165.90, 114, -238.11, -182.23
11839, 114, -238.11, -182.23, 196, -127.22, 272.49
11840, 196, -127.22, 272.49, 139, -298.28, -31.81
11841, 139, -298.28, -31.81, 203, -84.24, 288.83
11842, 203, -84.24, 288.83, 251, 207.16, 217.48
11843, 251, 207.16, 217.48, 100, -172.78, -244.99
11844, 100, -172.78, -244.99, 259, 241.55, 177.94
11845, 259, 241.55, 177.94, 238, 138.40, 266.48
11846, 238, 138.40, 266.48, 205, -71.35, 291.40
11847, 205, -71.35, 291.40, 274, 285.39, 90.26
11848, 274, 285.39, 90.26, 174, -238.11, 183.09
11849, 174, -238.11, 183.09, 154, -293.12, 65.33
11850, 154, -293.12, 65.33, 190, -161.60, 253.58
11851, 190, -161.60, 253.58, 149, -298.28, 32.66
11852, 149, -298.28, 32.66, 198, -115.19, 277.65
11853, 198, -115.19, 277.65, 141, -300.00, -18.91
11854, 141, -300.00, -18.91, 240, 149.57, 260.46
11855, 240, 149.57, 260.46, 188, -172.78, 245.85
11856, 188, -172.78, 245.85, 258, 237.25, 183.09
11857, 258, 237.25, 183.09, 205, -71.35, 291.40
11858, 205, -71.35, 291.40, 132, -290.54, -77.36
11859, 132, -290.54, -77.36, 218, 12.89, 300.00
11860, 218, 12.89, 300.00, 61, 70.49, -290.54
11861, 61, 70.49, -290.54, 238, 138.40, 266.48
11862, 238, 138.40, 266.48, 198, -115.19, 277.65
11863, 198, -115.19, 277.65, 2, 299.14, -12.89
11864, 2, 299.14, -12.89, 196, -127.22, 272.49
11865, 196, -127.22, 272.49, 261, 249.28, 166.76
11866, 261, 249.28, 166.76, 195, -133.24, 269.91
11867, 195, -133.24, 269.91, 245, 177.08, 242.41
11868, 245, 177.08, 242.41, 266, 265.62, 139.26
11869, 266, 265.62, 139.26, 29, 241.55, -177.08
11870, 29, 241.55, -177.08, 60, 77.36, -289.68
11871, 60, 77.36, -289.68, 19, 274.21, -120.34
11872, 19, 274.21, -120.34, 259, 241.55, 177.94
11873, 259, 241.55, 177.94, 194, -139.26, 266.48
11874, 194, -139.26, 266.48, 118, -253.58, -160.74
11875, 118, -253.58, -160.74, 50, 138.40, -265.62
11876, 50, 138.40, -265.62, 30, 237.25, -182.23
11877, 30, 237.25, -182.23, 187, -177.94, 242.41
11878, 187, -177.94, 242.41, 234, 114.33, 277.65
11879, 234, 114.33, 277.65, 181, -208.02, 217.48
11880, 181, -208.02, 217.48, 212, -26.65, 299.14
11881, 212, -26.65, 299.14, 161, -280.23, 109.17
11882, 161, -280.23, 109.17, 210, -39.54, 298.28
11883, 210, -39.54, 298.28, 159, -284.53, 97.13
11884, 159, -284.53, 97.13, 221, 31.81, 298.28
11885, 221, 31.81, 298.28, 65, 45.56, -295.70
11886, 65, 45.56, -295.70, 24, 259.60, -149.57
11887, 24, 259.60, -149.57, 57, 96.28, -283.67
11888, 57, 96.28, -283.67, 158, -286.25, 90.26
11889, 158, -286.25, 90.26, 178, -221.78, 202.87
11890, 178, -221.78, 202.87, 209, -46.42, 296.56
11891, 209, -46.42, 296.56, 142, -300.00, -12.89
11892, 142, -300.00, -12.89, 240, 149.57, 260.46
11893, 240, 149.57, 260.46, 185, -188.25, 234.67
11894, 185, -188.25, 234.67, 208, -52.44, 295.70
11895, 208, -52.44, 295.70, 251, 207.16, 217.48
11896, 251, 207.16, 217.48, 215, -6.88, 300.00
11897, 215, -6.88, 300.00, 158, -286.25, 90.26
11898, 158, -286.25, 90.26, 251, 207.16, 217.48
11899, 251, 207.16, 217.48, 30, 237.25, -182.23
11900, 30, 237.25, -182.23, 269, 274.21, 121.20
11901, 269, 274.21, 121.20, 1, 299.14, -6.02
11902, 1, 299.14, -6.02, 246, 182.23, 238.11
11903, 246, 182.23, 238.11, 190, -161.60, 253.58
11904, 190, -161.60, 253.58, 256, 229.51, 193.41
11905, 256, 229.51, 193.41, 188, -172.78, 245.85
11906, 188, -172.78, 245.85, 239, 143.55, 263.04
11907, 239, 143.55, 263.04, 161, -280.23, 109.17
11908, 161, -280.23, 109.17, 192, -150.43, 260.46
11909, 192, -150.43, 260.46, 153, -294.84, 59.31
11910, 153, -294.84, 59.31, 180, -212.32, 212.32
11911, 180, -212.32, 212.32, 244, 171.92, 245.85
11912, 244, 171.92, 245.85, 280, 294.84, 52.44
11913, 280, 294.84, 52.44, 17, 279.37, -108.31
11914, 17, 279.37, -108.31, 282, 297.42, 39.54
11915, 282, 297.42, 39.54, 15, 283.67, -96.28
11916, 15, 283.67, -96.28, 91, -121.20, -274.21
11917, 91, -121.20, -274.21, 244, 171.92, 245.85
11918, 244, 171.92, 245.85, 221, 31.81, 298.28
11919, 221, 31.81, 298.28, 201, -97.13, 284.53
11920, 201, -97.13, 284.53, 146, -300.00, 13.75
11921, 146, -300.00, 13.75, 183, -198.57, 226.07
11922, 183, -198.57, 226.07, 139, -298.28, -31.81
11923, 139, -298.28, -31.81, 245, 177.08, 242.41
11924, 245, 177.08, 242.41, 3, 299.14, -18.91
11925, 3, 299.14, -18.91, 47, 155.59, -256.16
11926, 47, 155.59, -256.16, 73, -6.88, -299.14
11927, 73, -6.88, -299.14, 30, 237.25, -182.23
11928, 30, 237.25, -182.23, 281, 295.70, 46.42
11929, 281, 295.70, 46.42, 198, -115.19, 277.65
11930, 198, -115.19, 277.65, 139, -298.28, -31.81
11931, 139, -298.28, -31.81, 200, -103.15, 281.95
11932, 200, -103.15, 281.95, 224, 51.58, 295.70
11933, 224, 51.58, 295.70, 171, -250.14, 166.76
11934, 171, -250.14, 166.76, 3, 299.14, -18.91
11935, 3, 299.14, -18.91, 251, 207.16, 217.48
11936, 251, 207.16, 217.48, 282, 297.42, 39.54
11937, 282, 297.42, 39.54, 204, -78.22, 290.54
11938, 204, -78.22, 290.54, 275, 287.97, 84.24
11939, 275, 287.97, 84.24, 255, 225.21, 198.57
11940, 255, 225.21, 198.57, 275, 287.97, 84.24
11941, 275, 287.97, 84.24, 31, 233.81, -187.39
11942, 31, 233.81, -187.39, 52, 126.36, -271.63
11943, 52, 126.36, -271.63, 195, -133.24, 269.91
11944, 195, -133.24, 269.91, 139, -298.28, -31.81
11945, 139, -298.28, -31.81, 182, -202.87, 221.78
11946, 182, -202.87, 221.78, 208, -52.44, 295.70
11947, 208, -52.44, 295.70, 147, -300.00, 19.77
11948, 147, -300.00, 19.77, 190, -161.60, 253.58
11949, 190, -161.60, 253.58, 228, 77.36, 290.54
11950, 228, 77.36, 290.54, 174, -238.11, 183.09
11951, 174, -238.11, 183.09, 140, -299.14, -25.79
11952, 140, -299.14, -25.79, 191, -156.45, 257.02
11953, 191, -156.45, 257.02, 51, 132.38, -269.05
11954, 51, 132.38, -269.05, 255, 225.21, 198.57
11955, 255, 225.21, 198.57, 184, -193.41, 230.37
11956, 184, -193.41, 230.37, 162, -277.65, 115.19
11957, 162, -277.65, 115.19, 182, -202.87, 221.78
11958, 182, -202.87, 221.78, 50, 138.40, -265.62
11959, 50, 138.40, -265.62, 155, -291.40, 71.35
11960, 155, -291.40, 71.35, 214, -13.75, 300.00
11961, 214, -13.75, 300.00, 264, 259.60, 150.43
11962, 264, 259.60, 150.43, 284, 298.28, 26.65
11963, 284, 298.28, 26.65, 41, 187.39, -233.81
11964, 41, 187.39, -233.81, 61, 70.49, -290.54
11965, 61, 70.49, -290.54, 37, 207.16, -216.62
11966, 37, 207.16, -216.62, 60, 77.36, -289.68
11967, 60, 77.36, -289.68, 8, 294.84, -51.58
11968, 8, 294.84, -51.58, 208, -52.44, 295.70
11969, 208, -52.44, 295.70, 253, 216.62, 208.02
11970, 253, 216.62, 208.02, 12, 289.68, -77.36
11971, 12, 289.68, -77.36, 199, -109.17, 280.23
11972, 199, -109.17, 280.23, 133, -291.40, -70.49
11973, 133, -291.40, -70.49, 232, 102.29, 281.95
11974, 232, 102.29, 281.95, 211, -32.66, 298.28
11975, 211, -32.66, 298.28, 147, -300.00, 19.77
11976, 147, -300.00, 19.77, 200, -103.15, 281.95
11977, 200, -103.15, 281.95, 130, -286.25, -89.40
11978, 130, -286.25, -89.40, 210, -39.54, 298.28
11979, 210, -39.54, 298.28, 277, 290.54, 71.35
11980, 277, 290.54, 71.35, 38, 202.01, -220.92
11981, 38, 202.01, -220.92, 285, 299.14, 19.77
11982, 285, 299.14, 19.77, 171, -250.14, 166.76
11983, 171, -250.14, 166.76, 227, 70.49, 291.40
11984, 227, 70.49, 291.40, 151, -296.56, 46.42
11985, 151, -296.56, 46.42, 193, -144.41, 263.04
11986, 193, -144.41, 263.04, 139, -298.28, -31.81
11987, 139, -298.28, -31.81, 186, -183.09, 238.11
11988, 186, -183.09, 238.11, 237, 132.38, 269.91
11989, 237, 132.38, 269.91, 217, 6.02, 300.00
11990, 217, 6.02, 300.00, 56, 102.29, -281.09
11991, 56, 102.29, -281.09, 207, -59.31, 294.84
11992, 207, -59.31, 294.84, 59, 83.38, -287.97
11993, 59, 83.38, -287.97, 153, -294.84, 59.31
11994, 153, -294.84, 59.31, 57, 96.28, -283.67
11995, 57, 96.28, -283.67, 255, 225.21, 198.57
11996, 255, 225.21, 198.57, 202, -90.26, 286.25
11997, 202, -90.26, 286.25, 257, 233.81, 188.25
11998, 257, 233.81, 188.25, 277, 290.54, 71.35
11999, 277, 290.54, 71.35, 37, 207.16, -216.62
12000, 37, 207.16, -216.62, 192, -150.43, 260.46
12001, 192, -150.43, 260.46, 261, 249.28, 166.76
12002, 261, 249.28, 166.76, 281, 295.70, 46.42
12003, 281, 295.70, 46.42, 199, -109.17, 280.23
12004, 199, -109.17, 280.23, 235, 120.34, 275.07
12005, 235, 120.34, 275.07, 267, 269.05, 133.24
12006, 267, 269.05, 133.24, 209, -46.42, 296.56
12007, 209, -46.42, 296.56, 6, 297.42, -38.68
12008, 6, 297.42, -38.68, 249, 197.71, 226.07
12009, 249, 197.71, 226.07, 217, 6.02, 300.00
12010, 217, 6.02, 300.00, 62, 64.47, -292.26
12011, 62, 64.47, -292.26, 212, -26.65, 299.14
12012, 212, -26.65, 299.14, 252, 211.46, 212.32
12013, 252, 211.46, 212.32, 285, 299.14, 19.77
12014, 285, 299.14, 19.77, 26, 252.72, -160.74
12015, 26, 252.72, -160.74, 269, 274.21, 121.20
12016, 269, 274.21, 121.20, 220, 25.79, 299.14
12017, 220, 25.79, 299.14, 138, -298.28, -38.68
12018, 138, -298.28, -38.68, 206, -65.33, 293.12
12019, 206, -65.33, 293.12, 136, -295.70, -51.58
12020, 136, -295.70, -51.58, 208, -52.44, 295.70
12021, 208, -52.44, 295.70, 166, -266.48, 139.26
12022, 166, -266.48, 139.26, 144, -300.00, -0.00
12023, 144, -300.00, -0.00, 233, 108.31, 280.23
12024, 233, 108.31, 280.23, 176, -230.37, 193.41
12025, 176, -230.37, 193.41, 240, 149.57, 260.46
12026, 240, 149.57, 260.46, 150, -298.28, 39.54
12027, 150, -298.28, 39.54, 214, -13.75, 300.00
12028, 214, -13.75, 300.00, 152, -295.70, 52.44
12029, 152, -295.70, 52.44, 249, 197.71, 226.07
12030, 249, 197.71, 226.07, 279, 293.98, 59.31
12031, 279, 293.98, 59.31, 201, -97.13, 284.53
12032, 201, -97.13, 284.53, 7, 295.70, -45.56
12033, 7, 295.70, -45.56, 260, 244.99, 172.78
12034, 260, 244.99, 172.78, 14, 285.39, -89.40
12035, 14, 285.39, -89.40, 115, -242.41, -177.08
12036, 115, -242.41, -177.08, 189, -166.76, 250.14
12037, 189, -166.76, 250.14, 143, -300.00, -6.02
12038, 143, -300.00, -6.02, 177, -226.07, 198.57
12039, 177, -226.07, 198.57, 228, 77.36, 290.54
12040, 228, 77.36, 290.54, 199, -109.17, 280.23
12041, 199, -109.17, 280.23, 8, 294.84, -51.58
12042, 8, 294.84, -51.58, 207, -59.31, 294.84
12043, 207, -59.31, 294.84, 145, -300.00, 6.88
12044, 145, -300.00, 6.88, 165, -269.91, 133.24
12045, 165, -269.91, 133.24, 285, 299.14, 19.77
12046, 285, 299.14, 19.77, 197, -121.20, 275.07
12047, 197, -121.20, 275.07, 237, 132.38, 269.91
12048, 237, 132.38, 269.91, 145, -300.00, 6.88
12049, 145, -300.00, 6.88, 47, 155.59, -256.16
12050, 47, 155.59, -256.16, 80, -52.44, -294.84
12051, 80, -52.44, -294.84, 203, -84.24, 288.83
12052, 203, -84.24, 288.83, 6, 297.42, -38.68
12053, 6, 297.42, -38.68, 266, 265.62, 139.26
12054, 266, 265.62, 139.26, 27, 249.28, -165.90
12055, 27, 249.28, -165.90, 64, 51.58, -294.84
12056, 64, 51.58, -294.84, 219, 18.91, 300.00
12057, 219, 18.91, 300.00, 154, -293.12, 65.33
12058, 154, -293.12, 65.33, 25, 256.16, -155.59
12059, 25, 256.16, -155.59, 187, -177.94, 242.41
12060, 187, -177.94, 242.41, 258, 237.25, 183.09
12061, 258, 237.25, 183.09, 81, -59.31, -293.98
12062, 81, -59.31, -293.98, 167, -263.04, 144.41
12063, 167, -263.04, 144.41, 83, -71.35, -290.54
12064, 83, -71.35, -290.54, 261, 249.28, 166.76
12065, 261, 249.28, 166.76, 213, -19.77, 300.00
12066, 213, -19.77, 300.00, 156, -290.54, 78.22
12067, 156, -290.54, 78.22, 57, 96.28, -283.67
12068, 57, 96.28, -283.67, 196, -127.22, 272.49
12069, 196, -127.22, 272.49, 146, -300.00, 13.75
12070, 146, -300.00, 13.75, 246, 182.23, 238.11
12071, 246, 182.23, 238.11, 226, 64.47, 293.12
12072, 226, 64.47, 293.12, 15, 283.67, -96.28
12073, 15, 283.67, -96.28, 225, 58.45, 294.84
12074, 225, 58.45, 294.84, 50, 138.40, -265.62
12075, 50, 138.40, -265.62, 30, 237.25, -182.23
12076, 30, 237.25, -182.23, 6, 297.42, -38.68
12077, 6, 297.42, -38.68, 207, -59.31, 294.84
12078, 207, -59.31, 294.84, 255, 225.21, 198.57
12079, 255, 225.21, 198.57, 44, 171.92, -244.99
12080, 44, 171.92, -244.99, 10, 292.26, -64.47
12081, 10, 292.26, -64.47, 270, 276.79, 115.19
12082, 270, 276.79, 115.19, 13, 287.97, -83.38
12083, 13, 287.97, -83.38, 254, 220.92, 202.87
12084, 254, 220.92, 202.87, 205, -71.35, 291.40
12085, 205, -71.35, 291.40, 2, 299.14, -12.89
12086, 2, 299.14, -12.89, 32, 229.51, -192.55
12087, 32, 229.51, -192.55, 61, 70.49, -290.54
12088, 61, 70.49, -290.54, 28, 244.99, -171.92
12089, 28, 244.99, -171.92, 279, 293.98, 59.31
12090, 279, 293.98, 59.31, 86, -90.26, -285.39
12091, 86, -90.26, -285.39, 204, -78.22, 290.54
12092, 204, -78.22, 290.54, 150, -298.28, 39.54
12093, 150, -298.28, 39.54, 188, -172.78, 245.85
12094, 188, -172.78, 245.85, 48, 149.57, -259.60
12095, 48, 149.57, -259.60, 69, 18.91, -299.14
12096, 69, 18.91, -299.14, 35, 216.62, -207.16
12097, 35, 216.62, -207.16, 55, 108.31, -279.37
12098, 55, 108.31, -279.37, 15, 283.67, -96.28
12099, 15, 283.67, -96.28, 236, 126.36, 272.49
12100, 236, 126.36, 272.49, 256, 229.51, 193.41
12101, 256, 229.51, 193.41, 215, -6.88, 300.00
12102, 215, -6.88, 300.00, 282, 297.42, 39.54
12103, 282, 297.42, 39.54, 215, -6.88, 300.00
12104, 215, -6.88, 300.00, 192, -150.43, 260.46
12105, 192, -150.43, 260.46, 142, -300.00, -12.89
12106, 142, -300.00, -12.89, 194, -139.26, 266.48
12107, 194, -139.26, 266.48, 281, 295.70, 46.42
12108, 281, 295.70, 46.42, 257, 233.81, 188.25
12109, 257, 233.81, 188.25, 89, -109.17, -279.37
12110, 89, -109.17, -279.37, 198, -115.19, 277.65
12111, 198, -115.19, 277.65, 229, 83.38, 288.83
12112, 229, 83.38, 288.83, 3, 299.14, -18.91
12113, 3, 299.14, -18.91, 24, 259.60, -149.57
12114, 24, 259.60, -149.57, 262, 252.72, 161.60
12115, 262, 252.72, 161.60, 97, -156.45, -256.16
12116, 97, -156.45, -256.16, 182, -202.87, 221.78
12117, 182, -202.87, 221.78, 141, -300.00, -18.91
12118, 141, -300.00, -18.91, 183, -198.57, 226.07
12119, 183, -198.57, 226.07, 137, -296.56, -45.56
12120, 137, -296.56, -45.56, 240, 149.57, 260.46
12121, 240, 149.57, 260.46, 215, -6.88, 300.00
12122, 215, -6.88, 300.00, 286, 299.14, 13.75
12123, 286, 299.14, 13.75, 18, 276.79, -114.33
12124, 18, 276.79, -114.33, 275, 287.97, 84.24
12125, 275, 287.97, 84.24, 12, 289.68, -77.36
12126, 12, 289.68, -77.36, 204, -78.22, 290.54
12127, 204, -78.22, 290.54, 138, -298.28, -38.68
12128, 138, -298.28, -38.68, 213, -19.77, 300.00
12129, 213, -19.77, 300.00, 152, -295.70, 52.44
12130, 152, -295.70, 52.44, 0, 300.00, -0.00
12131, 0, 300.00, -0.00, 195, -133.24, 269.91
12132, 195, -133.24, 269.91, 260, 244.99, 172.78
12133, 260, 244.99, 172.78, 187, -177.94, 242.41
12134, 187, -177.94, 242.41, 156, -290.54, 78.22
12135, 156, -290.54, 78.22, 218, 12.89, 300.00
12136, 218, 12.89, 300.00, 247, 187.39, 234.67
12137, 247, 187.39, 234.67, 186, -183.09, 238.11
12138, 186, -183.09, 238.11, 253, 216.62, 208.02
12139, 253, 216.62, 208.02, 168, -260.46, 150.43
12140, 168, -260.46, 150.43, 205, -71.35, 291.40
12141, 205, -71.35, 291.40, 228, 77.36, 290.54
12142, 228, 77.36, 290.54, 142, -300.00, -12.89
12143, 142, -300.00, -12.89, 189, -166.76, 250.14
12144, 189, -166.76, 250.14, 124, -272.49, -126.36
12145, 124, -272.49, -126.36, 185, -188.25, 234.67
12146, 185, -188.25, 234.67, 257, 233.81, 188.25
12147, 257, 233.81, 188.25, 190, -161.60, 253.58
12148, 190, -161.60, 253.58, 254, 220.92, 202.87
12149, 254, 220.92, 202.87, 98, -161.60, -252.72
12150, 98, -161.60, -252.72, 10, 292.26, -64.47
12151, 10, 292.26, -64.47, 227, 70.49, 291.40
12152, 227, 70.49, 291.40, 247, 187.39, 234.67
12153, 247, 187.39, 234.67, 5, 297.42, -31.81
12154, 5, 297.42, -31.81, 203, -84.24, 288.83
12155, 203, -84.24, 288.83, 277, 290.54, 71.35
12156, 277, 290.54, 71.35, 158, -286.25, 90.26
12157, 158, -286.25, 90.26, 244, 171.92, 245.85
12158, 244, 171.92, 245.85, 284, 298.28, 26.65
12159, 284, 298.28, 26.65, 201, -97.13, 284.53
12160, 201, -97.13, 284.53, 223, 45.56, 296.56
12161, 223, 45.56, 296.56, 139, -298.28, -31.81
12162, 139, -298.28, -31.81, 183, -198.57, 226.07
12163, 183, -198.57, 226.07, 49, 143.55, -262.18
12164, 49, 143.55, -262.18, 4, 298.28, -25.79
12165, 4, 298.28, -25.79, 48, 149.57, -259.60
12166, 48, 149.57, -259.60, 5, 297.42, -31.81
12167, 5, 297.42, -31.81, 218, 12.89, 300.00
12168, 218, 12.89, 300.00, 49, 143.55, -262.18
12169, 49, 143.55, -262.18, 151, -296.56, 46.42
12170, 151, -296.56, 46.42, 273, 283.67, 97.13
12171, 273, 283.67, 97.13, 190, -161.60, 253.58
12172, 190, -161.60, 253.58, 287, 299.14, 6.88
12173, 287, 299.14, 6.88, 256, 229.51, 193.41
12174, 256, 229.51, 193.41, 213, -19.77, 300.00
12175, 213, -19.77, 300.00, 159, -284.53, 97.13
12176, 159, -284.53, 97.13, 189, -166.76, 250.14
12177, 189, -166.76, 250.14, 259, 241.55, 177.94
12178, 259, 241.55, 177.94, 231, 96.28, 284.53
12179, 231, 96.28, 284.53, 199, -109.17, 280.23
12180, 199, -109.17, 280.23, 9, 293.98, -58.45
12181, 9, 293.98, -58.45, 35, 216.62, -207.16
12182, 35, 216.62, -207.16, 99, -166.76, -249.28
12183, 99, -166.76, -249.28, 258, 237.25, 183.09
12184, 258, 237.25, 183.09, 209, -46.42, 296.56
12185, 209, -46.42, 296.56, 141, -300.00, -18.91
12186, 141, -300.00, -18.91, 235, 120.34, 275.07
12187, 235, 120.34, 275.07, 200, -103.15, 281.95
12188, 200, -103.15, 281.95, 111, -226.07, -197.71
12189, 111, -226.07, -197.71, 268, 271.63, 127.22
12190, 268, 271.63, 127.22, 219, 18.91, 300.00
12191, 219, 18.91, 300.00, 258, 237.25, 183.09
12192, 258, 237.25, 183.09, 189, -166.76, 250.14
12193, 189, -166.76, 250.14, 56, 102.29, -281.09
12194, 56, 102.29, -281.09, 225, 58.45, 294.84
12195, 225, 58.45, 294.84, 267, 269.05, 133.24
12196, 267, 269.05, 133.24, 27, 249.28, -165.90
12197, 27, 249.28, -165.90, 265, 262.18, 144.41
12198, 265, 262.18, 144.41, 12, 289.68, -77.36
12199, 12, 289.68, -77.36, 42, 182.23, -237.25
12200, 42, 182.23, -237.25, 171, -250.14, 166.76
12201, 171, -250.14, 166.76, 203, -84.24, 288.83
12202, 203, -84.24, 288.83, 283, 297.42, 32.66
12203, 283, 297.42, 32.66, 242, 160.74, 253.58
12204, 242, 160.74, 253.58, 273, 283.67, 97.13
12205, 273, 283.67, 97.13, 7, 295.70, -45.56
12206, 7, 295.70, -45.56, 268, 271.63, 127.22
12207, 268, 271.63, 127.22, 222, 38.68, 298.28
12208, 222, 38.68, 298.28, 191, -156.45, 257.02
12209, 191, -156.45, 257.02, 152, -295.70, 52.44
12210, 152, -295.70, 52.44, 44, 171.92, -244.99
12211, 44, 171.92, -244.99, 243, 165.90, 250.14
12212, 243, 165.90, 250.14, 211, -32.66, 298.28
12213, 211, -32.66, 298.28, 0, 300.00, -0.00
12214, 0, 300.00, -0.00, 266, 265.62, 139.26
12215, 266, 265.62, 139.26, 229, 83.38, 288.83
12216, 229, 83.38, 288.83, 251, 207.16, 217.48
12217, 251, 207.16, 217.48, 271, 279.37, 109.17
12218, 271, 279.37, 109.17, 34, 220.92, -202.01
12219, 34, 220.92, -202.01, 59, 83.38, -287.97
12220, 59, 83.38, -287.97, 39, 197.71, -225.21
12221, 39, 197.71, -225.21, 18, 276.79, -114.33
12222, 18, 276.79, -114.33, 58, 89.40, -285.39
12223, 58, 89.40, -285.39, 216, -0.86, 300.00
12224, 216, -0.86, 300.00, 60, 77.36, -289.68
12225, 60, 77.36, -289.68, 24, 259.60, -149.57
12226, 24, 259.60, -149.57, 272, 281.09, 103.15
12227, 272, 281.09, 103.15, 4, 298.28, -25.79
12228, 4, 298.28, -25.79, 201, -97.13, 284.53
12229, 201, -97.13, 284.53, 276, 289.68, 78.22
12230, 276, 289.68, 78.22, 8, 294.84, -51.58
12231, 8, 294.84, -51.58, 197, -121.20, 275.07
12232, 197, -121.20, 275.07, 5, 297.42, -31.81
12233, 5, 297.42, -31.81, 220, 25.79, 299.14
12234, 220, 25.79, 299.14, 168, -260.46, 150.43
12235, 168, -260.46, 150.43, 148, -299.14, 26.65
12236, 148, -299.14, 26.65, 195, -133.24, 269.91
12237, 195, -133.24, 269.91, 257, 233.81, 188.25
12238, 257, 233.81, 188.25, 140, -299.14, -25.79
12239, 140, -299.14, -25.79, 169, -257.02, 156.45
12240, 169, -257.02, 156.45, 255, 225.21, 198.57
12241, 255, 225.21, 198.57, 186, -183.09, 238.11
12242, 186, -183.09, 238.11, 144, -300.00, -0.00
12243, 144, -300.00, -0.00, 243, 165.90, 250.14
12244, 243, 165.90, 250.14, 184, -193.41, 230.37
12245, 184, -193.41, 230.37, 156, -290.54, 78.22
12246, 156, -290.54, 78.22, 180, -212.32, 212.32
12247, 180, -212.32, 212.32, 221, 31.81, 298.28
12248, 221, 31.81, 298.28, 59, 83.38, -287.97
12249, 59, 83.38, -287.97, 239, 143.55, 263.04
12250, 239, 143.55, 263.04, 218, 12.89, 300.00
12251, 218, 12.89, 300.00, 140, -299.14, -25.79
12252, 140, -299.14, -25.79, 207, -59.31, 294.84
12253, 207, -59.31, 294.84, 139, -298.28, -31.81
12254, 139, -298.28, -31.81, 181, -208.02, 217.48
12255, 181, -208.02, 217.48, 155, -291.40, 71.35
12256, 155, -291.40, 71.35, 66, 38.68, -297.42
12257, 66, 38.68, -297.42, 30, 237.25, -182.23
12258, 30, 237.25, -182.23, 10, 292.26, -64.47
12259, 10, 292.26, -64.47, 252, 211.46, 212.32
12260, 252, 211.46, 212.32, 187, -177.94, 242.41
12261, 187, -177.94, 242.41, 142, -300.00, -12.89
12262, 142, -300.00, -12.89, 182, -202.87, 221.78
12263, 182, -202.87, 221.78, 162, -277.65, 115.19
12264, 162, -277.65, 115.19, 209, -46.42, 296.56
12265, 209, -46.42, 296.56, 6, 297.42, -38.68
12266, 6, 297.42, -38.68, 229, 83.38, 288.83
12267, 229, 83.38, 288.83, 85, -84.24, -287.97
12268, 85, -84.24, -287.97, 32, 229.51, -192.55
12269, 32, 229.51, -192.55, 279, 293.98, 59.31
12270, 279, 293.98, 59.31, 38, 202.01, -220.92
12271, 38, 202.01, -220.92, 275, 287.97, 84.24
12272, 275, 287.97, 84.24, 7, 295.70, -45.56
12273, 7, 295.70, -45.56, 274, 285.39, 90.26
12274, 274, 285.39, 90.26, 237, 132.38, 269.91
12275, 237, 132.38, 269.91, 6, 297.42, -38.68
12276, 6, 297.42, -38.68, 202, -90.26, 286.25
12277, 202, -90.26, 286.25, 141, -300.00, -18.91
12278, 141, -300.00, -18.91, 205, -71.35, 291.40
12279, 205, -71.35, 291.40, 145, -300.00, 6.88
12280, 145, -300.00, 6.88, 211, -32.66, 298.28
12281, 211, -32.66, 298.28, 282, 297.42, 39.54
12282, 282, 297.42, 39.54, 14, 285.39, -89.40
12283, 14, 285.39, -89.40, 42, 182.23, -237.25
12284, 42, 182.23, -237.25, 280, 294.84, 52.44
12285, 280, 294.84, 52.44, 260, 244.99, 172.78
12286, 260, 244.99, 172.78, 198, -115.19, 277.65
12287, 198, -115.19, 277.65, 148, -299.14, 26.65
12288, 148, -299.14, 26.65, 203, -84.24, 288.83
12289, 203, -84.24, 288.83, 3, 299.14, -18.91
12290, 3, 299.14, -18.91, 244, 171.92, 245.85
12291, 244, 171.92, 245.85, 200, -103.15, 281.95
12292, 200, -103.15, 281.95, 6, 297.42, -38.68
12293, 6, 297.42, -38.68, 208, -52.44, 295.70
12294, 208, -52.44, 295.70, 256, 229.51, 193.41
12295, 256, 229.51, 193.41, 15, 283.67, -96.28
12296, 15, 283.67, -96.28, 204, -78.22, 290.54
12297, 204, -78.22, 290.54, 238, 138.40, 266.48
12298, 238, 138.40, 266.48, 286, 299.14, 13.75
12299, 286, 299.14, 13.75, 203, -84.24, 288.83
12300, 203, -84.24, 288.83, 223, 45.56, 296.56
12301, 223, 45.56, 296.56, 149, -298.28, 32.66
12302, 149, -298.28, 32.66, 194, -139.26, 266.48
12303, 194, -139.26, 266.48, 164, -272.49, 127.22
12304, 164, -272.49, 127.22, 281, 295.70, 46.42
12305, 281, 295.70, 46.42, 160, -281.95, 103.15
12306, 160, -281.95, 103.15, 206, -65.33, 293.12
12307, 206, -65.33, 293.12, 246, 182.23, 238.11
12308, 246, 182.23, 238.11, 140, -299.14, -25.79
12309, 140, -299.14, -25.79, 179, -217.48, 208.02
12310, 179, -217.48, 208.02, 242, 160.74, 253.58
12311, 242, 160.74, 253.58, 139, -298.28, -31.81
12312, 139, -298.28, -31.81, 191, -156.45, 257.02
12313, 191, -156.45, 257.02, 258, 237.25, 183.09
12314, 258, 237.25, 183.09, 238, 138.40, 266.48
12315, 238, 138.40, 266.48, 145, -300.00, 6.88
12316, 145, -300.00, 6.88, 278, 292.26, 65.33
12317, 278, 292.26, 65.33, 68, 25.79, -298.28
12318, 68, 25.79, -298.28, 23, 262.18, -143.55
12319, 23, 262.18, -143.55, 63, 58.45, -293.98
12320, 63, 58.45, -293.98, 156, -290.54, 78.22
12321, 156, -290.54, 78.22, 176, -230.37, 193.41
12322, 176, -230.37, 193.41, 225, 58.45, 294.84
12323, 225, 58.45, 294.84, 254, 220.92, 202.87
12324, 254, 220.92, 202.87, 11, 290.54, -70.49
12325, 11, 290.54, -70.49, 200, -103.15, 281.95
12326, 200, -103.15, 281.95, 221, 31.81, 298.28
12327, 221, 31.81, 298.28, 156, -290.54, 78.22
12328, 156, -290.54, 78.22, 287, 299.14, 6.88
12329, 287, 299.14, 6.88, 267, 269.05, 133.24
12330, 267, 269.05, 133.24, 22, 265.62, -138.40
12331, 22, 265.62, -138.40, 43, 177.08, -241.55
12332, 43, 177.08, -241.55, 63, 58.45, -293.98
12333, 63, 58.45, -293.98, 217, 6.02, 300.00
12334, 217, 6.02, 300.00, 156, -290.54, 78.22
12335, 156, -290.54, 78.22, 187, -177.94, 242.41
12336, 187, -177.94, 242.41, 229, 83.38, 288.83
12337, 229, 83.38, 288.83, 183, -198.57, 226.07
12338, 183, -198.57, 226.07, 236, 126.36, 272.49
12339, 236, 126.36, 272.49, 206, -65.33, 293.12
12340, 206, -65.33, 293.12, 226, 64.47, 293.12
12341, 226, 64.47, 293.12, 178, -221.78, 202.87
12342, 178, -221.78, 202.87, 147, -300.00, 19.77
12343, 147, -300.00, 19.77, 204, -78.22, 290.54
12344, 204, -78.22, 290.54, 137, -296.56, -45.56
12345, 137, -296.56, -45.56, 206, -65.33, 293.12
12346, 206, -65.33, 293.12, 58, 89.40, -285.39
12347, 58, 89.40, -285.39, 29, 241.55, -177.08
12348, 29, 241.55, -177.08, 79, -46.42, -295.70
12349, 79, -46.42, -295.70, 167, -263.04, 144.41
12350, 167, -263.04, 144.41, 282, 297.42, 39.54
12351, 282, 297.42, 39.54, 229, 83.38, 288.83
12352, 229, 83.38, 288.83, 138, -298.28, -38.68
12353, 138, -298.28, -38.68, 205, -71.35, 291.40
12354, 205, -71.35, 291.40, 282, 297.42, 39.54
12355, 282, 297.42, 39.54, 163, -275.07, 121.20
12356, 163, -275.07, 121.20, 208, -52.44, 295.70
12357, 208, -52.44, 295.70, 143, -300.00, -6.02
12358, 143, -300.00, -6.02, 188, -172.78, 245.85
12359, 188, -172.78, 245.85, 214, -13.75, 300.00
12360, 214, -13.75, 300.00, 137, -296.56, -45.56
12361, 137, -296.56, -45.56, 210, -39.54, 298.28
12362, 210, -39.54, 298.28, 147, -300.00, 19.77
12363, 147, -300.00, 19.77, 197, -121.20, 275.07
12364, 197, -121.20, 275.07, 153, -294.84, 59.31
12365, 153, -294.84, 59.31, 190, -161.60, 253.58
12366, 190, -161.60, 253.58, 285, 299.14, 19.77
12367, 285, 299.14, 19.77, 24, 259.60, -149.57
12368, 24, 259.60, -149.57, 60, 77.36, -289.68
12369, 60, 77.36, -289.68, 40, 192.55, -229.51
12370, 40, 192.55, -229.51, 276, 289.68, 78.22
12371, 276, 289.68, 78.22, 243, 165.90, 250.14
12372, 243, 165.90, 250.14, 219, 18.91, 300.00
12373, 219, 18.91, 300.00, 286, 299.14, 13.75
12374, 286, 299.14, 13.75, 25, 256.16, -155.59
12375, 25, 256.16, -155.59, 55, 108.31, -279.37
12376, 55, 108.31, -279.37, 192, -150.43, 260.46
12377, 192, -150.43, 260.46, 116, -245.85, -171.92
12378, 116, -245.85, -171.92, 25, 256.16, -155.59
12379, 25, 256.16, -155.59, 244, 171.92, 245.85
12380, 244, 171.92, 245.85, 286, 299.14, 13.75
12381, 286, 299.14, 13.75, 256, 229.51, 193.41
12382, 256, 229.51, 193.41, 216, -0.86, 300.00
12383, 216, -0.86, 300.00, 12, 289.68, -77.36
12384, 12, 289.68, -77.36, 37, 207.16, -216.62
12385, 37, 207.16, -216.62, 283, 297.42, 32.66
12386, 283, 297.42, 32.66, 263, 256.16, 156.45
12387, 263, 256.16, 156.45, 204, -78.22, 290.54
12388, 204, -78.22, 290.54, 226, 64.47, 293.12
12389, 226, 64.47, 293.12, 253, 216.62, 208.02
12390, 253, 216.62, 208.02, 273, 283.67, 97.13
12391, 273, 283.67, 97.13, 36, 211.46, -211.46
12392, 36, 211.46, -211.46, 56, 102.29, -281.09
12393, 56, 102.29, -281.09, 205, -71.35, 291.40
12394, 205, -71.35, 291.40, 247, 187.39, 234.67
12395, 247, 187.39, 234.67, 147, -300.00, 19.77
12396, 147, -300.00, 19.77, 229, 83.38, 288.83
12397, 229, 83.38, 288.83, 258, 237.25, 183.09
12398, 258, 237.25, 183.09, 222, 38.68, 298.28
12399, 222, 38.68, 298.28, 163, -275.07, 121.20
12400, 163, -275.07, 121.20, 6, 297.42, -38.68
12401, 6, 297.42, -38.68, 261, 249.28, 166.76
12402, 261, 249.28, 166.76, 238, 138.40, 266.48
12403, 238, 138.40, 266.48, 135, -294.84, -58.45
12404, 135, -294.84, -58.45, 207, -59.31, 294.84
12405, 207, -59.31, 294.84, 160, -281.95, 103.15
12406, 160, -281.95, 103.15, 191, -156.45, 257.02
12407, 191, -156.45, 257.02, 231, 96.28, 284.53
12408, 231, 96.28, 284.53, 275, 287.97, 84.24
12409, 275, 287.97, 84.24, 202, -90.26, 286.25
12410, 202, -90.26, 286.25, 249, 197.71, 226.07
12411, 249, 197.71, 226.07, 184, -193.41, 230.37
12412, 184, -193.41, 230.37, 139, -298.28, -31.81
12413, 139, -298.28, -31.81, 159, -284.53, 97.13
12414, 159, -284.53, 97.13, 195, -133.24, 269.91
12415, 195, -133.24, 269.91, 285, 299.14, 19.77
12416, 285, 299.14, 19.77, 241, 155.59, 257.02
12417, 241, 155.59, 257.02, 184, -193.41, 230.37
12418, 184, -193.41, 230.37, 146, -300.00, 13.75
12419, 146, -300.00, 13.75, 205, -71.35, 291.40
12420, 205, -71.35, 291.40, 244, 171.92, 245.85
12421, 244, 171.92, 245.85, 210, -39.54, 298.28
12422, 210, -39.54, 298.28, 270, 276.79, 115.19
12423, 270, 276.79, 115.19, 8, 294.84, -51.58
12424, 8, 294.84, -51.58, 249, 197.71, 226.07
12425, 249, 197.71, 226.07, 56, 102.29, -281.09
12426, 56, 102.29, -281.09, 19, 274.21, -120.34
12427, 19, 274.21, -120.34, 260, 244.99, 172.78
12428, 260, 244.99, 172.78, 210, -39.54, 298.28
12429, 210, -39.54, 298.28, 255, 225.21, 198.57
12430, 255, 225.21, 198.57, 196, -127.22, 272.49
12431, 196, -127.22, 272.49, 140, -299.14, -25.79
12432, 140, -299.14, -25.79, 209, -46.42, 296.56
12433, 209, -46.42, 296.56, 142, -300.00, -12.89
12434, 142, -300.00, -12.89, 173, -242.41, 177.94
12435, 173, -242.41, 177.94, 230, 89.40, 286.25
12436, 230, 89.40, 286.25, 141, -300.00, -18.91
12437, 141, -300.00, -18.91, 208, -52.44, 295.70
12438, 208, -52.44, 295.70, 166, -266.48, 139.26
12439, 166, -266.48, 139.26, 223, 45.56, 296.56
12440, 223, 45.56, 296.56, 166, -266.48, 139.26
12441, 166, -266.48, 139.26, 139, -298.28, -31.81
12442, 139, -298.28, -31.81, 194, -139.26, 266.48
12443, 194, -139.26, 266.48, 255, 225.21, 198.57
12444, 255, 225.21, 198.57, 88, -103.15, -281.09
12445, 88, -103.15, -281.09, 260, 244.99, 172.78
12446, 260, 244.99, 172.78, 21, 269.05, -132.38
12447, 21, 269.05, -132.38, 273, 283.67, 97.13
12448, 273, 283.67, 97.13, 34, 220.92, -202.01
12449, 34, 220.92, -202.01, 276, 289.68, 78.22
12450, 276, 289.68, 78.22, 61, 70.49, -290.54
12451, 61, 70.49, -290.54, 252, 211.46, 212.32
12452, 252, 211.46, 212.32, 214, -13.75, 300.00
12453, 214, -13.75, 300.00, 154, -293.12, 65.33
12454, 154, -293.12, 65.33, 183, -198.57, 226.07
12455, 183, -198.57, 226.07, 151, -296.56, 46.42
12456, 151, -296.56, 46.42, 202, -90.26, 286.25
12457, 202, -90.26, 286.25, 142, -300.00, -12.89
12458, 142, -300.00, -12.89, 190, -161.60, 253.58
12459, 190, -161.60, 253.58, 50, 138.40, -265.62
12460, 50, 138.40, -265.62, 30, 237.25, -182.23
12461, 30, 237.25, -182.23, 77, -32.66, -297.42
12462, 77, -32.66, -297.42, 26, 252.72, -160.74
12463, 26, 252.72, -160.74, 47, 155.59, -256.16
12464, 47, 155.59, -256.16, 12, 289.68, -77.36
12465, 12, 289.68, -77.36, 34, 220.92, -202.01
12466, 34, 220.92, -202.01, 67, 31.81, -297.42
12467, 67, 31.81, -297.42, 282, 297.42, 39.54
12468, 282, 297.42, 39.54, 40, 192.55, -229.51
12469, 40, 192.55, -229.51, 64, 51.58, -294.84
12470, 64, 51.58, -294.84, 7, 295.70, -45.56
12471, 7, 295.70, -45.56, 197, -121.20, 275.07
12472, 197, -121.20, 275.07, 231, 96.28, 284.53
12473, 231, 96.28, 284.53, 18, 276.79, -114.33
12474, 18, 276.79, -114.33, 280, 294.84, 52.44
12475, 280, 294.84, 52.44, 251, 207.16, 217.48
12476, 251, 207.16, 217.48, 217, 6.02, 300.00
12477, 217, 6.02, 300.00, 4, 298.28, -25.79
12478, 4, 298.28, -25.79, 178, -221.78, 202.87
12479, 178, -221.78, 202.87, 202, -90.26, 286.25
12480, 202, -90.26, 286.25, 146, -300.00, 13.75
12481, 146, -300.00, 13.75, 251, 207.16, 217.48
12482, 251, 207.16, 217.48, 222, 38.68, 298.28
12483, 222, 38.68, 298.28, 169, -257.02, 156.45
12484, 169, -257.02, 156.45, 230, 89.40, 286.25
12485, 230, 89.40, 286.25, 159, -284.53, 97.13
12486, 159, -284.53, 97.13, 265, 262.18, 144.41
12487, 265, 262.18, 144.41, 217, 6.02, 300.00
12488, 217, 6.02, 300.00, 11, 290.54, -70.49
12489, 11, 290.54, -70.49, 237, 132.38, 269.91
12490, 237, 132.38, 269.91, 216, -0.86, 300.00
12491, 216, -0.86, 300.00, 184, -193.41, 230.37
12492, 184, -193.41, 230.37, 233, 108.31, 280.23
12493, 233, 108.31, 280.23, 149, -298.28, 32.66
12494, 149, -298.28, 32.66, 176, -230.37, 193.41
12495, 176, -230.37, 193.41, 217, 6.02, 300.00
12496, 217, 6.02, 300.00, 46, 160.74, -252.72
12497, 46, 160.74, -252.72, 3, 299.14, -18.91
12498, 3, 299.14, -18.91, 204, -78.22, 290.54
12499, 204, -78.22, 290.54, 284, 298.28, 26.65
12500, 284, 298.28, 26.65, 264, 259.60, 150.43
12501, 264, 259.60, 150.43, 86, -90.26, -285.39
12502, 86, -90.26, -285.39, 31, 233.81, -187.39
12503, 31, 233.81, -187.39, 65, 45.56, -295.70
12504, 65, 45.56, -295.70, 218, 12.89, 300.00
12505, 218, 12.89, 300.00, 131, -288.83, -83.38
12506, 131, -288.83, -83.38, 199, -109.17, 280.23
12507, 199, -109.17, 280.23, 149, -298.28, 32.66
12508, 149, -298.28, 32.66, 198, -115.19, 277.65
12509, 198, -115.19, 277.65, 140, -299.14, -25.79
12510, 140, -299.14, -25.79, 249, 197.71, 226.07
12511, 249, 197.71, 226.07, 216, -0.86, 300.00
12512, 216, -0.86, 300.00, 163, -275.07, 121.20
12513, 163, -275.07, 121.20, 185, -188.25, 234.67
12514, 185, -188.25, 234.67, 256, 229.51, 193.41
12515, 256, 229.51, 193.41, 195, -133.24, 269.91
12516, 195, -133.24, 269.91, 109, -217.48, -207.16
12517, 109, -217.48, -207.16, 266, 265.62, 139.26
12518, 266, 265.62, 139.26, 26, 252.72, -160.74
12519, 26, 252.72, -160.74, 51, 132.38, -269.05
12520, 51, 132.38, -269.05, 215, -6.88, 300.00
12521, 215, -6.88, 300.00, 63, 58.45, -293.98
12522, 63, 58.45, -293.98, 27, 249.28, -165.90
12523, 27, 249.28, -165.90, 51, 132.38, -269.05
12524, 51, 132.38, -269.05, 12, 289.68, -77.36
12525, 12, 289.68, -77.36, 235, 120.34, 275.07
12526, 235, 120.34, 275.07, 143, -300.00, -6.02
12527, 143, -300.00, -6.02, 215, -6.88, 300.00
12528, 215, -6.88, 300.00, 49, 143.55, -262.18
12529, 49, 143.55, -262.18, 185, -188.25, 234.67
12530, 185, -188.25, 234.67, 21, 269.05, -132.38
12531, 21, 269.05, -132.38, 45, 165.90, -249.28
12532, 45, 165.90, -249.28, 66, 38.68, -297.42
12533, 66, 38.68, -297.42, 23, 262.18, -143.55
12534, 23, 262.18, -143.55, 184, -193.41, 230.37
12535, 184, -193.41, 230.37, 251, 207.16, 217.48
12536, 251, 207.16, 217.48, 112, -230.37, -192.55
12537, 112, -230.37, -192.55, 3, 299.14, -18.91
12538, 3, 299.14, -18.91, 30, 237.25, -182.23
12539, 30, 237.25, -182.23, 268, 271.63, 127.22
12540, 268, 271.63, 127.22, 12, 289.68, -77.36
12541, 12, 289.68, -77.36, 35, 216.62, -207.16
12542, 35, 216.62, -207.16, 274, 285.39, 90.26
12543, 274, 285.39, 90.26, 19, 274.21, -120.34
12544, 19, 274.21, -120.34, 57, 96.28, -283.67
12545, 57, 96.28, -283.67, 134, -293.12, -64.47
12546, 134, -293.12, -64.47, 208, -52.44, 295.70
12547, 208, -52.44, 295.70, 230, 89.40, 286.25
12548, 230, 89.40, 286.25, 276, 289.68, 78.22
12549, 276, 289.68, 78.22, 8, 294.84, -51.58
12550, 8, 294.84, -51.58, 204, -78.22, 290.54
12551, 204, -78.22, 290.54, 140, -299.14, -25.79
12552, 140, -299.14, -25.79, 161, -280.23, 109.17
12553, 161, -280.23, 109.17, 46, 160.74, -252.72
12554, 46, 160.74, -252.72, 3, 299.14, -18.91
12555, 3, 299.14, -18.91, 259, 241.55, 177.94
12556, 259, 241.55, 177.94, 223, 45.56, 296.56
12557, 223, 45.56, 296.56, 191, -156.45, 257.02
12558, 191, -156.45, 257.02, 157, -288.83, 84.24
12559, 157, -288.83, 84.24, 247, 187.39, 234.67
12560, 247, 187.39, 234.67, 192, -150.43, 260.46
12561, 192, -150.43, 260.46, 145, -300.00, 6.88
12562, 145, -300.00, 6.88, 241, 155.59, 257.02
12563, 241, 155.59, 257.02, 189, -166.76, 250.14
12564, 189, -166.76, 250.14, 168, -260.46, 150.43
12565, 168, -260.46, 150.43, 282, 297.42, 39.54
12566, 282, 297.42, 39.54, 14, 285.39, -89.40
12567, 14, 285.39, -89.40, 255, 225.21, 198.57
12568, 255, 225.21, 198.57, 170, -253.58, 161.60
12569, 170, -253.58, 161.60, 224, 51.58, 295.70
12570, 224, 51.58, 295.70, 189, -166.76, 250.14
12571, 189, -166.76, 250.14, 245, 177.08, 242.41
12572, 245, 177.08, 242.41, 155, -291.40, 71.35
12573, 155, -291.40, 71.35, 177, -226.07, 198.57
12574, 177, -226.07, 198.57, 238, 138.40, 266.48
12575, 238, 138.40, 266.48, 204, -78.22, 290.54
12576, 204, -78.22, 290.54, 139, -298.28, -31.81
12577, 139, -298.28, -31.81, 163, -275.07, 121.20
12578, 163, -275.07, 121.20, 222, 38.68, 298.28
12579, 222, 38.68, 298.28, 8, 294.84, -51.58
12580, 8, 294.84, -51.58, 202, -90.26, 286.25
12581, 202, -90.26, 286.25, 252, 211.46, 212.32
12582, 252, 211.46, 212.32, 193, -144.41, 263.04
12583, 193, -144.41, 263.04, 172, -245.85, 172.78
12584, 172, -245.85, 172.78, 223, 45.56, 296.56
12585, 223, 45.56, 296.56, 187, -177.94, 242.41
12586, 187, -177.94, 242.41, 259, 241.55, 177.94
12587, 259, 241.55, 177.94, 287, 299.14, 6.88
12588, 287, 299.14, 6.88, 157, -288.83, 84.24
12589, 157, -288.83, 84.24, 184, -193.41, 230.37
12590, 184, -193.41, 230.37, 206, -65.33, 293.12
12591, 206, -65.33, 293.12, 250, 202.01, 221.78
12592, 250, 202.01, 221.78, 2, 299.14, -12.89
12593, 2, 299.14, -12.89, 168, -260.46, 150.43
12594, 168, -260.46, 150.43, 228, 77.36, 290.54
12595, 228, 77.36, 290.54, 201, -97.13, 284.53
12596, 201, -97.13, 284.53, 238, 138.40, 266.48
12597, 238, 138.40, 266.48, 148, -299.14, 26.65
12598, 148, -299.14, 26.65, 175, -234.67, 188.25
12599, 175, -234.67, 188.25, 239, 143.55, 263.04
12600, 239, 143.55, 263.04, 201, -97.13, 284.53
12601, 201, -97.13, 284.53, 140, -299.14, -25.79
12602, 140, -299.14, -25.79, 199, -109.17, 280.23
12603, 199, -109.17, 280.23, 140, -299.14, -25.79
12604, 140, -299.14, -25.79, 287, 299.14, 6.88
12605, 287, 299.14, 6.88, 239, 143.55, 263.04
12606, 239, 143.55, 263.04, 281, 295.70, 46.42
12607, 281, 295.70, 46.42, 259, 241.55, 177.94
12608, 259, 241.55, 177.94, 190, -161.60, 253.58
12609, 190, -161.60, 253.58, 140, -299.14, -25.79
12610, 140, -299.14, -25.79, 220, 25.79, 299.14
12611, 220, 25.79, 299.14, 267, 269.05, 133.24
12612, 267, 269.05, 133.24, 21, 269.05, -132.38
12613, 21, 269.05, -132.38, 279, 293.98, 59.31
12614, 279, 293.98, 59.31, 41, 187.39, -233.81
12615, 41, 187.39, -233.81, 71, 6.02, -299.14
12616, 71, 6.02, -299.14, 27, 249.28, -165.90
12617, 27, 249.28, -165.90, 67, 31.81, -297.42
12618, 67, 31.81, -297.42, 39, 197.71, -225.21
12619, 39, 197.71, -225.21, 166, -266.48, 139.26
12620, 166, -266.48, 139.26, 214, -13.75, 300.00
12621, 214, -13.75, 300.00, 192, -150.43, 260.46
12622, 192, -150.43, 260.46, 136, -295.70, -51.58
12623, 136, -295.70, -51.58, 212, -26.65, 299.14
12624, 212, -26.65, 299.14, 252, 211.46, 212.32
12625, 252, 211.46, 212.32, 185, -188.25, 234.67
12626, 185, -188.25, 234.67, 250, 202.01, 221.78
12627, 250, 202.01, 221.78, 173, -242.41, 177.94
